split,held_out,model,medium,dist,rate,bits,y_true,y_pred
LODO,15cm,Mean,clean,15,0.4,6,-5.0,-2.1589479573538
LODO,15cm,Mean,clean,15,0.4,7,-4.292256140843599,-2.1589479573538
LODO,15cm,Mean,clean,15,0.4,8,-3.4727117410016213,-2.1589479573538
LODO,15cm,Mean,clean,15,0.8,6,-3.9923332864913306,-2.1589479573538
LODO,15cm,Mean,clean,15,0.8,7,-3.787106907339487,-2.1589479573538
LODO,15cm,Mean,clean,15,0.8,8,-3.1988344282227414,-2.1589479573538
LODO,15cm,Mean,clean,15,1.2,6,-3.7135794609622215,-2.1589479573538
LODO,15cm,Mean,clean,15,1.2,7,-3.400161669109649,-2.1589479573538
LODO,15cm,Mean,clean,15,1.2,8,-2.6773590239814253,-2.1589479573538
LODO,15cm,Mean,clean,15,1.6,6,-2.59093125566616,-2.1589479573538
LODO,15cm,Mean,clean,15,1.6,7,-2.0822052321914373,-2.1589479573538
LODO,15cm,Mean,clean,15,1.6,8,-1.7207803540670539,-2.1589479573538
LODO,15cm,Mean,clean,15,2.0,6,-3.4360303116186985,-2.1589479573538
LODO,15cm,Mean,clean,15,2.0,7,-2.65878713098332,-2.1589479573538
LODO,15cm,Mean,clean,15,2.0,8,-2.135101667742214,-2.1589479573538
LODO,15cm,Mean,clean,15,2.4,6,-1.8905868336837626,-2.1589479573538
LODO,15cm,Mean,clean,15,2.4,7,-1.5106448920505253,-2.1589479573538
LODO,15cm,Mean,clean,15,2.4,8,-1.3363763312592294,-2.1589479573538
LODO,15cm,Mean,clean,15,2.8,6,-1.5756918145944447,-2.1589479573538
LODO,15cm,Mean,clean,15,2.8,7,-1.3093521342564098,-2.1589479573538
LODO,15cm,Mean,clean,15,2.8,8,-1.2225137290127268,-2.1589479573538
LODO,15cm,Mean,clean,15,3.2,6,-1.3203268598620361,-2.1589479573538
LODO,15cm,Mean,clean,15,3.2,7,-1.1472462187739316,-2.1589479573538
LODO,15cm,Mean,clean,15,3.2,8,-1.0737203350764402,-2.1589479573538
LODO,15cm,Mean,clean,15,3.6,6,-0.9465028372069162,-2.1589479573538
LODO,15cm,Mean,clean,15,3.6,7,-0.8116453325269029,-2.1589479573538
LODO,15cm,Mean,clean,15,3.6,8,-0.7978796540604527,-2.1589479573538
LODO,15cm,Mean,clean,15,4.0,6,-1.0702822803037129,-2.1589479573538
LODO,15cm,Mean,clean,15,4.0,7,-0.9837775434857966,-2.1589479573538
LODO,15cm,Mean,clean,15,4.0,8,-0.9409252962760815,-2.1589479573538
LODO,15cm,Mean,pump,15,0.4,6,-5.0,-2.1589479573538
LODO,15cm,Mean,pump,15,0.4,7,-4.292256140843599,-2.1589479573538
LODO,15cm,Mean,pump,15,0.4,8,-3.3577571353193387,-2.1589479573538
LODO,15cm,Mean,pump,15,0.8,6,-4.08924276613091,-2.1589479573538
LODO,15cm,Mean,pump,15,0.8,7,-3.787106907339487,-2.1589479573538
LODO,15cm,Mean,pump,15,0.8,8,-3.1777207450109,-2.1589479573538
LODO,15cm,Mean,pump,15,1.2,6,-3.870867831827578,-2.1589479573538
LODO,15cm,Mean,pump,15,1.2,7,-3.6690062018996525,-2.1589479573538
LODO,15cm,Mean,pump,15,1.2,8,-3.0669467172482054,-2.1589479573538
LODO,15cm,Mean,pump,15,1.6,6,-2.562580832003996,-2.1589479573538
LODO,15cm,Mean,pump,15,1.6,7,-2.0457574905606752,-2.1589479573538
LODO,15cm,Mean,pump,15,1.6,8,-1.8567290727866033,-2.1589479573538
LODO,15cm,Mean,pump,15,2.0,6,-3.487182241435127,-2.1589479573538
LODO,15cm,Mean,pump,15,2.0,7,-2.728774274004482,-2.1589479573538
LODO,15cm,Mean,pump,15,2.0,8,-2.4942966489158875,-2.1589479573538
LODO,15cm,Mean,pump,15,2.4,6,-1.973319680401383,-2.1589479573538
LODO,15cm,Mean,pump,15,2.4,7,-1.5434487478876098,-2.1589479573538
LODO,15cm,Mean,pump,15,2.4,8,-1.401053087875172,-2.1589479573538
LODO,15cm,Mean,pump,15,2.8,6,-1.614116795599882,-2.1589479573538
LODO,15cm,Mean,pump,15,2.8,7,-1.325832631572153,-2.1589479573538
LODO,15cm,Mean,pump,15,2.8,8,-1.254590243504276,-2.1589479573538
LODO,15cm,Mean,pump,15,3.2,6,-1.351652676458919,-2.1589479573538
LODO,15cm,Mean,pump,15,3.2,7,-1.1724065285977316,-2.1589479573538
LODO,15cm,Mean,pump,15,3.2,8,-1.0876477278036376,-2.1589479573538
LODO,15cm,Mean,pump,15,3.6,6,-0.9149271588688055,-2.1589479573538
LODO,15cm,Mean,pump,15,3.6,7,-0.7705690307123094,-2.1589479573538
LODO,15cm,Mean,pump,15,3.6,8,-0.771799894134166,-2.1589479573538
LODO,15cm,Mean,pump,15,4.0,6,-1.0787704241202385,-2.1589479573538
LODO,15cm,Mean,pump,15,4.0,7,-0.9770852275177909,-2.1589479573538
LODO,15cm,Mean,pump,15,4.0,8,-0.9489671663010615,-2.1589479573538
LODO,15cm,Ridge(poly),clean,15,0.4,6,-5.0,-4.7176609570688735
LODO,15cm,Ridge(poly),clean,15,0.4,7,-4.292256140843599,-4.25426973233767
LODO,15cm,Ridge(poly),clean,15,0.4,8,-3.4727117410016213,-3.7908785076064677
LODO,15cm,Ridge(poly),clean,15,0.8,6,-3.9923332864913306,-4.131552648281941
LODO,15cm,Ridge(poly),clean,15,0.8,7,-3.787106907339487,-3.7032815789294977
LODO,15cm,Ridge(poly),clean,15,0.8,8,-3.1988344282227414,-3.2750105095770548
LODO,15cm,Ridge(poly),clean,15,1.2,6,-3.7135794609622215,-3.589806629690581
LODO,15cm,Ridge(poly),clean,15,1.2,7,-3.400161669109649,-3.196655715716898
LODO,15cm,Ridge(poly),clean,15,1.2,8,-2.6773590239814253,-2.8035048017432147
LODO,15cm,Ridge(poly),clean,15,1.6,6,-2.59093125566616,-3.0924229012947917
LODO,15cm,Ridge(poly),clean,15,1.6,7,-2.0822052321914373,-2.7343921426998685
LODO,15cm,Ridge(poly),clean,15,1.6,8,-1.7207803540670539,-2.3763613841049454
LODO,15cm,Ridge(poly),clean,15,2.0,6,-3.4360303116186985,-2.6394014630945746
LODO,15cm,Ridge(poly),clean,15,2.0,7,-2.65878713098332,-2.3164908598784115
LODO,15cm,Ridge(poly),clean,15,2.0,8,-2.135101667742214,-1.9935802566622485
LODO,15cm,Ridge(poly),clean,15,2.4,6,-1.8905868336837626,-2.2307423150899286
LODO,15cm,Ridge(poly),clean,15,2.4,7,-1.5106448920505253,-1.942951867252526
LODO,15cm,Ridge(poly),clean,15,2.4,8,-1.3363763312592294,-1.655161419415123
LODO,15cm,Ridge(poly),clean,15,2.8,6,-1.5756918145944447,-1.8664454572808544
LODO,15cm,Ridge(poly),clean,15,2.8,7,-1.3093521342564098,-1.6137751648222118
LODO,15cm,Ridge(poly),clean,15,2.8,8,-1.2225137290127268,-1.361104872363569
LODO,15cm,Ridge(poly),clean,15,3.2,6,-1.3203268598620361,-1.5465108896673523
LODO,15cm,Ridge(poly),clean,15,3.2,7,-1.1472462187739316,-1.3289607525874694
LODO,15cm,Ridge(poly),clean,15,3.2,8,-1.0737203350764402,-1.1114106155075865
LODO,15cm,Ridge(poly),clean,15,3.6,6,-0.9465028372069162,-1.2709386122494215
LODO,15cm,Ridge(poly),clean,15,3.6,7,-0.8116453325269029,-1.0885086305482985
LODO,15cm,Ridge(poly),clean,15,3.6,8,-0.7978796540604527,-0.9060786488471755
LODO,15cm,Ridge(poly),clean,15,4.0,6,-1.0702822803037129,-1.0397286250270628
LODO,15cm,Ridge(poly),clean,15,4.0,7,-0.9837775434857966,-0.8924187987047001
LODO,15cm,Ridge(poly),clean,15,4.0,8,-0.9409252962760815,-0.7451089723823374
LODO,15cm,Ridge(poly),pump,15,0.4,6,-5.0,-4.638189734605309
LODO,15cm,Ridge(poly),pump,15,0.4,7,-4.292256140843599,-4.174798509874105
LODO,15cm,Ridge(poly),pump,15,0.4,8,-3.3577571353193387,-3.711407285142902
LODO,15cm,Ridge(poly),pump,15,0.8,6,-4.08924276613091,-4.0520814258183755
LODO,15cm,Ridge(poly),pump,15,0.8,7,-3.787106907339487,-3.6238103564659325
LODO,15cm,Ridge(poly),pump,15,0.8,8,-3.1777207450109,-3.1955392871134896
LODO,15cm,Ridge(poly),pump,15,1.2,6,-3.870867831827578,-3.510335407227015
LODO,15cm,Ridge(poly),pump,15,1.2,7,-3.6690062018996525,-3.1171844932533324
LODO,15cm,Ridge(poly),pump,15,1.2,8,-3.0669467172482054,-2.7240335792796495
LODO,15cm,Ridge(poly),pump,15,1.6,6,-2.562580832003996,-3.012951678831226
LODO,15cm,Ridge(poly),pump,15,1.6,7,-2.0457574905606752,-2.6549209202363033
LODO,15cm,Ridge(poly),pump,15,1.6,8,-1.8567290727866033,-2.29689016164138
LODO,15cm,Ridge(poly),pump,15,2.0,6,-3.487182241435127,-2.559930240631009
LODO,15cm,Ridge(poly),pump,15,2.0,7,-2.728774274004482,-2.237019637414846
LODO,15cm,Ridge(poly),pump,15,2.0,8,-2.4942966489158875,-1.9141090341986828
LODO,15cm,Ridge(poly),pump,15,2.4,6,-1.973319680401383,-2.1512710926263634
LODO,15cm,Ridge(poly),pump,15,2.4,7,-1.5434487478876098,-1.8634806447889605
LODO,15cm,Ridge(poly),pump,15,2.4,8,-1.401053087875172,-1.5756901969515575
LODO,15cm,Ridge(poly),pump,15,2.8,6,-1.614116795599882,-1.786974234817289
LODO,15cm,Ridge(poly),pump,15,2.8,7,-1.325832631572153,-1.5343039423586462
LODO,15cm,Ridge(poly),pump,15,2.8,8,-1.254590243504276,-1.2816336499000034
LODO,15cm,Ridge(poly),pump,15,3.2,6,-1.351652676458919,-1.4670396672037869
LODO,15cm,Ridge(poly),pump,15,3.2,7,-1.1724065285977316,-1.249489530123904
LODO,15cm,Ridge(poly),pump,15,3.2,8,-1.0876477278036376,-1.031939393044021
LODO,15cm,Ridge(poly),pump,15,3.6,6,-0.9149271588688055,-1.191467389785856
LODO,15cm,Ridge(poly),pump,15,3.6,7,-0.7705690307123094,-1.009037408084733
LODO,15cm,Ridge(poly),pump,15,3.6,8,-0.771799894134166,-0.8266074263836101
LODO,15cm,Ridge(poly),pump,15,4.0,6,-1.0787704241202385,-0.9602574025634971
LODO,15cm,Ridge(poly),pump,15,4.0,7,-0.9770852275177909,-0.8129475762411347
LODO,15cm,Ridge(poly),pump,15,4.0,8,-0.9489671663010615,-0.6656377499187718
LODO,15cm,GBM,clean,15,0.4,6,-5.0,-4.816724151739972
LODO,15cm,GBM,clean,15,0.4,7,-4.292256140843599,-4.220528710600681
LODO,15cm,GBM,clean,15,0.4,8,-3.4727117410016213,-3.588737779537883
LODO,15cm,GBM,clean,15,0.8,6,-3.9923332864913306,-3.948010405545047
LODO,15cm,GBM,clean,15,0.8,7,-3.787106907339487,-3.511869300143605
LODO,15cm,GBM,clean,15,0.8,8,-3.1988344282227414,-3.2940387018436805
LODO,15cm,GBM,clean,15,1.2,6,-3.7135794609622215,-3.7674808449079342
LODO,15cm,GBM,clean,15,1.2,7,-3.400161669109649,-3.417390210104129
LODO,15cm,GBM,clean,15,1.2,8,-2.6773590239814253,-2.843638920835926
LODO,15cm,GBM,clean,15,1.6,6,-2.59093125566616,-2.662651526813254
LODO,15cm,GBM,clean,15,1.6,7,-2.0822052321914373,-2.312749029691001
LODO,15cm,GBM,clean,15,1.6,8,-1.7207803540670539,-1.9020457153216448
LODO,15cm,GBM,clean,15,2.0,6,-3.4360303116186985,-3.1740834952121015
LODO,15cm,GBM,clean,15,2.0,7,-2.65878713098332,-2.597901457781949
LODO,15cm,GBM,clean,15,2.0,8,-2.135101667742214,-2.2812427905852926
LODO,15cm,GBM,clean,15,2.4,6,-1.8905868336837626,-1.9826813320880037
LODO,15cm,GBM,clean,15,2.4,7,-1.5106448920505253,-1.5790447756908992
LODO,15cm,GBM,clean,15,2.4,8,-1.3363763312592294,-1.3552397754539014
LODO,15cm,GBM,clean,15,2.8,6,-1.5756918145944447,-1.6508213988671674
LODO,15cm,GBM,clean,15,2.8,7,-1.3093521342564098,-1.3715627812765132
LODO,15cm,GBM,clean,15,2.8,8,-1.2225137290127268,-1.20318831326118
LODO,15cm,GBM,clean,15,3.2,6,-1.3203268598620361,-1.3895249362511022
LODO,15cm,GBM,clean,15,3.2,7,-1.1472462187739316,-1.1721569126236484
LODO,15cm,GBM,clean,15,3.2,8,-1.0737203350764402,-1.1132371278003839
LODO,15cm,GBM,clean,15,3.6,6,-0.9465028372069162,-0.9884434087636617
LODO,15cm,GBM,clean,15,3.6,7,-0.8116453325269029,-0.8953253426173948
LODO,15cm,GBM,clean,15,3.6,8,-0.7978796540604527,-0.8820920181751979
LODO,15cm,GBM,clean,15,4.0,6,-1.0702822803037129,-1.0452333114288301
LODO,15cm,GBM,clean,15,4.0,7,-0.9837775434857966,-0.9521152452825632
LODO,15cm,GBM,clean,15,4.0,8,-0.9409252962760815,-0.9365377217417054
LODO,15cm,GBM,pump,15,0.4,6,-5.0,-4.651578776918497
LODO,15cm,GBM,pump,15,0.4,7,-4.292256140843599,-4.152930826161864
LODO,15cm,GBM,pump,15,0.4,8,-3.3577571353193387,-3.5141852667432745
LODO,15cm,GBM,pump,15,0.8,6,-4.08924276613091,-3.9317735277651544
LODO,15cm,GBM,pump,15,0.8,7,-3.787106907339487,-3.501422962383983
LODO,15cm,GBM,pump,15,0.8,8,-3.1777207450109,-3.2766377357282623
LODO,15cm,GBM,pump,15,1.2,6,-3.870867831827578,-3.7608799096435974
LODO,15cm,GBM,pump,15,1.2,7,-3.6690062018996525,-3.406943872344507
LODO,15cm,GBM,pump,15,1.2,8,-3.0669467172482054,-2.826237954720508
LODO,15cm,GBM,pump,15,1.6,6,-2.562580832003996,-2.6599090741355975
LODO,15cm,GBM,pump,15,1.6,7,-2.0457574905606752,-2.3061611745180595
LODO,15cm,GBM,pump,15,1.6,8,-1.8567290727866033,-1.8885032317929058
LODO,15cm,GBM,pump,15,2.0,6,-3.487182241435127,-3.1713410425344453
LODO,15cm,GBM,pump,15,2.0,7,-2.728774274004482,-2.5913136026090076
LODO,15cm,GBM,pump,15,2.0,8,-2.4942966489158875,-2.267700307056555
LODO,15cm,GBM,pump,15,2.4,6,-1.973319680401383,-1.9799388794103456
LODO,15cm,GBM,pump,15,2.4,7,-1.5434487478876098,-1.572456920517956
LODO,15cm,GBM,pump,15,2.4,8,-1.401053087875172,-1.341697291925162
LODO,15cm,GBM,pump,15,2.8,6,-1.614116795599882,-1.6480789461895093
LODO,15cm,GBM,pump,15,2.8,7,-1.325832631572153,-1.36497492610357
LODO,15cm,GBM,pump,15,2.8,8,-1.254590243504276,-1.1896458297324406
LODO,15cm,GBM,pump,15,3.2,6,-1.351652676458919,-1.3867824835734441
LODO,15cm,GBM,pump,15,3.2,7,-1.1724065285977316,-1.1655690574507052
LODO,15cm,GBM,pump,15,3.2,8,-1.0876477278036376,-1.0996946442716444
LODO,15cm,GBM,pump,15,3.6,6,-0.9149271588688055,-0.9857009560860035
LODO,15cm,GBM,pump,15,3.6,7,-0.7705690307123094,-0.8887374874444515
LODO,15cm,GBM,pump,15,3.6,8,-0.771799894134166,-0.8685495346464585
LODO,15cm,GBM,pump,15,4.0,6,-1.0787704241202385,-1.042490858751172
LODO,15cm,GBM,pump,15,4.0,7,-0.9770852275177909,-0.9455273901096198
LODO,15cm,GBM,pump,15,4.0,8,-0.9489671663010615,-0.9229952382129659
LODO,15cm,MLP,clean,15,0.4,6,-5.0,-4.610471761317737
LODO,15cm,MLP,clean,15,0.4,7,-4.292256140843599,-4.0560874234809505
LODO,15cm,MLP,clean,15,0.4,8,-3.4727117410016213,-3.5556222882759263
LODO,15cm,MLP,clean,15,0.8,6,-3.9923332864913306,-4.159626832450614
LODO,15cm,MLP,clean,15,0.8,7,-3.787106907339487,-3.6026321229747253
LODO,15cm,MLP,clean,15,0.8,8,-3.1988344282227414,-3.0960071107654774
LODO,15cm,MLP,clean,15,1.2,6,-3.7135794609622215,-3.6820504289569724
LODO,15cm,MLP,clean,15,1.2,7,-3.400161669109649,-3.1817615945063906
LODO,15cm,MLP,clean,15,1.2,8,-2.6773590239814253,-2.6693427865970163
LODO,15cm,MLP,clean,15,1.6,6,-2.59093125566616,-3.231968278933023
LODO,15cm,MLP,clean,15,1.6,7,-2.0822052321914373,-2.7025493137088414
LODO,15cm,MLP,clean,15,1.6,8,-1.7207803540670539,-2.2405415121138055
LODO,15cm,MLP,clean,15,2.0,6,-3.4360303116186985,-2.7713155572058863
LODO,15cm,MLP,clean,15,2.0,7,-2.65878713098332,-2.233506915018121
LODO,15cm,MLP,clean,15,2.0,8,-2.135101667742214,-1.867797096986654
LODO,15cm,MLP,clean,15,2.4,6,-1.8905868336837626,-2.3098838967202586
LODO,15cm,MLP,clean,15,2.4,7,-1.5106448920505253,-1.777964406232608
LODO,15cm,MLP,clean,15,2.4,8,-1.3363763312592294,-1.5197130672880865
LODO,15cm,MLP,clean,15,2.8,6,-1.5756918145944447,-1.853108262644697
LODO,15cm,MLP,clean,15,2.8,7,-1.3093521342564098,-1.4128352195431533
LODO,15cm,MLP,clean,15,2.8,8,-1.2225137290127268,-1.1940226239918572
LODO,15cm,MLP,clean,15,3.2,6,-1.3203268598620361,-1.4096964286294569
LODO,15cm,MLP,clean,15,3.2,7,-1.1472462187739316,-1.097688328426794
LODO,15cm,MLP,clean,15,3.2,8,-1.0737203350764402,-0.9342277519764017
LODO,15cm,MLP,clean,15,3.6,6,-0.9465028372069162,-1.151111623401733
LODO,15cm,MLP,clean,15,3.6,7,-0.8116453325269029,-0.8693753135696932
LODO,15cm,MLP,clean,15,3.6,8,-0.7978796540604527,-0.8359335569639608
LODO,15cm,MLP,clean,15,4.0,6,-1.0702822803037129,-0.9604035338313672
LODO,15cm,MLP,clean,15,4.0,7,-0.9837775434857966,-0.7829315741289944
LODO,15cm,MLP,clean,15,4.0,8,-0.9409252962760815,-0.7857498548031605
LODO,15cm,MLP,pump,15,0.4,6,-5.0,-4.446755998814369
LODO,15cm,MLP,pump,15,0.4,7,-4.292256140843599,-3.9677228562748468
LODO,15cm,MLP,pump,15,0.4,8,-3.3577571353193387,-3.5906724564642403
LODO,15cm,MLP,pump,15,0.8,6,-4.08924276613091,-4.038078329199616
LODO,15cm,MLP,pump,15,0.8,7,-3.787106907339487,-3.5088543462444353
LODO,15cm,MLP,pump,15,0.8,8,-3.1777207450109,-3.1757593441784637
LODO,15cm,MLP,pump,15,1.2,6,-3.870867831827578,-3.586180297730156
LODO,15cm,MLP,pump,15,1.2,7,-3.6690062018996525,-3.051055202243524
LODO,15cm,MLP,pump,15,1.2,8,-3.0669467172482054,-2.779645121709674
LODO,15cm,MLP,pump,15,1.6,6,-2.562580832003996,-3.1219013010680046
LODO,15cm,MLP,pump,15,1.6,7,-2.0457574905606752,-2.631628987176756
LODO,15cm,MLP,pump,15,1.6,8,-1.8567290727866033,-2.37841039891204
LODO,15cm,MLP,pump,15,2.0,6,-3.487182241435127,-2.717645386656801
LODO,15cm,MLP,pump,15,2.0,7,-2.728774274004482,-2.2128452182012746
LODO,15cm,MLP,pump,15,2.0,8,-2.4942966489158875,-1.9146319334139832
LODO,15cm,MLP,pump,15,2.4,6,-1.973319680401383,-2.3249023231344195
LODO,15cm,MLP,pump,15,2.4,7,-1.5434487478876098,-1.796650869439241
LODO,15cm,MLP,pump,15,2.4,8,-1.401053087875172,-1.4651198890965997
LODO,15cm,MLP,pump,15,2.8,6,-1.614116795599882,-1.9291428147833471
LODO,15cm,MLP,pump,15,2.8,7,-1.325832631572153,-1.4088844994738168
LODO,15cm,MLP,pump,15,2.8,8,-1.254590243504276,-1.164289771301522
LODO,15cm,MLP,pump,15,3.2,6,-1.351652676458919,-1.5349711701514517
LODO,15cm,MLP,pump,15,3.2,7,-1.1724065285977316,-1.0132546609197823
LODO,15cm,MLP,pump,15,3.2,8,-1.0876477278036376,-0.9570596375052447
LODO,15cm,MLP,pump,15,3.6,6,-0.9149271588688055,-1.1794524351710343
LODO,15cm,MLP,pump,15,3.6,7,-0.7705690307123094,-0.744096601864055
LODO,15cm,MLP,pump,15,3.6,8,-0.771799894134166,-0.8792499579028845
LODO,15cm,MLP,pump,15,4.0,6,-1.0787704241202385,-0.8854929677029637
LODO,15cm,MLP,pump,15,4.0,7,-0.9770852275177909,-0.6911701913911108
LODO,15cm,MLP,pump,15,4.0,8,-0.9489671663010615,-0.8368522388420745
LODO,20cm,Mean,clean,20,0.4,6,-5.0,-2.16236949111102
LODO,20cm,Mean,clean,20,0.4,7,-3.991225293963131,-2.16236949111102
LODO,20cm,Mean,clean,20,0.4,8,-3.51410545793854,-2.16236949111102
LODO,20cm,Mean,clean,20,0.8,6,-3.9923332864913306,-2.16236949111102
LODO,20cm,Mean,clean,20,0.8,7,-3.3191280699118724,-2.16236949111102
LODO,20cm,Mean,clean,20,0.8,8,-3.3284680174225545,-2.16236949111102
LODO,20cm,Mean,clean,20,1.2,6,-3.9509409892378637,-2.16236949111102
LODO,20cm,Mean,clean,20,1.2,7,-3.205896226442565,-2.16236949111102
LODO,20cm,Mean,clean,20,1.2,8,-3.066948237281299,-2.16236949111102
LODO,20cm,Mean,clean,20,1.6,6,-2.468586232016332,-2.16236949111102
LODO,20cm,Mean,clean,20,1.6,7,-2.0130456318225076,-2.16236949111102
LODO,20cm,Mean,clean,20,1.6,8,-1.7212463990471711,-2.16236949111102
LODO,20cm,Mean,clean,20,2.0,6,-3.329575083770747,-2.16236949111102
LODO,20cm,Mean,clean,20,2.0,7,-2.660812992344431,-2.16236949111102
LODO,20cm,Mean,clean,20,2.0,8,-2.151748053458354,-2.16236949111102
LODO,20cm,Mean,clean,20,2.4,6,-1.94272577451758,-2.16236949111102
LODO,20cm,Mean,clean,20,2.4,7,-1.5002854312588756,-2.16236949111102
LODO,20cm,Mean,clean,20,2.4,8,-1.3805654229571516,-2.16236949111102
LODO,20cm,Mean,clean,20,2.8,6,-1.5835841858538846,-2.16236949111102
LODO,20cm,Mean,clean,20,2.8,7,-1.3189433770125585,-2.16236949111102
LODO,20cm,Mean,clean,20,2.8,8,-1.2409489135610814,-2.16236949111102
LODO,20cm,Mean,clean,20,3.2,6,-1.3343214678283366,-2.16236949111102
LODO,20cm,Mean,clean,20,3.2,7,-1.1623086815084707,-2.16236949111102
LODO,20cm,Mean,clean,20,3.2,8,-1.078897483897625,-2.16236949111102
LODO,20cm,Mean,clean,20,3.6,6,-0.9374894640309991,-2.16236949111102
LODO,20cm,Mean,clean,20,3.6,7,-0.7698628606674471,-2.16236949111102
LODO,20cm,Mean,clean,20,3.6,8,-0.7826503130122314,-2.16236949111102
LODO,20cm,Mean,clean,20,4.0,6,-1.0642952808817916,-2.16236949111102
LODO,20cm,Mean,clean,20,4.0,7,-0.9762003859779802,-2.16236949111102
LODO,20cm,Mean,clean,20,4.0,8,-0.9500303680046953,-2.16236949111102
LODO,20cm,Mean,pump,20,0.4,6,-4.515210609457187,-2.16236949111102
LODO,20cm,Mean,pump,20,0.4,7,-4.934319471943227,-2.16236949111102
LODO,20cm,Mean,pump,20,0.4,8,-3.243037722965555,-2.16236949111102
LODO,20cm,Mean,pump,20,0.8,6,-3.9923332864913306,-2.16236949111102
LODO,20cm,Mean,pump,20,0.8,7,-3.1219943794368965,-2.16236949111102
LODO,20cm,Mean,pump,20,0.8,8,-3.072147868202236,-2.16236949111102
LODO,20cm,Mean,pump,20,1.2,6,-3.816240605121168,-2.16236949111102
LODO,20cm,Mean,pump,20,1.2,7,-3.6294980130865357,-2.16236949111102
LODO,20cm,Mean,pump,20,1.2,8,-3.0618071193221224,-2.16236949111102
LODO,20cm,Mean,pump,20,1.6,6,-2.6139346535564973,-2.16236949111102
LODO,20cm,Mean,pump,20,1.6,7,-2.0340977821449457,-2.16236949111102
LODO,20cm,Mean,pump,20,1.6,8,-1.803704960043046,-2.16236949111102
LODO,20cm,Mean,pump,20,2.0,6,-3.358864136292462,-2.16236949111102
LODO,20cm,Mean,pump,20,2.0,7,-2.685875652234882,-2.16236949111102
LODO,20cm,Mean,pump,20,2.0,8,-2.3219088417391536,-2.16236949111102
LODO,20cm,Mean,pump,20,2.4,6,-1.9597142010675082,-2.16236949111102
LODO,20cm,Mean,pump,20,2.4,7,-1.5745848029316636,-2.16236949111102
LODO,20cm,Mean,pump,20,2.4,8,-1.3777009921572136,-2.16236949111102
LODO,20cm,Mean,pump,20,2.8,6,-1.6407300374694829,-2.16236949111102
LODO,20cm,Mean,pump,20,2.8,7,-1.3380132530856295,-2.16236949111102
LODO,20cm,Mean,pump,20,2.8,8,-1.2457610162782549,-2.16236949111102
LODO,20cm,Mean,pump,20,3.2,6,-1.3473031550338903,-2.16236949111102
LODO,20cm,Mean,pump,20,3.2,7,-1.185589241443123,-2.16236949111102
LODO,20cm,Mean,pump,20,3.2,8,-1.0905311593138187,-2.16236949111102
LODO,20cm,Mean,pump,20,3.6,6,-0.9136579686441707,-2.16236949111102
LODO,20cm,Mean,pump,20,3.6,7,-0.7638029515184591,-2.16236949111102
LODO,20cm,Mean,pump,20,3.6,8,-0.7584086977447001,-2.16236949111102
LODO,20cm,Mean,pump,20,4.0,6,-1.0734116600101489,-2.16236949111102
LODO,20cm,Mean,pump,20,4.0,7,-0.9729849073839125,-2.16236949111102
LODO,20cm,Mean,pump,20,4.0,8,-0.9413879976279637,-2.16236949111102
LODO,20cm,Ridge(poly),clean,20,0.4,6,-5.0,-4.716186141978186
LODO,20cm,Ridge(poly),clean,20,0.4,7,-3.991225293963131,-4.237047098297859
LODO,20cm,Ridge(poly),clean,20,0.4,8,-3.51410545793854,-3.7579080546175314
LODO,20cm,Ridge(poly),clean,20,0.8,6,-3.9923332864913306,-4.126286369885749
LODO,20cm,Ridge(poly),clean,20,0.8,7,-3.3191280699118724,-3.682952723935096
LODO,20cm,Ridge(poly),clean,20,0.8,8,-3.3284680174225545,-3.2396190779844423
LODO,20cm,Ridge(poly),clean,20,1.2,6,-3.9509409892378637,-3.5810525635455264
LODO,20cm,Ridge(poly),clean,20,1.2,7,-3.205896226442565,-3.173524315324547
LODO,20cm,Ridge(poly),clean,20,1.2,8,-3.066948237281299,-2.7659960671035675
LODO,20cm,Ridge(poly),clean,20,1.6,6,-2.468586232016332,-3.080484722957516
LODO,20cm,Ridge(poly),clean,20,1.6,7,-2.0130456318225076,-2.7087618724662104
LODO,20cm,Ridge(poly),clean,20,1.6,8,-1.7212463990471711,-2.3370390219749044
LODO,20cm,Ridge(poly),clean,20,2.0,6,-3.329575083770747,-2.6245828481217184
LODO,20cm,Ridge(poly),clean,20,2.0,7,-2.660812992344431,-2.2886653953600864
LODO,20cm,Ridge(poly),clean,20,2.0,8,-2.151748053458354,-1.9527479425984544
LODO,20cm,Ridge(poly),clean,20,2.4,6,-1.94272577451758,-2.213346939038134
LODO,20cm,Ridge(poly),clean,20,2.4,7,-1.5002854312588756,-1.913234884006176
LODO,20cm,Ridge(poly),clean,20,2.4,8,-1.3805654229571516,-1.6131228289742174
LODO,20cm,Ridge(poly),clean,20,2.8,6,-1.5835841858538846,-1.8467769957067621
LODO,20cm,Ridge(poly),clean,20,2.8,7,-1.3189433770125585,-1.5824703384044776
LODO,20cm,Ridge(poly),clean,20,2.8,8,-1.2409489135610814,-1.3181636811021935
LODO,20cm,Ridge(poly),clean,20,3.2,6,-1.3343214678283366,-1.5248730181276033
LODO,20cm,Ridge(poly),clean,20,3.2,7,-1.1623086815084707,-1.2963717585549928
LODO,20cm,Ridge(poly),clean,20,3.2,8,-1.078897483897625,-1.0678704989823822
LODO,20cm,Ridge(poly),clean,20,3.6,6,-0.9374894640309991,-1.2476350063006574
LODO,20cm,Ridge(poly),clean,20,3.6,7,-0.7698628606674471,-1.05493914445772
LODO,20cm,Ridge(poly),clean,20,3.6,8,-0.7826503130122314,-0.8622432826147834
LODO,20cm,Ridge(poly),clean,20,4.0,6,-1.0642952808817916,-1.0150629602259242
LODO,20cm,Ridge(poly),clean,20,4.0,7,-0.9762003859779802,-0.8581724961126611
LODO,20cm,Ridge(poly),clean,20,4.0,8,-0.9500303680046953,-0.7012820319993982
LODO,20cm,Ridge(poly),pump,20,0.4,6,-4.515210609457187,-4.640562626634801
LODO,20cm,Ridge(poly),pump,20,0.4,7,-4.934319471943227,-4.161423582954473
LODO,20cm,Ridge(poly),pump,20,0.4,8,-3.243037722965555,-3.6822845392741472
LODO,20cm,Ridge(poly),pump,20,0.8,6,-3.9923332864913306,-4.050662854542365
LODO,20cm,Ridge(poly),pump,20,0.8,7,-3.1219943794368965,-3.607329208591711
LODO,20cm,Ridge(poly),pump,20,0.8,8,-3.072147868202236,-3.163995562641058
LODO,20cm,Ridge(poly),pump,20,1.2,6,-3.816240605121168,-3.5054290482021413
LODO,20cm,Ridge(poly),pump,20,1.2,7,-3.6294980130865357,-3.0979007999811623
LODO,20cm,Ridge(poly),pump,20,1.2,8,-3.0618071193221224,-2.6903725517601824
LODO,20cm,Ridge(poly),pump,20,1.6,6,-2.6139346535564973,-3.0048612076141312
LODO,20cm,Ridge(poly),pump,20,1.6,7,-2.0340977821449457,-2.6331383571228253
LODO,20cm,Ridge(poly),pump,20,1.6,8,-1.803704960043046,-2.26141550663152
LODO,20cm,Ridge(poly),pump,20,2.0,6,-3.358864136292462,-2.5489593327783338
LODO,20cm,Ridge(poly),pump,20,2.0,7,-2.685875652234882,-2.2130418800167018
LODO,20cm,Ridge(poly),pump,20,2.0,8,-2.3219088417391536,-1.8771244272550698
LODO,20cm,Ridge(poly),pump,20,2.4,6,-1.9597142010675082,-2.137723423694749
LODO,20cm,Ridge(poly),pump,20,2.4,7,-1.5745848029316636,-1.8376113686627913
LODO,20cm,Ridge(poly),pump,20,2.4,8,-1.3777009921572136,-1.5374993136308328
LODO,20cm,Ridge(poly),pump,20,2.8,6,-1.6407300374694829,-1.7711534803633775
LODO,20cm,Ridge(poly),pump,20,2.8,7,-1.3380132530856295,-1.506846823061093
LODO,20cm,Ridge(poly),pump,20,2.8,8,-1.2457610162782549,-1.2425401657588087
LODO,20cm,Ridge(poly),pump,20,3.2,6,-1.3473031550338903,-1.4492495027842187
LODO,20cm,Ridge(poly),pump,20,3.2,7,-1.185589241443123,-1.2207482432116081
LODO,20cm,Ridge(poly),pump,20,3.2,8,-1.0905311593138187,-0.9922469836389973
LODO,20cm,Ridge(poly),pump,20,3.6,6,-0.9136579686441707,-1.1720114909572728
LODO,20cm,Ridge(poly),pump,20,3.6,7,-0.7638029515184591,-0.9793156291143355
LODO,20cm,Ridge(poly),pump,20,3.6,8,-0.7584086977447001,-0.7866197672713988
LODO,20cm,Ridge(poly),pump,20,4.0,6,-1.0734116600101489,-0.9394394448825396
LODO,20cm,Ridge(poly),pump,20,4.0,7,-0.9729849073839125,-0.7825489807692765
LODO,20cm,Ridge(poly),pump,20,4.0,8,-0.9413879976279637,-0.6256585166560136
LODO,20cm,GBM,clean,20,0.4,6,-5.0,-4.816931317686245
LODO,20cm,GBM,clean,20,0.4,7,-3.991225293963131,-4.233893490007594
LODO,20cm,GBM,clean,20,0.4,8,-3.51410545793854,-3.607335201695717
LODO,20cm,GBM,clean,20,0.8,6,-3.9923332864913306,-3.9809539952296324
LODO,20cm,GBM,clean,20,0.8,7,-3.3191280699118724,-3.6086655994301715
LODO,20cm,GBM,clean,20,0.8,8,-3.3284680174225545,-3.308807210547745
LODO,20cm,GBM,clean,20,1.2,6,-3.9509409892378637,-3.7724809989622843
LODO,20cm,GBM,clean,20,1.2,7,-3.205896226442565,-3.4526452013878854
LODO,20cm,GBM,clean,20,1.2,8,-3.066948237281299,-2.8161253877664487
LODO,20cm,GBM,clean,20,1.6,6,-2.468586232016332,-2.658265001171367
LODO,20cm,GBM,clean,20,1.6,7,-2.0130456318225076,-2.3269572153527855
LODO,20cm,GBM,clean,20,1.6,8,-1.7212463990471711,-1.8898131519245203
LODO,20cm,GBM,clean,20,2.0,6,-3.329575083770747,-3.1611305875414604
LODO,20cm,GBM,clean,20,2.0,7,-2.660812992344431,-2.5787481761526134
LODO,20cm,GBM,clean,20,2.0,8,-2.151748053458354,-2.2737446472952922
LODO,20cm,GBM,clean,20,2.4,6,-1.94272577451758,-1.944761450048046
LODO,20cm,GBM,clean,20,2.4,7,-1.5002854312588756,-1.5442488619044132
LODO,20cm,GBM,clean,20,2.4,8,-1.3805654229571516,-1.3524019902130326
LODO,20cm,GBM,clean,20,2.8,6,-1.5835841858538846,-1.6104246396428794
LODO,20cm,GBM,clean,20,2.8,7,-1.3189433770125585,-1.3221775952180967
LODO,20cm,GBM,clean,20,2.8,8,-1.2409489135610814,-1.1882469025343052
LODO,20cm,GBM,clean,20,3.2,6,-1.3343214678283366,-1.358936277953799
LODO,20cm,GBM,clean,20,3.2,7,-1.1623086815084707,-1.1468755826002424
LODO,20cm,GBM,clean,20,3.2,8,-1.078897483897625,-1.1039883939417736
LODO,20cm,GBM,clean,20,3.6,6,-0.9374894640309991,-0.9578499217452576
LODO,20cm,GBM,clean,20,3.6,7,-0.7698628606674471,-0.8654419903585802
LODO,20cm,GBM,clean,20,3.6,8,-0.7826503130122314,-0.8670571254119601
LODO,20cm,GBM,clean,20,4.0,6,-1.0642952808817916,-1.019178768606784
LODO,20cm,GBM,clean,20,4.0,7,-0.9762003859779802,-0.9267708372201064
LODO,20cm,GBM,clean,20,4.0,8,-0.9500303680046953,-0.9222775015235841
LODO,20cm,GBM,pump,20,0.4,6,-4.515210609457187,-4.676476834987375
LODO,20cm,GBM,pump,20,0.4,7,-4.934319471943227,-4.130791851063979
LODO,20cm,GBM,pump,20,0.4,8,-3.243037722965555,-3.5280264519491977
LODO,20cm,GBM,pump,20,0.8,6,-3.9923332864913306,-3.9622199372258553
LODO,20cm,GBM,pump,20,0.8,7,-3.1219943794368965,-3.6057761287750116
LODO,20cm,GBM,pump,20,0.8,8,-3.072147868202236,-3.2988764285781422
LODO,20cm,GBM,pump,20,1.2,6,-3.816240605121168,-3.7731624980014793
LODO,20cm,GBM,pump,20,1.2,7,-3.6294980130865357,-3.4497557307327256
LODO,20cm,GBM,pump,20,1.2,8,-3.0618071193221224,-2.806194605796846
LODO,20cm,GBM,pump,20,1.6,6,-2.6139346535564973,-2.658946500210562
LODO,20cm,GBM,pump,20,1.6,7,-2.0340977821449457,-2.3240677446976257
LODO,20cm,GBM,pump,20,1.6,8,-1.803704960043046,-1.8798823699549168
LODO,20cm,GBM,pump,20,2.0,6,-3.358864136292462,-3.1618120865806554
LODO,20cm,GBM,pump,20,2.0,7,-2.685875652234882,-2.5758587054974535
LODO,20cm,GBM,pump,20,2.0,8,-2.3219088417391536,-2.2638138653256896
LODO,20cm,GBM,pump,20,2.4,6,-1.9597142010675082,-1.9454429490872405
LODO,20cm,GBM,pump,20,2.4,7,-1.5745848029316636,-1.541359391249253
LODO,20cm,GBM,pump,20,2.4,8,-1.3777009921572136,-1.34247120824343
LODO,20cm,GBM,pump,20,2.8,6,-1.6407300374694829,-1.611106138682074
LODO,20cm,GBM,pump,20,2.8,7,-1.3380132530856295,-1.3192881245629364
LODO,20cm,GBM,pump,20,2.8,8,-1.2457610162782549,-1.1783161205647026
LODO,20cm,GBM,pump,20,3.2,6,-1.3473031550338903,-1.3596177769929936
LODO,20cm,GBM,pump,20,3.2,7,-1.185589241443123,-1.143986111945082
LODO,20cm,GBM,pump,20,3.2,8,-1.0905311593138187,-1.094057611972171
LODO,20cm,GBM,pump,20,3.6,6,-0.9136579686441707,-0.9585314207844525
LODO,20cm,GBM,pump,20,3.6,7,-0.7638029515184591,-0.8625525197034201
LODO,20cm,GBM,pump,20,3.6,8,-0.7584086977447001,-0.8571263434423578
LODO,20cm,GBM,pump,20,4.0,6,-1.0734116600101489,-1.0198602676459785
LODO,20cm,GBM,pump,20,4.0,7,-0.9729849073839125,-0.9238813665649463
LODO,20cm,GBM,pump,20,4.0,8,-0.9413879976279637,-0.9123467195539818
LODO,20cm,MLP,clean,20,0.4,6,-5.0,-4.721047222660374
LODO,20cm,MLP,clean,20,0.4,7,-3.991225293963131,-4.213006710798828
LODO,20cm,MLP,clean,20,0.4,8,-3.51410545793854,-3.7054177699555266
LODO,20cm,MLP,clean,20,0.8,6,-3.9923332864913306,-4.2692774361733665
LODO,20cm,MLP,clean,20,0.8,7,-3.3191280699118724,-3.7151963167727597
LODO,20cm,MLP,clean,20,0.8,8,-3.3284680174225545,-3.189028046052291
LODO,20cm,MLP,clean,20,1.2,6,-3.9509409892378637,-3.7407561658260793
LODO,20cm,MLP,clean,20,1.2,7,-3.205896226442565,-3.2137490055393494
LODO,20cm,MLP,clean,20,1.2,8,-3.066948237281299,-2.6872808989764865
LODO,20cm,MLP,clean,20,1.6,6,-2.468586232016332,-3.203967621512289
LODO,20cm,MLP,clean,20,1.6,7,-2.0130456318225076,-2.657797868764421
LODO,20cm,MLP,clean,20,1.6,8,-1.7212463990471711,-2.224670411884156
LODO,20cm,MLP,clean,20,2.0,6,-3.329575083770747,-2.6798699497286576
LODO,20cm,MLP,clean,20,2.0,7,-2.660812992344431,-2.1187893804927183
LODO,20cm,MLP,clean,20,2.0,8,-2.151748053458354,-1.8004561350108639
LODO,20cm,MLP,clean,20,2.4,6,-1.94272577451758,-2.1688562552290684
LODO,20cm,MLP,clean,20,2.4,7,-1.5002854312588756,-1.6431904876979377
LODO,20cm,MLP,clean,20,2.4,8,-1.3805654229571516,-1.4214441403989586
LODO,20cm,MLP,clean,20,2.8,6,-1.5835841858538846,-1.738572876317304
LODO,20cm,MLP,clean,20,2.8,7,-1.3189433770125585,-1.3261437385797743
LODO,20cm,MLP,clean,20,2.8,8,-1.2409489135610814,-1.1807008688737342
LODO,20cm,MLP,clean,20,3.2,6,-1.3343214678283366,-1.3845841804870684
LODO,20cm,MLP,clean,20,3.2,7,-1.1623086815084707,-1.0398600515192766
LODO,20cm,MLP,clean,20,3.2,8,-1.078897483897625,-1.0710498803788213
LODO,20cm,MLP,clean,20,3.6,6,-0.9374894640309991,-1.1861074871575004
LODO,20cm,MLP,clean,20,3.6,7,-0.7698628606674471,-0.8733312270491251
LODO,20cm,MLP,clean,20,3.6,8,-0.7826503130122314,-0.9713970835755129
LODO,20cm,MLP,clean,20,4.0,6,-1.0642952808817916,-1.0092300902674582
LODO,20cm,MLP,clean,20,4.0,7,-0.9762003859779802,-0.7796058029670783
LODO,20cm,MLP,clean,20,4.0,8,-0.9500303680046953,-0.8619493481761379
LODO,20cm,MLP,pump,20,0.4,6,-4.515210609457187,-4.627351069582868
LODO,20cm,MLP,pump,20,0.4,7,-4.934319471943227,-4.052892074549032
LODO,20cm,MLP,pump,20,0.4,8,-3.243037722965555,-3.7245433693469527
LODO,20cm,MLP,pump,20,0.8,6,-3.9923332864913306,-4.179916035716696
LODO,20cm,MLP,pump,20,0.8,7,-3.1219943794368965,-3.6191973750213258
LODO,20cm,MLP,pump,20,0.8,8,-3.072147868202236,-3.2645456887160322
LODO,20cm,MLP,pump,20,1.2,6,-3.816240605121168,-3.6824237854687834
LODO,20cm,MLP,pump,20,1.2,7,-3.6294980130865357,-3.1865881617227894
LODO,20cm,MLP,pump,20,1.2,8,-3.0618071193221224,-2.846555168903355
LODO,20cm,MLP,pump,20,1.6,6,-2.6139346535564973,-3.1699113174502163
LODO,20cm,MLP,pump,20,1.6,7,-2.0340977821449457,-2.7348291978670765
LODO,20cm,MLP,pump,20,1.6,8,-1.803704960043046,-2.426505502421175
LODO,20cm,MLP,pump,20,2.0,6,-3.358864136292462,-2.6983566690392253
LODO,20cm,MLP,pump,20,2.0,7,-2.685875652234882,-2.292129775400046
LODO,20cm,MLP,pump,20,2.0,8,-2.3219088417391536,-1.952629988124456
LODO,20cm,MLP,pump,20,2.4,6,-1.9597142010675082,-2.275308589622282
LODO,20cm,MLP,pump,20,2.4,7,-1.5745848029316636,-1.8511282894906103
LODO,20cm,MLP,pump,20,2.4,8,-1.3777009921572136,-1.5391357057883701
LODO,20cm,MLP,pump,20,2.8,6,-1.6407300374694829,-1.8503135540861215
LODO,20cm,MLP,pump,20,2.8,7,-1.3380132530856295,-1.4068207541740199
LODO,20cm,MLP,pump,20,2.8,8,-1.2457610162782549,-1.260708268712639
LODO,20cm,MLP,pump,20,3.2,6,-1.3473031550338903,-1.420568935776208
LODO,20cm,MLP,pump,20,3.2,7,-1.185589241443123,-1.013456012862081
LODO,20cm,MLP,pump,20,3.2,8,-1.0905311593138187,-1.0827439360572522
LODO,20cm,MLP,pump,20,3.6,6,-0.9136579686441707,-1.0954614238367093
LODO,20cm,MLP,pump,20,3.6,7,-0.7638029515184591,-0.8876648187735378
LODO,20cm,MLP,pump,20,3.6,8,-0.7584086977447001,-0.9677821437830271
LODO,20cm,MLP,pump,20,4.0,6,-1.0734116600101489,-0.8832805918610254
LODO,20cm,MLP,pump,20,4.0,7,-0.9729849073839125,-0.8933829354029111
LODO,20cm,MLP,pump,20,4.0,8,-0.9413879976279637,-0.899855790547557
LODO,25cm,Mean,clean,25,0.4,6,-5.0,-2.1632536254140784
LODO,25cm,Mean,clean,25,0.4,7,-3.845098474308956,-2.1632536254140784
LODO,25cm,Mean,clean,25,0.4,8,-3.991225293963131,-2.1632536254140784
LODO,25cm,Mean,clean,25,0.8,6,-3.9131527516026936,-2.1632536254140784
LODO,25cm,Mean,clean,25,0.8,7,-3.787106907339487,-2.1632536254140784
LODO,25cm,Mean,clean,25,0.8,8,-2.6390432487496107,-2.1632536254140784
LODO,25cm,Mean,clean,25,1.2,6,-3.9923332864913306,-2.1632536254140784
LODO,25cm,Mean,clean,25,1.2,7,-3.815135453602521,-2.1632536254140784
LODO,25cm,Mean,clean,25,1.2,8,-2.809382602035759,-2.1632536254140784
LODO,25cm,Mean,clean,25,1.6,6,-2.4940215813039335,-2.1632536254140784
LODO,25cm,Mean,clean,25,1.6,7,-2.0345776788430237,-2.1632536254140784
LODO,25cm,Mean,clean,25,1.6,8,-1.756708893413965,-2.1632536254140784
LODO,25cm,Mean,clean,25,2.0,6,-3.4360303116186985,-2.1632536254140784
LODO,25cm,Mean,clean,25,2.0,7,-2.6628463499173005,-2.1632536254140784
LODO,25cm,Mean,clean,25,2.0,8,-2.151120257376825,-2.1632536254140784
LODO,25cm,Mean,clean,25,2.4,6,-1.94156638304849,-2.1632536254140784
LODO,25cm,Mean,clean,25,2.4,7,-1.5606673061697374,-2.1632536254140784
LODO,25cm,Mean,clean,25,2.4,8,-1.3611035956809217,-2.1632536254140784
LODO,25cm,Mean,clean,25,2.8,6,-1.6161200330337853,-2.1632536254140784
LODO,25cm,Mean,clean,25,2.8,7,-1.3174677525307918,-2.1632536254140784
LODO,25cm,Mean,clean,25,2.8,8,-1.2049003287582585,-2.1632536254140784
LODO,25cm,Mean,clean,25,3.2,6,-1.3333678449570725,-2.1632536254140784
LODO,25cm,Mean,clean,25,3.2,7,-1.1774448908285482,-2.1632536254140784
LODO,25cm,Mean,clean,25,3.2,8,-1.0824194012791446,-2.1632536254140784
LODO,25cm,Mean,clean,25,3.6,6,-0.922185310207575,-2.1632536254140784
LODO,25cm,Mean,clean,25,3.6,7,-0.757518204328467,-2.1632536254140784
LODO,25cm,Mean,clean,25,3.6,8,-0.769551078621726,-2.1632536254140784
LODO,25cm,Mean,clean,25,4.0,6,-1.0726794348096602,-2.1632536254140784
LODO,25cm,Mean,clean,25,4.0,7,-0.9624101743002127,-2.1632536254140784
LODO,25cm,Mean,clean,25,4.0,8,-0.9459809638877248,-2.1632536254140784
LODO,25cm,Mean,pump,25,0.4,6,-4.691303290827349,-2.1632536254140784
LODO,25cm,Mean,pump,25,0.4,7,-3.845098474308956,-2.1632536254140784
LODO,25cm,Mean,pump,25,0.4,8,-3.250863765219055,-2.1632536254140784
LODO,25cm,Mean,pump,25,0.8,6,-3.9131527516026936,-2.1632536254140784
LODO,25cm,Mean,pump,25,0.8,7,-3.4230243751008778,-2.1632536254140784
LODO,25cm,Mean,pump,25,0.8,8,-3.151464817381221,-2.1632536254140784
LODO,25cm,Mean,pump,25,1.2,6,-3.874317086304845,-2.1632536254140784
LODO,25cm,Mean,pump,25,1.2,7,-3.0180980742478916,-2.1632536254140784
LODO,25cm,Mean,pump,25,1.2,8,-3.11041259769974,-2.1632536254140784
LODO,25cm,Mean,pump,25,1.6,6,-2.5344506017846284,-2.1632536254140784
LODO,25cm,Mean,pump,25,1.6,7,-2.08542996873626,-2.1632536254140784
LODO,25cm,Mean,pump,25,1.6,8,-1.7556981337788231,-2.1632536254140784
LODO,25cm,Mean,pump,25,2.0,6,-3.276329286403115,-2.1632536254140784
LODO,25cm,Mean,pump,25,2.0,7,-2.8420056077940377,-2.1632536254140784
LODO,25cm,Mean,pump,25,2.0,8,-2.530328172825988,-2.1632536254140784
LODO,25cm,Mean,pump,25,2.4,6,-1.9396383959362578,-2.1632536254140784
LODO,25cm,Mean,pump,25,2.4,7,-1.5621194852826996,-2.1632536254140784
LODO,25cm,Mean,pump,25,2.4,8,-1.385597444481243,-2.1632536254140784
LODO,25cm,Mean,pump,25,2.8,6,-1.6287196626257245,-2.1632536254140784
LODO,25cm,Mean,pump,25,2.8,7,-1.3383993094721485,-2.1632536254140784
LODO,25cm,Mean,pump,25,2.8,8,-1.2222919560616303,-2.1632536254140784
LODO,25cm,Mean,pump,25,3.2,6,-1.3542428045858068,-2.1632536254140784
LODO,25cm,Mean,pump,25,3.2,7,-1.1890681992237235,-2.1632536254140784
LODO,25cm,Mean,pump,25,3.2,8,-1.0978529119917462,-2.1632536254140784
LODO,25cm,Mean,pump,25,3.6,6,-0.8975114106484399,-2.1632536254140784
LODO,25cm,Mean,pump,25,3.6,7,-0.746676536027218,-2.1632536254140784
LODO,25cm,Mean,pump,25,3.6,8,-0.7261957364209292,-2.1632536254140784
LODO,25cm,Mean,pump,25,4.0,6,-1.0705422449855506,-2.1632536254140784
LODO,25cm,Mean,pump,25,4.0,7,-0.9609112277499408,-2.1632536254140784
LODO,25cm,Mean,pump,25,4.0,8,-0.9264319378804121,-2.1632536254140784
LODO,25cm,Ridge(poly),clean,25,0.4,6,-5.0,-4.681240734668345
LODO,25cm,Ridge(poly),clean,25,0.4,7,-3.845098474308956,-4.201800309950983
LODO,25cm,Ridge(poly),clean,25,0.4,8,-3.991225293963131,-3.7223598852336215
LODO,25cm,Ridge(poly),clean,25,0.8,6,-3.9131527516026936,-4.090175973772948
LODO,25cm,Ridge(poly),clean,25,0.8,7,-3.787106907339487,-3.6463018594242325
LODO,25cm,Ridge(poly),clean,25,0.8,8,-2.6390432487496107,-3.202427745075517
LODO,25cm,Ridge(poly),clean,25,1.2,6,-3.9923332864913306,-3.5445620060162435
LODO,25cm,Ridge(poly),clean,25,1.2,7,-3.815135453602521,-3.136254202036175
LODO,25cm,Ridge(poly),clean,25,1.2,8,-2.809382602035759,-2.7279463980561065
LODO,25cm,Ridge(poly),clean,25,1.6,6,-2.4940215813039335,-3.044398831398232
LODO,25cm,Ridge(poly),clean,25,1.6,7,-2.0345776788430237,-2.6716573377868107
LODO,25cm,Ridge(poly),clean,25,1.6,8,-1.756708893413965,-2.2989158441753883
LODO,25cm,Ridge(poly),clean,25,2.0,6,-3.4360303116186985,-2.589686449918915
LODO,25cm,Ridge(poly),clean,25,2.0,7,-2.6628463499173005,-2.2525112666761395
LODO,25cm,Ridge(poly),clean,25,2.0,8,-2.151120257376825,-1.9153360834333641
LODO,25cm,Ridge(poly),clean,25,2.4,6,-1.94156638304849,-2.180424861578291
LODO,25cm,Ridge(poly),clean,25,2.4,7,-1.5606673061697374,-1.8788159887041622
LODO,25cm,Ridge(poly),clean,25,2.4,8,-1.3611035956809217,-1.5772071158300336
LODO,25cm,Ridge(poly),clean,25,2.8,6,-1.6161200330337853,-1.8166140663763601
LODO,25cm,Ridge(poly),clean,25,2.8,7,-1.3174677525307918,-1.550571503870878
LODO,25cm,Ridge(poly),clean,25,2.8,8,-1.2049003287582585,-1.2845289413653962
LODO,25cm,Ridge(poly),clean,25,3.2,6,-1.3333678449570725,-1.4982540643131226
LODO,25cm,Ridge(poly),clean,25,3.2,7,-1.1774448908285482,-1.2677778121762873
LODO,25cm,Ridge(poly),clean,25,3.2,8,-1.0824194012791446,-1.0373015600394517
LODO,25cm,Ridge(poly),clean,25,3.6,6,-0.922185310207575,-1.2253448553885786
LODO,25cm,Ridge(poly),clean,25,3.6,7,-0.757518204328467,-1.0304349136203896
LODO,25cm,Ridge(poly),clean,25,3.6,8,-0.769551078621726,-0.8355249718522009
LODO,25cm,Ridge(poly),clean,25,4.0,6,-1.0726794348096602,-0.9978864396027278
LODO,25cm,Ridge(poly),clean,25,4.0,7,-0.9624101743002127,-0.8385428082031854
LODO,25cm,Ridge(poly),clean,25,4.0,8,-0.9459809638877248,-0.6791991768036438
LODO,25cm,Ridge(poly),pump,25,0.4,6,-4.691303290827349,-4.612504442972561
LODO,25cm,Ridge(poly),pump,25,0.4,7,-3.845098474308956,-4.1330640182552
LODO,25cm,Ridge(poly),pump,25,0.4,8,-3.250863765219055,-3.653623593537838
LODO,25cm,Ridge(poly),pump,25,0.8,6,-3.9131527516026936,-4.0214396820771645
LODO,25cm,Ridge(poly),pump,25,0.8,7,-3.4230243751008778,-3.5775655677284495
LODO,25cm,Ridge(poly),pump,25,0.8,8,-3.151464817381221,-3.133691453379734
LODO,25cm,Ridge(poly),pump,25,1.2,6,-3.874317086304845,-3.4758257143204605
LODO,25cm,Ridge(poly),pump,25,1.2,7,-3.0180980742478916,-3.067517910340392
LODO,25cm,Ridge(poly),pump,25,1.2,8,-3.11041259769974,-2.659210106360323
LODO,25cm,Ridge(poly),pump,25,1.6,6,-2.5344506017846284,-2.975662539702449
LODO,25cm,Ridge(poly),pump,25,1.6,7,-2.08542996873626,-2.6029210460910273
LODO,25cm,Ridge(poly),pump,25,1.6,8,-1.7556981337788231,-2.2301795524796053
LODO,25cm,Ridge(poly),pump,25,2.0,6,-3.276329286403115,-2.520950158223132
LODO,25cm,Ridge(poly),pump,25,2.0,7,-2.8420056077940377,-2.1837749749803566
LODO,25cm,Ridge(poly),pump,25,2.0,8,-2.530328172825988,-1.8465997917375812
LODO,25cm,Ridge(poly),pump,25,2.4,6,-1.9396383959362578,-2.1116885698825074
LODO,25cm,Ridge(poly),pump,25,2.4,7,-1.5621194852826996,-1.8100796970083792
LODO,25cm,Ridge(poly),pump,25,2.4,8,-1.385597444481243,-1.5084708241342504
LODO,25cm,Ridge(poly),pump,25,2.8,6,-1.6287196626257245,-1.747877774680577
LODO,25cm,Ridge(poly),pump,25,2.8,7,-1.3383993094721485,-1.4818352121750948
LODO,25cm,Ridge(poly),pump,25,2.8,8,-1.2222919560616303,-1.215792649669613
LODO,25cm,Ridge(poly),pump,25,3.2,6,-1.3542428045858068,-1.4295177726173396
LODO,25cm,Ridge(poly),pump,25,3.2,7,-1.1890681992237235,-1.1990415204805043
LODO,25cm,Ridge(poly),pump,25,3.2,8,-1.0978529119917462,-0.9685652683436685
LODO,25cm,Ridge(poly),pump,25,3.6,6,-0.8975114106484399,-1.1566085636927956
LODO,25cm,Ridge(poly),pump,25,3.6,7,-0.746676536027218,-0.9616986219246066
LODO,25cm,Ridge(poly),pump,25,3.6,8,-0.7261957364209292,-0.7667886801564179
LODO,25cm,Ridge(poly),pump,25,4.0,6,-1.0705422449855506,-0.9291501479069448
LODO,25cm,Ridge(poly),pump,25,4.0,7,-0.9609112277499408,-0.7698065165074022
LODO,25cm,Ridge(poly),pump,25,4.0,8,-0.9264319378804121,-0.6104628851078608
LODO,25cm,GBM,clean,25,0.4,6,-5.0,-4.822771573813886
LODO,25cm,GBM,clean,25,0.4,7,-3.845098474308956,-4.289447510941946
LODO,25cm,GBM,clean,25,0.4,8,-3.991225293963131,-3.5685475863165412
LODO,25cm,GBM,clean,25,0.8,6,-3.9131527516026936,-3.9610427289739145
LODO,25cm,GBM,clean,25,0.8,7,-3.787106907339487,-3.5408877711379767
LODO,25cm,GBM,clean,25,0.8,8,-2.6390432487496107,-3.3454353451105185
LODO,25cm,GBM,clean,25,1.2,6,-3.9923332864913306,-3.7720718016387824
LODO,25cm,GBM,clean,25,1.2,7,-3.815135453602521,-3.4228903707997893
LODO,25cm,GBM,clean,25,1.2,8,-2.809382602035759,-2.830646089711445
LODO,25cm,GBM,clean,25,1.6,6,-2.4940215813039335,-2.631714650301021
LODO,25cm,GBM,clean,25,1.6,7,-2.0345776788430237,-2.2746201261789225
LODO,25cm,GBM,clean,25,1.6,8,-1.756708893413965,-1.8785013016599381
LODO,25cm,GBM,clean,25,2.0,6,-3.4360303116186985,-3.1569714796372046
LODO,25cm,GBM,clean,25,2.0,7,-2.6628463499173005,-2.566512868221065
LODO,25cm,GBM,clean,25,2.0,8,-2.151120257376825,-2.2673927993083036
LODO,25cm,GBM,clean,25,2.4,6,-1.94156638304849,-1.9399456941938316
LODO,25cm,GBM,clean,25,2.4,7,-1.5606673061697374,-1.53900859999752
LODO,25cm,GBM,clean,25,2.4,8,-1.3611035956809217,-1.3523068919342833
LODO,25cm,GBM,clean,25,2.8,6,-1.6161200330337853,-1.5881569841547312
LODO,25cm,GBM,clean,25,2.8,7,-1.3174677525307918,-1.3195924882938812
LODO,25cm,GBM,clean,25,2.8,8,-1.2049003287582585,-1.189606274949158
LODO,25cm,GBM,clean,25,3.2,6,-1.3333678449570725,-1.3552763884432404
LODO,25cm,GBM,clean,25,3.2,7,-1.1774448908285482,-1.149349387180052
LODO,25cm,GBM,clean,25,3.2,8,-1.0824194012791446,-1.103294436087849
LODO,25cm,GBM,clean,25,3.6,6,-0.922185310207575,-0.953859727734888
LODO,25cm,GBM,clean,25,3.6,7,-0.757518204328467,-0.859921548821502
LODO,25cm,GBM,clean,25,3.6,8,-0.769551078621726,-0.8645783923646218
LODO,25cm,GBM,clean,25,4.0,6,-1.0726794348096602,-1.02032202659063
LODO,25cm,GBM,clean,25,4.0,7,-0.9624101743002127,-0.9263838476772446
LODO,25cm,GBM,clean,25,4.0,8,-0.9459809638877248,-0.9230725650928227
LODO,25cm,GBM,pump,25,0.4,6,-4.691303290827349,-4.740264644602111
LODO,25cm,GBM,pump,25,0.4,7,-3.845098474308956,-4.274186064466854
LODO,25cm,GBM,pump,25,0.4,8,-3.250863765219055,-3.5367457264121107
LODO,25cm,GBM,pump,25,0.8,6,-3.9131527516026936,-3.953155839208801
LODO,25cm,GBM,pump,25,0.8,7,-3.4230243751008778,-3.5410258659011156
LODO,25cm,GBM,pump,25,0.8,8,-3.151464817381221,-3.3290330264443178
LODO,25cm,GBM,pump,25,1.2,6,-3.874317086304845,-3.7722098964019213
LODO,25cm,GBM,pump,25,1.2,7,-3.0180980742478916,-3.423028465562928
LODO,25cm,GBM,pump,25,1.2,8,-3.11041259769974,-2.8142437710452444
LODO,25cm,GBM,pump,25,1.6,6,-2.5344506017846284,-2.63185274506416
LODO,25cm,GBM,pump,25,1.6,7,-2.08542996873626,-2.2747582209420614
LODO,25cm,GBM,pump,25,1.6,8,-1.7556981337788231,-1.8620989829937373
LODO,25cm,GBM,pump,25,2.0,6,-3.276329286403115,-3.1571095744003435
LODO,25cm,GBM,pump,25,2.0,7,-2.8420056077940377,-2.566650962984204
LODO,25cm,GBM,pump,25,2.0,8,-2.530328172825988,-2.250990480642103
LODO,25cm,GBM,pump,25,2.4,6,-1.9396383959362578,-1.9400837889569704
LODO,25cm,GBM,pump,25,2.4,7,-1.5621194852826996,-1.539146694760659
LODO,25cm,GBM,pump,25,2.4,8,-1.385597444481243,-1.335904573268082
LODO,25cm,GBM,pump,25,2.8,6,-1.6287196626257245,-1.58829507891787
LODO,25cm,GBM,pump,25,2.8,7,-1.3383993094721485,-1.31973058305702
LODO,25cm,GBM,pump,25,2.8,8,-1.2222919560616303,-1.1732039562829566
LODO,25cm,GBM,pump,25,3.2,6,-1.3542428045858068,-1.3554144832063793
LODO,25cm,GBM,pump,25,3.2,7,-1.1890681992237235,-1.1494874819431908
LODO,25cm,GBM,pump,25,3.2,8,-1.0978529119917462,-1.0868921174216477
LODO,25cm,GBM,pump,25,3.6,6,-0.8975114106484399,-0.9539978224980268
LODO,25cm,GBM,pump,25,3.6,7,-0.746676536027218,-0.8600596435846407
LODO,25cm,GBM,pump,25,3.6,8,-0.7261957364209292,-0.8481760736984204
LODO,25cm,GBM,pump,25,4.0,6,-1.0705422449855506,-1.020460121353769
LODO,25cm,GBM,pump,25,4.0,7,-0.9609112277499408,-0.9265219424403833
LODO,25cm,GBM,pump,25,4.0,8,-0.9264319378804121,-0.9066702464266213
LODO,25cm,MLP,clean,25,0.4,6,-5.0,-4.679228044455734
LODO,25cm,MLP,clean,25,0.4,7,-3.845098474308956,-4.201400819191557
LODO,25cm,MLP,clean,25,0.4,8,-3.991225293963131,-3.6916426349887104
LODO,25cm,MLP,clean,25,0.8,6,-3.9131527516026936,-4.23908543208671
LODO,25cm,MLP,clean,25,0.8,7,-3.787106907339487,-3.682391113770923
LODO,25cm,MLP,clean,25,0.8,8,-2.6390432487496107,-3.201892290542975
LODO,25cm,MLP,clean,25,1.2,6,-3.9923332864913306,-3.730932086442682
LODO,25cm,MLP,clean,25,1.2,7,-3.815135453602521,-3.1760550876046056
LODO,25cm,MLP,clean,25,1.2,8,-2.809382602035759,-2.6856694505598306
LODO,25cm,MLP,clean,25,1.6,6,-2.4940215813039335,-3.157231979899428
LODO,25cm,MLP,clean,25,1.6,7,-2.0345776788430237,-2.644916660808963
LODO,25cm,MLP,clean,25,1.6,8,-1.756708893413965,-2.186314441675158
LODO,25cm,MLP,clean,25,2.0,6,-3.4360303116186985,-2.5844333152268644
LODO,25cm,MLP,clean,25,2.0,7,-2.6628463499173005,-2.0722201454884632
LODO,25cm,MLP,clean,25,2.0,8,-2.151120257376825,-1.8615409122217885
LODO,25cm,MLP,clean,25,2.4,6,-1.94156638304849,-2.0928671270772283
LODO,25cm,MLP,clean,25,2.4,7,-1.5606673061697374,-1.614644373232526
LODO,25cm,MLP,clean,25,2.4,8,-1.3611035956809217,-1.516590716326709
LODO,25cm,MLP,clean,25,2.8,6,-1.6161200330337853,-1.6589971987700434
LODO,25cm,MLP,clean,25,2.8,7,-1.3174677525307918,-1.2952515995371692
LODO,25cm,MLP,clean,25,2.8,8,-1.2049003287582585,-1.329156233646144
LODO,25cm,MLP,clean,25,3.2,6,-1.3333678449570725,-1.3660130236462922
LODO,25cm,MLP,clean,25,3.2,7,-1.1774448908285482,-1.0372228761299689
LODO,25cm,MLP,clean,25,3.2,8,-1.0824194012791446,-1.1322423861670172
LODO,25cm,MLP,clean,25,3.6,6,-0.922185310207575,-1.1334037496571008
LODO,25cm,MLP,clean,25,3.6,7,-0.757518204328467,-0.7876420329681206
LODO,25cm,MLP,clean,25,3.6,8,-0.769551078621726,-0.9445986154212461
LODO,25cm,MLP,clean,25,4.0,6,-1.0726794348096602,-0.9815391516178605
LODO,25cm,MLP,clean,25,4.0,7,-0.9624101743002127,-0.6549615707186562
LODO,25cm,MLP,clean,25,4.0,8,-0.9459809638877248,-0.7454294497191445
LODO,25cm,MLP,pump,25,0.4,6,-4.691303290827349,-4.631780617922773
LODO,25cm,MLP,pump,25,0.4,7,-3.845098474308956,-4.125422017721166
LODO,25cm,MLP,pump,25,0.4,8,-3.250863765219055,-3.745098869960722
LODO,25cm,MLP,pump,25,0.8,6,-3.9131527516026936,-4.176769073221244
LODO,25cm,MLP,pump,25,0.8,7,-3.4230243751008778,-3.70886274657062
LODO,25cm,MLP,pump,25,0.8,8,-3.151464817381221,-3.2909968502981903
LODO,25cm,MLP,pump,25,1.2,6,-3.874317086304845,-3.6690800354069593
LODO,25cm,MLP,pump,25,1.2,7,-3.0180980742478916,-3.2728333772804468
LODO,25cm,MLP,pump,25,1.2,8,-3.11041259769974,-2.7860575779484917
LODO,25cm,MLP,pump,25,1.6,6,-2.5344506017846284,-3.1377345652453212
LODO,25cm,MLP,pump,25,1.6,7,-2.08542996873626,-2.7779200370577617
LODO,25cm,MLP,pump,25,1.6,8,-1.7556981337788231,-2.3029142888815137
LODO,25cm,MLP,pump,25,2.0,6,-3.276329286403115,-2.639473426064697
LODO,25cm,MLP,pump,25,2.0,7,-2.8420056077940377,-2.273126511401656
LODO,25cm,MLP,pump,25,2.0,8,-2.530328172825988,-1.8720972609227409
LODO,25cm,MLP,pump,25,2.4,6,-1.9396383959362578,-2.171292574572142
LODO,25cm,MLP,pump,25,2.4,7,-1.5621194852826996,-1.7806327956898125
LODO,25cm,MLP,pump,25,2.4,8,-1.385597444481243,-1.447140950709421
LODO,25cm,MLP,pump,25,2.8,6,-1.6287196626257245,-1.7104984864583703
LODO,25cm,MLP,pump,25,2.8,7,-1.3383993094721485,-1.3076305822799417
LODO,25cm,MLP,pump,25,2.8,8,-1.2222919560616303,-1.2797539687523776
LODO,25cm,MLP,pump,25,3.2,6,-1.3542428045858068,-1.298982829844868
LODO,25cm,MLP,pump,25,3.2,7,-1.1890681992237235,-1.018876146548798
LODO,25cm,MLP,pump,25,3.2,8,-1.0978529119917462,-1.0966753285343847
LODO,25cm,MLP,pump,25,3.6,6,-0.8975114106484399,-0.9591332623499721
LODO,25cm,MLP,pump,25,3.6,7,-0.746676536027218,-0.9545193974417544
LODO,25cm,MLP,pump,25,3.6,8,-0.7261957364209292,-0.9598449707400803
LODO,25cm,MLP,pump,25,4.0,6,-1.0705422449855506,-0.8431726369267093
LODO,25cm,MLP,pump,25,4.0,7,-0.9609112277499408,-0.9011257271517212
LODO,25cm,MLP,pump,25,4.0,8,-0.9264319378804121,-0.9275701680998605
LODO,30cm,Mean,clean,30,0.4,6,-5.0,-2.156996787878308
LODO,30cm,Mean,clean,30,0.4,7,-4.292256140843599,-2.156996787878308
LODO,30cm,Mean,clean,30,0.4,8,-3.7607781250912065,-2.156996787878308
LODO,30cm,Mean,clean,30,0.8,6,-4.038089828841834,-2.156996787878308
LODO,30cm,Mean,clean,30,0.8,7,-3.845098474308956,-2.156996787878308
LODO,30cm,Mean,clean,30,0.8,8,-3.258832637569262,-2.156996787878308
LODO,30cm,Mean,clean,30,1.2,6,-4.147234636913154,-2.156996787878308
LODO,30cm,Mean,clean,30,1.2,7,-3.815135453602521,-2.156996787878308
LODO,30cm,Mean,clean,30,1.2,8,-3.1219943794368965,-2.156996787878308
LODO,30cm,Mean,clean,30,1.6,6,-2.52251119819198,-2.156996787878308
LODO,30cm,Mean,clean,30,1.6,7,-2.033618884397456,-2.156996787878308
LODO,30cm,Mean,clean,30,1.6,8,-1.8206723074471534,-2.156996787878308
LODO,30cm,Mean,clean,30,2.0,6,-3.2847623574027947,-2.156996787878308
LODO,30cm,Mean,clean,30,2.0,7,-2.8358911315575748,-2.156996787878308
LODO,30cm,Mean,clean,30,2.0,8,-2.318205389860206,-2.156996787878308
LODO,30cm,Mean,clean,30,2.4,6,-1.9466180407944937,-2.156996787878308
LODO,30cm,Mean,clean,30,2.4,7,-1.5717663666096071,-2.156996787878308
LODO,30cm,Mean,clean,30,2.4,8,-1.4374644743786638,-2.156996787878308
LODO,30cm,Mean,clean,30,2.8,6,-1.6106761801657292,-2.156996787878308
LODO,30cm,Mean,clean,30,2.8,7,-1.3309296305763305,-2.156996787878308
LODO,30cm,Mean,clean,30,2.8,8,-1.2346660479001925,-2.156996787878308
LODO,30cm,Mean,clean,30,3.2,6,-1.3425110253047638,-2.156996787878308
LODO,30cm,Mean,clean,30,3.2,7,-1.172933934122319,-2.156996787878308
LODO,30cm,Mean,clean,30,3.2,8,-1.0802819258489889,-2.156996787878308
LODO,30cm,Mean,clean,30,3.6,6,-0.9038062946979222,-2.156996787878308
LODO,30cm,Mean,clean,30,3.6,7,-0.7561784467435241,-2.156996787878308
LODO,30cm,Mean,clean,30,3.6,8,-0.7603427195380671,-2.156996787878308
LODO,30cm,Mean,clean,30,4.0,6,-1.0729927274681688,-2.156996787878308
LODO,30cm,Mean,clean,30,4.0,7,-0.9723609590376543,-2.156996787878308
LODO,30cm,Mean,clean,30,4.0,8,-0.9050783891613561,-2.156996787878308
LODO,30cm,Mean,pump,30,0.4,6,-4.3902722284270705,-2.156996787878308
LODO,30cm,Mean,pump,30,0.4,7,-4.6878607412383815,-2.156996787878308
LODO,30cm,Mean,pump,30,0.4,8,-3.275222932501349,-2.156996787878308
LODO,30cm,Mean,pump,30,0.8,6,-3.560969048226999,-2.156996787878308
LODO,30cm,Mean,pump,30,0.8,7,-3.9120447572624624,-2.156996787878308
LODO,30cm,Mean,pump,30,0.8,8,-3.1290772414327868,-2.156996787878308
LODO,30cm,Mean,pump,30,1.2,6,-3.9509409892378637,-2.156996787878308
LODO,30cm,Mean,pump,30,1.2,7,-3.6690062018996525,-2.156996787878308
LODO,30cm,Mean,pump,30,1.2,8,-2.9193446572606425,-2.156996787878308
LODO,30cm,Mean,pump,30,1.6,6,-2.623116590279776,-2.156996787878308
LODO,30cm,Mean,pump,30,1.6,7,-2.084352745470972,-2.156996787878308
LODO,30cm,Mean,pump,30,1.6,8,-1.7892829577312397,-2.156996787878308
LODO,30cm,Mean,pump,30,2.0,6,-3.4482646325771356,-2.156996787878308
LODO,30cm,Mean,pump,30,2.0,7,-2.654765501274814,-2.156996787878308
LODO,30cm,Mean,pump,30,2.0,8,-2.4534067540308544,-2.156996787878308
LODO,30cm,Mean,pump,30,2.4,6,-1.9446675472258739,-2.156996787878308
LODO,30cm,Mean,pump,30,2.4,7,-1.5443786759688785,-2.156996787878308
LODO,30cm,Mean,pump,30,2.4,8,-1.364167550191229,-2.156996787878308
LODO,30cm,Mean,pump,30,2.8,6,-1.6368808760844933,-2.156996787878308
LODO,30cm,Mean,pump,30,2.8,7,-1.3392701416647403,-2.156996787878308
LODO,30cm,Mean,pump,30,2.8,8,-1.2153242348709055,-2.156996787878308
LODO,30cm,Mean,pump,30,3.2,6,-1.3494729561764265,-2.156996787878308
LODO,30cm,Mean,pump,30,3.2,7,-1.1758474711411462,-2.156996787878308
LODO,30cm,Mean,pump,30,3.2,8,-1.074035924838685,-2.156996787878308
LODO,30cm,Mean,pump,30,3.6,6,-0.8948339809189286,-2.156996787878308
LODO,30cm,Mean,pump,30,3.6,7,-0.7468510702546478,-2.156996787878308
LODO,30cm,Mean,pump,30,3.6,8,-0.728869639248368,-2.156996787878308
LODO,30cm,Mean,pump,30,4.0,6,-1.0663502617351819,-2.156996787878308
LODO,30cm,Mean,pump,30,4.0,7,-0.9664516037991582,-2.156996787878308
LODO,30cm,Mean,pump,30,4.0,8,-0.9156060567853214,-2.156996787878308
LODO,30cm,Ridge(poly),clean,30,0.4,6,-5.0,-4.629355863191691
LODO,30cm,Ridge(poly),clean,30,0.4,7,-4.292256140843599,-4.1389361479504965
LODO,30cm,Ridge(poly),clean,30,0.4,8,-3.7607781250912065,-3.648516432709302
LODO,30cm,Ridge(poly),clean,30,0.8,6,-4.038089828841834,-4.045067818896064
LODO,30cm,Ridge(poly),clean,30,0.8,7,-3.845098474308956,-3.591284687402487
LODO,30cm,Ridge(poly),clean,30,0.8,8,-3.258832637569262,-3.1375015559089103
LODO,30cm,Ridge(poly),clean,30,1.2,6,-4.147234636913154,-3.5056527660302947
LODO,30cm,Ridge(poly),clean,30,1.2,7,-3.815135453602521,-3.0885062182843352
LODO,30cm,Ridge(poly),clean,30,1.2,8,-3.1219943794368965,-2.671359670538376
LODO,30cm,Ridge(poly),clean,30,1.6,6,-2.52251119819198,-3.0111107045943815
LODO,30cm,Ridge(poly),clean,30,1.6,7,-2.033618884397456,-2.63060074059604
LODO,30cm,Ridge(poly),clean,30,1.6,8,-1.8206723074471534,-2.250090776597698
LODO,30cm,Ridge(poly),clean,30,2.0,6,-3.2847623574027947,-2.5614416345883244
LODO,30cm,Ridge(poly),clean,30,2.0,7,-2.8358911315575748,-2.2175682543376003
LODO,30cm,Ridge(poly),clean,30,2.0,8,-2.318205389860206,-1.8736948740868762
LODO,30cm,Ridge(poly),clean,30,2.4,6,-1.9466180407944937,-2.156645556012124
LODO,30cm,Ridge(poly),clean,30,2.4,7,-1.5717663666096071,-1.8494087595090176
LODO,30cm,Ridge(poly),clean,30,2.4,8,-1.4374644743786638,-1.5421719630059108
LODO,30cm,Ridge(poly),clean,30,2.8,6,-1.6106761801657292,-1.79672246886578
LODO,30cm,Ridge(poly),clean,30,2.8,7,-1.3309296305763305,-1.5261222561102907
LODO,30cm,Ridge(poly),clean,30,2.8,8,-1.2346660479001925,-1.2555220433548018
LODO,30cm,Ridge(poly),clean,30,3.2,6,-1.3425110253047638,-1.4816723731492922
LODO,30cm,Ridge(poly),clean,30,3.2,7,-1.172933934122319,-1.2477087441414205
LODO,30cm,Ridge(poly),clean,30,3.2,8,-1.0802819258489889,-1.0137451151335488
LODO,30cm,Ridge(poly),clean,30,3.6,6,-0.9038062946979222,-1.211495268862661
LODO,30cm,Ridge(poly),clean,30,3.6,7,-0.7561784467435241,-1.0141682236024068
LODO,30cm,Ridge(poly),clean,30,3.6,8,-0.7603427195380671,-0.8168411783421528
LODO,30cm,Ridge(poly),clean,30,4.0,6,-1.0729927274681688,-0.9861911560058858
LODO,30cm,Ridge(poly),clean,30,4.0,7,-0.9723609590376543,-0.8255006944932495
LODO,30cm,Ridge(poly),clean,30,4.0,8,-0.9050783891613561,-0.6648102329806136
LODO,30cm,Ridge(poly),pump,30,0.4,6,-4.3902722284270705,-4.563437711256556
LODO,30cm,Ridge(poly),pump,30,0.4,7,-4.6878607412383815,-4.073017996015362
LODO,30cm,Ridge(poly),pump,30,0.4,8,-3.275222932501349,-3.5825982807741674
LODO,30cm,Ridge(poly),pump,30,0.8,6,-3.560969048226999,-3.9791496669609296
LODO,30cm,Ridge(poly),pump,30,0.8,7,-3.9120447572624624,-3.5253665354673527
LODO,30cm,Ridge(poly),pump,30,0.8,8,-3.1290772414327868,-3.0715834039737757
LODO,30cm,Ridge(poly),pump,30,1.2,6,-3.9509409892378637,-3.43973461409516
LODO,30cm,Ridge(poly),pump,30,1.2,7,-3.6690062018996525,-3.022588066349201
LODO,30cm,Ridge(poly),pump,30,1.2,8,-2.9193446572606425,-2.6054415186032416
LODO,30cm,Ridge(poly),pump,30,1.6,6,-2.623116590279776,-2.945192552659247
LODO,30cm,Ridge(poly),pump,30,1.6,7,-2.084352745470972,-2.5646825886609053
LODO,30cm,Ridge(poly),pump,30,1.6,8,-1.7892829577312397,-2.1841726246625637
LODO,30cm,Ridge(poly),pump,30,2.0,6,-3.4482646325771356,-2.49552348265319
LODO,30cm,Ridge(poly),pump,30,2.0,7,-2.654765501274814,-2.1516501024024657
LODO,30cm,Ridge(poly),pump,30,2.0,8,-2.4534067540308544,-1.8077767221517416
LODO,30cm,Ridge(poly),pump,30,2.4,6,-1.9446675472258739,-2.0907274040769894
LODO,30cm,Ridge(poly),pump,30,2.4,7,-1.5443786759688785,-1.783490607573883
LODO,30cm,Ridge(poly),pump,30,2.4,8,-1.364167550191229,-1.4762538110707761
LODO,30cm,Ridge(poly),pump,30,2.8,6,-1.6368808760844933,-1.7308043169306453
LODO,30cm,Ridge(poly),pump,30,2.8,7,-1.3392701416647403,-1.4602041041751563
LODO,30cm,Ridge(poly),pump,30,2.8,8,-1.2153242348709055,-1.1896038914196672
LODO,30cm,Ridge(poly),pump,30,3.2,6,-1.3494729561764265,-1.4157542212141576
LODO,30cm,Ridge(poly),pump,30,3.2,7,-1.1758474711411462,-1.181790592206286
LODO,30cm,Ridge(poly),pump,30,3.2,8,-1.074035924838685,-0.9478269631984144
LODO,30cm,Ridge(poly),pump,30,3.6,6,-0.8948339809189286,-1.1455771169275264
LODO,30cm,Ridge(poly),pump,30,3.6,7,-0.7468510702546478,-0.9482500716672722
LODO,30cm,Ridge(poly),pump,30,3.6,8,-0.728869639248368,-0.7509230264070181
LODO,30cm,Ridge(poly),pump,30,4.0,6,-1.0663502617351819,-0.9202730040707512
LODO,30cm,Ridge(poly),pump,30,4.0,7,-0.9664516037991582,-0.7595825425581149
LODO,30cm,Ridge(poly),pump,30,4.0,8,-0.9156060567853214,-0.598892081045479
LODO,30cm,GBM,clean,30,0.4,6,-5.0,-4.760338737278787
LODO,30cm,GBM,clean,30,0.4,7,-4.292256140843599,-4.138697700421335
LODO,30cm,GBM,clean,30,0.4,8,-3.7607781250912065,-3.5425064198710365
LODO,30cm,GBM,clean,30,0.8,6,-4.038089828841834,-3.9674085573802373
LODO,30cm,GBM,clean,30,0.8,7,-3.845098474308956,-3.492158945220863
LODO,30cm,GBM,clean,30,0.8,8,-3.258832637569262,-3.2235502966123653
LODO,30cm,GBM,clean,30,1.2,6,-4.147234636913154,-3.6783903863432896
LODO,30cm,GBM,clean,30,1.2,7,-3.815135453602521,-3.2826524377205226
LODO,30cm,GBM,clean,30,1.2,8,-3.1219943794368965,-2.7386342034561
LODO,30cm,GBM,clean,30,1.6,6,-2.52251119819198,-2.5311672680730255
LODO,30cm,GBM,clean,30,1.6,7,-2.033618884397456,-2.2627829526214938
LODO,30cm,GBM,clean,30,1.6,8,-1.8206723074471534,-1.8912446513060368
LODO,30cm,GBM,clean,30,2.0,6,-3.2847623574027947,-3.1025541134889223
LODO,30cm,GBM,clean,30,2.0,7,-2.8358911315575748,-2.4796152876277877
LODO,30cm,GBM,clean,30,2.0,8,-2.318205389860206,-2.2742631515875473
LODO,30cm,GBM,clean,30,2.4,6,-1.9466180407944937,-1.962309422164468
LODO,30cm,GBM,clean,30,2.4,7,-1.5717663666096071,-1.5579321148714573
LODO,30cm,GBM,clean,30,2.4,8,-1.4374644743786638,-1.3609965412597607
LODO,30cm,GBM,clean,30,2.8,6,-1.6106761801657292,-1.6101333984101451
LODO,30cm,GBM,clean,30,2.8,7,-1.3309296305763305,-1.3309263744767945
LODO,30cm,GBM,clean,30,2.8,8,-1.2346660479001925,-1.1999302538084717
LODO,30cm,GBM,clean,30,3.2,6,-1.3425110253047638,-1.3539194741517968
LODO,30cm,GBM,clean,30,3.2,7,-1.172933934122319,-1.1540452385793563
LODO,30cm,GBM,clean,30,3.2,8,-1.0802819258489889,-1.1076706801853293
LODO,30cm,GBM,clean,30,3.6,6,-0.9038062946979222,-0.9494798126262258
LODO,30cm,GBM,clean,30,3.6,7,-0.7561784467435241,-0.8617443547339521
LODO,30cm,GBM,clean,30,3.6,8,-0.7603427195380671,-0.8642973061110472
LODO,30cm,GBM,clean,30,4.0,6,-1.0729927274681688,-1.0398141393153986
LODO,30cm,GBM,clean,30,4.0,7,-0.9723609590376543,-0.9520786814231246
LODO,30cm,GBM,clean,30,4.0,8,-0.9050783891613561,-0.9546316328002197
LODO,30cm,GBM,pump,30,0.4,6,-4.3902722284270705,-4.695149316976633
LODO,30cm,GBM,pump,30,0.4,7,-4.6878607412383815,-4.097877902234674
LODO,30cm,GBM,pump,30,0.4,8,-3.275222932501349,-3.494283509032388
LODO,30cm,GBM,pump,30,0.8,6,-3.560969048226999,-3.97297334853087
LODO,30cm,GBM,pump,30,0.8,7,-3.9120447572624624,-3.494263669449135
LODO,30cm,GBM,pump,30,0.8,8,-3.1290772414327868,-3.218251908188648
LODO,30cm,GBM,pump,30,1.2,6,-3.9509409892378637,-3.6839551774939223
LODO,30cm,GBM,pump,30,1.2,7,-3.6690062018996525,-3.2847571619487947
LODO,30cm,GBM,pump,30,1.2,8,-2.9193446572606425,-2.7333358150323828
LODO,30cm,GBM,pump,30,1.6,6,-2.623116590279776,-2.536732059223658
LODO,30cm,GBM,pump,30,1.6,7,-2.084352745470972,-2.264887676849766
LODO,30cm,GBM,pump,30,1.6,8,-1.7892829577312397,-1.8859462628823187
LODO,30cm,GBM,pump,30,2.0,6,-3.4482646325771356,-3.108118904639555
LODO,30cm,GBM,pump,30,2.0,7,-2.654765501274814,-2.48172001185606
LODO,30cm,GBM,pump,30,2.0,8,-2.4534067540308544,-2.2670467186808576
LODO,30cm,GBM,pump,30,2.4,6,-1.9446675472258739,-1.9659561688321274
LODO,30cm,GBM,pump,30,2.4,7,-1.5443786759688785,-1.5581187946167565
LODO,30cm,GBM,pump,30,2.4,8,-1.364167550191229,-1.3537801083530705
LODO,30cm,GBM,pump,30,2.8,6,-1.6368808760844933,-1.6137801450778047
LODO,30cm,GBM,pump,30,2.8,7,-1.3392701416647403,-1.3311130542220937
LODO,30cm,GBM,pump,30,2.8,8,-1.2153242348709055,-1.1927138209017816
LODO,30cm,GBM,pump,30,3.2,6,-1.3494729561764265,-1.3575662208194563
LODO,30cm,GBM,pump,30,3.2,7,-1.1758474711411462,-1.1542319183246554
LODO,30cm,GBM,pump,30,3.2,8,-1.074035924838685,-1.1004542472786392
LODO,30cm,GBM,pump,30,3.6,6,-0.8948339809189286,-0.9531265592938853
LODO,30cm,GBM,pump,30,3.6,7,-0.7468510702546478,-0.8619310344792511
LODO,30cm,GBM,pump,30,3.6,8,-0.728869639248368,-0.8570808732043567
LODO,30cm,GBM,pump,30,4.0,6,-1.0663502617351819,-1.043460885983058
LODO,30cm,GBM,pump,30,4.0,7,-0.9664516037991582,-0.9522653611684236
LODO,30cm,GBM,pump,30,4.0,8,-0.9156060567853214,-0.9474151998935292
LODO,30cm,MLP,clean,30,0.4,6,-5.0,-4.717267469043186
LODO,30cm,MLP,clean,30,0.4,7,-4.292256140843599,-4.132370227660641
LODO,30cm,MLP,clean,30,0.4,8,-3.7607781250912065,-3.593385111752264
LODO,30cm,MLP,clean,30,0.8,6,-4.038089828841834,-4.255269083119977
LODO,30cm,MLP,clean,30,0.8,7,-3.845098474308956,-3.6432590028078886
LODO,30cm,MLP,clean,30,0.8,8,-3.258832637569262,-3.1098522374915607
LODO,30cm,MLP,clean,30,1.2,6,-4.147234636913154,-3.7981850685858127
LODO,30cm,MLP,clean,30,1.2,7,-3.815135453602521,-3.1246188730549895
LODO,30cm,MLP,clean,30,1.2,8,-3.1219943794368965,-2.594081541968156
LODO,30cm,MLP,clean,30,1.6,6,-2.52251119819198,-3.227404653210693
LODO,30cm,MLP,clean,30,1.6,7,-2.033618884397456,-2.5958317521362115
LODO,30cm,MLP,clean,30,1.6,8,-1.8206723074471534,-2.0685145056286616
LODO,30cm,MLP,clean,30,2.0,6,-3.2847623574027947,-2.585505161694744
LODO,30cm,MLP,clean,30,2.0,7,-2.8358911315575748,-2.019934354999451
LODO,30cm,MLP,clean,30,2.0,8,-2.318205389860206,-1.8462331886080277
LODO,30cm,MLP,clean,30,2.4,6,-1.9466180407944937,-2.0613185601296404
LODO,30cm,MLP,clean,30,2.4,7,-1.5717663666096071,-1.5786466592773887
LODO,30cm,MLP,clean,30,2.4,8,-1.4374644743786638,-1.6739838437950163
LODO,30cm,MLP,clean,30,2.8,6,-1.6106761801657292,-1.658887765744665
LODO,30cm,MLP,clean,30,2.8,7,-1.3309296305763305,-1.2536225599468462
LODO,30cm,MLP,clean,30,2.8,8,-1.2346660479001925,-1.4132132951051721
LODO,30cm,MLP,clean,30,3.2,6,-1.3425110253047638,-1.4152115107945527
LODO,30cm,MLP,clean,30,3.2,7,-1.172933934122319,-1.051555103915712
LODO,30cm,MLP,clean,30,3.2,8,-1.0802819258489889,-1.1615393591772403
LODO,30cm,MLP,clean,30,3.6,6,-0.9038062946979222,-1.2366732655038386
LODO,30cm,MLP,clean,30,3.6,7,-0.7561784467435241,-0.9007706113938707
LODO,30cm,MLP,clean,30,3.6,8,-0.7603427195380671,-0.9869827535928507
LODO,30cm,MLP,clean,30,4.0,6,-1.0729927274681688,-1.0930722314564596
LODO,30cm,MLP,clean,30,4.0,7,-0.9723609590376543,-0.7795739738494905
LODO,30cm,MLP,clean,30,4.0,8,-0.9050783891613561,-0.8483972992928774
LODO,30cm,MLP,pump,30,0.4,6,-4.3902722284270705,-4.617748989354006
LODO,30cm,MLP,pump,30,0.4,7,-4.6878607412383815,-3.9505590292287724
LODO,30cm,MLP,pump,30,0.4,8,-3.275222932501349,-3.549084538316124
LODO,30cm,MLP,pump,30,0.8,6,-3.560969048226999,-4.164810540351625
LODO,30cm,MLP,pump,30,0.8,7,-3.9120447572624624,-3.5519317018667844
LODO,30cm,MLP,pump,30,0.8,8,-3.1290772414327868,-3.0748246695285317
LODO,30cm,MLP,pump,30,1.2,6,-3.9509409892378637,-3.6683857744994066
LODO,30cm,MLP,pump,30,1.2,7,-3.6690062018996525,-3.147350099617393
LODO,30cm,MLP,pump,30,1.2,8,-2.9193446572606425,-2.6183477252127543
LODO,30cm,MLP,pump,30,1.6,6,-2.623116590279776,-3.1077797191004817
LODO,30cm,MLP,pump,30,1.6,7,-2.084352745470972,-2.7076372349797344
LODO,30cm,MLP,pump,30,1.6,8,-1.7892829577312397,-2.2011329850758057
LODO,30cm,MLP,pump,30,2.0,6,-3.4482646325771356,-2.5990909842830847
LODO,30cm,MLP,pump,30,2.0,7,-2.654765501274814,-2.1920739901384647
LODO,30cm,MLP,pump,30,2.0,8,-2.4534067540308544,-1.7804401357281314
LODO,30cm,MLP,pump,30,2.4,6,-1.9446675472258739,-2.088078399949123
LODO,30cm,MLP,pump,30,2.4,7,-1.5443786759688785,-1.692377519071484
LODO,30cm,MLP,pump,30,2.4,8,-1.364167550191229,-1.4603799960087205
LODO,30cm,MLP,pump,30,2.8,6,-1.6368808760844933,-1.6949423124330103
LODO,30cm,MLP,pump,30,2.8,7,-1.3392701416647403,-1.2821874882733182
LODO,30cm,MLP,pump,30,2.8,8,-1.2153242348709055,-1.2569895087832488
LODO,30cm,MLP,pump,30,3.2,6,-1.3494729561764265,-1.3237756635997382
LODO,30cm,MLP,pump,30,3.2,7,-1.1758474711411462,-1.1129766758305752
LODO,30cm,MLP,pump,30,3.2,8,-1.074035924838685,-1.0938305511451083
LODO,30cm,MLP,pump,30,3.6,6,-0.8948339809189286,-1.0362234954271594
LODO,30cm,MLP,pump,30,3.6,7,-0.7468510702546478,-1.0422335733672563
LODO,30cm,MLP,pump,30,3.6,8,-0.728869639248368,-1.0061448809094404
LODO,30cm,MLP,pump,30,4.0,6,-1.0663502617351819,-0.9490032631069665
LODO,30cm,MLP,pump,30,4.0,7,-0.9664516037991582,-0.9839922323655141
LODO,30cm,MLP,pump,30,4.0,8,-0.9156060567853214,-0.9821889044856837
LODO,35cm,Mean,clean,35,0.4,6,-5.0,-2.165877093483558
LODO,35cm,Mean,clean,35,0.4,7,-3.8772829238293114,-2.165877093483558
LODO,35cm,Mean,clean,35,0.4,8,-3.1716823901990363,-2.165877093483558
LODO,35cm,Mean,clean,35,0.8,6,-3.690163378885209,-2.165877093483558
LODO,35cm,Mean,clean,35,0.8,7,-3.6690062018996525,-2.165877093483558
LODO,35cm,Mean,clean,35,0.8,8,-2.6294980130865357,-2.165877093483558
LODO,35cm,Mean,clean,35,1.2,6,-3.6913032908273498,-2.165877093483558
LODO,35cm,Mean,clean,35,1.2,7,-3.3577571353193387,-2.165877093483558
LODO,35cm,Mean,clean,35,1.2,8,-2.779037245673937,-2.165877093483558
LODO,35cm,Mean,clean,35,1.6,6,-2.5561692796553133,-2.165877093483558
LODO,35cm,Mean,clean,35,1.6,7,-2.0648838760590325,-2.165877093483558
LODO,35cm,Mean,clean,35,1.6,8,-1.7259368742238739,-2.165877093483558
LODO,35cm,Mean,clean,35,2.0,6,-3.2141813249498643,-2.165877093483558
LODO,35cm,Mean,clean,35,2.0,7,-2.6923734794076064,-2.165877093483558
LODO,35cm,Mean,clean,35,2.0,8,-2.4970719549439377,-2.165877093483558
LODO,35cm,Mean,clean,35,2.4,6,-1.9565041134616181,-2.165877093483558
LODO,35cm,Mean,clean,35,2.4,7,-1.5534752592695638,-2.165877093483558
LODO,35cm,Mean,clean,35,2.4,8,-1.3872161432802645,-2.165877093483558
LODO,35cm,Mean,clean,35,2.8,6,-1.6186845219251065,-2.165877093483558
LODO,35cm,Mean,clean,35,2.8,7,-1.3191280699118726,-2.165877093483558
LODO,35cm,Mean,clean,35,2.8,8,-1.2026334208440188,-2.165877093483558
LODO,35cm,Mean,clean,35,3.2,6,-1.3489789549515165,-2.165877093483558
LODO,35cm,Mean,clean,35,3.2,7,-1.1703026452355763,-2.165877093483558
LODO,35cm,Mean,clean,35,3.2,8,-1.0735628833798578,-2.165877093483558
LODO,35cm,Mean,clean,35,3.6,6,-0.9015293343493707,-2.165877093483558
LODO,35cm,Mean,clean,35,3.6,7,-0.7829716458515488,-2.165877093483558
LODO,35cm,Mean,clean,35,3.6,8,-0.7687955528496674,-2.165877093483558
LODO,35cm,Mean,clean,35,4.0,6,-1.065116409476463,-2.165877093483558
LODO,35cm,Mean,clean,35,4.0,7,-0.9656322785183896,-2.165877093483558
LODO,35cm,Mean,clean,35,4.0,8,-0.9423186846409161,-2.165877093483558
LODO,35cm,Mean,pump,35,0.4,6,-4.691303290827349,-2.165877093483558
LODO,35cm,Mean,pump,35,0.4,7,-4.514105457938539,-2.165877093483558
LODO,35cm,Mean,pump,35,0.4,8,-3.4727117410016213,-2.165877093483558
LODO,35cm,Mean,pump,35,0.8,6,-3.6306041518385914,-2.165877093483558
LODO,35cm,Mean,pump,35,0.8,7,-3.59328613650758,-2.165877093483558
LODO,35cm,Mean,pump,35,0.8,8,-3.035201255169571,-2.165877093483558
LODO,35cm,Mean,pump,35,1.2,6,-3.8462034221239003,-2.165877093483558
LODO,35cm,Mean,pump,35,1.2,7,-3.611014761598481,-2.165877093483558
LODO,35cm,Mean,pump,35,1.2,8,-2.9120447572624624,-2.165877093483558
LODO,35cm,Mean,pump,35,1.6,6,-2.467287651539519,-2.165877093483558
LODO,35cm,Mean,pump,35,1.6,7,-2.0806017988508256,-2.165877093483558
LODO,35cm,Mean,pump,35,1.6,8,-1.8457190906753538,-2.165877093483558
LODO,35cm,Mean,pump,35,2.0,6,-3.348880028148656,-2.165877093483558
LODO,35cm,Mean,pump,35,2.0,7,-2.595026100701576,-2.165877093483558
LODO,35cm,Mean,pump,35,2.0,8,-2.1932666532519063,-2.165877093483558
LODO,35cm,Mean,pump,35,2.4,6,-1.9388680821670696,-2.165877093483558
LODO,35cm,Mean,pump,35,2.4,7,-1.5587385900052397,-2.165877093483558
LODO,35cm,Mean,pump,35,2.4,8,-1.4148845872497535,-2.165877093483558
LODO,35cm,Mean,pump,35,2.8,6,-1.6389940701318038,-2.165877093483558
LODO,35cm,Mean,pump,35,2.8,7,-1.3268666150240982,-2.165877093483558
LODO,35cm,Mean,pump,35,2.8,8,-1.2096141926682262,-2.165877093483558
LODO,35cm,Mean,pump,35,3.2,6,-1.3375784046082952,-2.165877093483558
LODO,35cm,Mean,pump,35,3.2,7,-1.1720113943438748,-2.165877093483558
LODO,35cm,Mean,pump,35,3.2,8,-1.0556180168782245,-2.165877093483558
LODO,35cm,Mean,pump,35,3.6,6,-0.888391398798405,-2.165877093483558
LODO,35cm,Mean,pump,35,3.6,7,-0.7450219498443256,-2.165877093483558
LODO,35cm,Mean,pump,35,3.6,8,-0.7127246673245137,-2.165877093483558
LODO,35cm,Mean,pump,35,4.0,6,-1.0630160264948865,-2.165877093483558
LODO,35cm,Mean,pump,35,4.0,7,-0.9529238239664289,-2.165877093483558
LODO,35cm,Mean,pump,35,4.0,8,-0.9163719832017023,-2.165877093483558
LODO,35cm,Ridge(poly),clean,35,0.4,6,-5.0,-4.622881006336172
LODO,35cm,Ridge(poly),clean,35,0.4,7,-3.8772829238293114,-4.138290171183156
LODO,35cm,Ridge(poly),clean,35,0.4,8,-3.1716823901990363,-3.65369933603014
LODO,35cm,Ridge(poly),clean,35,0.8,6,-3.690163378885209,-4.0368728547019925
LODO,35cm,Ridge(poly),clean,35,0.8,7,-3.6690062018996525,-3.5876208130294973
LODO,35cm,Ridge(poly),clean,35,0.8,8,-2.6294980130865357,-3.138368771357002
LODO,35cm,Ridge(poly),clean,35,1.2,6,-3.6913032908273498,-3.4962259099011086
LODO,35cm,Ridge(poly),clean,35,1.2,7,-3.3577571353193387,-3.0823126617091345
LODO,35cm,Ridge(poly),clean,35,1.2,8,-2.779037245673937,-2.66839941351716
LODO,35cm,Ridge(poly),clean,35,1.6,6,-2.5561692796553133,-3.00094017193352
LODO,35cm,Ridge(poly),clean,35,1.6,7,-2.0648838760590325,-2.622365717222066
LODO,35cm,Ridge(poly),clean,35,1.6,8,-1.7259368742238739,-2.2437912625106122
LODO,35cm,Ridge(poly),clean,35,2.0,6,-3.2141813249498643,-2.551015640799226
LODO,35cm,Ridge(poly),clean,35,2.0,7,-2.6923734794076064,-2.2077799795682935
LODO,35cm,Ridge(poly),clean,35,2.0,8,-2.4970719549439377,-1.8645443183373605
LODO,35cm,Ridge(poly),clean,35,2.4,6,-1.9565041134616181,-2.146452316498228
LODO,35cm,Ridge(poly),clean,35,2.4,7,-1.5534752592695638,-1.8385554487478162
LODO,35cm,Ridge(poly),clean,35,2.4,8,-1.3872161432802645,-1.5306585809974036
LODO,35cm,Ridge(poly),clean,35,2.8,6,-1.6186845219251065,-1.7872501990305252
LODO,35cm,Ridge(poly),clean,35,2.8,7,-1.3191280699118726,-1.5146921247606335
LODO,35cm,Ridge(poly),clean,35,2.8,8,-1.2026334208440188,-1.2421340504907419
LODO,35cm,Ridge(poly),clean,35,3.2,6,-1.3489789549515165,-1.4734092883961176
LODO,35cm,Ridge(poly),clean,35,3.2,7,-1.1703026452355763,-1.2361900076067467
LODO,35cm,Ridge(poly),clean,35,3.2,8,-1.0735628833798578,-0.9989707268173758
LODO,35cm,Ridge(poly),clean,35,3.6,6,-0.9015293343493707,-1.2049295845950054
LODO,35cm,Ridge(poly),clean,35,3.6,7,-0.7829716458515488,-1.003049097286155
LODO,35cm,Ridge(poly),clean,35,3.6,8,-0.7687955528496674,-0.8011686099773048
LODO,35cm,Ridge(poly),clean,35,4.0,6,-1.065116409476463,-0.9818110876271882
LODO,35cm,Ridge(poly),clean,35,4.0,7,-0.9656322785183896,-0.8152693937988587
LODO,35cm,Ridge(poly),clean,35,4.0,8,-0.9423186846409161,-0.6487276999705296
LODO,35cm,Ridge(poly),pump,35,0.4,6,-4.691303290827349,-4.545410110320816
LODO,35cm,Ridge(poly),pump,35,0.4,7,-4.514105457938539,-4.0608192751678
LODO,35cm,Ridge(poly),pump,35,0.4,8,-3.4727117410016213,-3.5762284400147832
LODO,35cm,Ridge(poly),pump,35,0.8,6,-3.6306041518385914,-3.9594019586866356
LODO,35cm,Ridge(poly),pump,35,0.8,7,-3.59328613650758,-3.5101499170141404
LODO,35cm,Ridge(poly),pump,35,0.8,8,-3.035201255169571,-3.060897875341645
LODO,35cm,Ridge(poly),pump,35,1.2,6,-3.8462034221239003,-3.418755013885752
LODO,35cm,Ridge(poly),pump,35,1.2,7,-3.611014761598481,-3.0048417656937776
LODO,35cm,Ridge(poly),pump,35,1.2,8,-2.9120447572624624,-2.590928517501803
LODO,35cm,Ridge(poly),pump,35,1.6,6,-2.467287651539519,-2.923469275918163
LODO,35cm,Ridge(poly),pump,35,1.6,7,-2.0806017988508256,-2.544894821206709
LODO,35cm,Ridge(poly),pump,35,1.6,8,-1.8457190906753538,-2.1663203664952553
LODO,35cm,Ridge(poly),pump,35,2.0,6,-3.348880028148656,-2.4735447447838697
LODO,35cm,Ridge(poly),pump,35,2.0,7,-2.595026100701576,-2.1303090835529366
LODO,35cm,Ridge(poly),pump,35,2.0,8,-2.1932666532519063,-1.7870734223220037
LODO,35cm,Ridge(poly),pump,35,2.4,6,-1.9388680821670696,-2.0689814204828716
LODO,35cm,Ridge(poly),pump,35,2.4,7,-1.5587385900052397,-1.7610845527324592
LODO,35cm,Ridge(poly),pump,35,2.4,8,-1.4148845872497535,-1.4531876849820469
LODO,35cm,Ridge(poly),pump,35,2.8,6,-1.6389940701318038,-1.7097793030151682
LODO,35cm,Ridge(poly),pump,35,2.8,7,-1.3268666150240982,-1.4372212287452768
LODO,35cm,Ridge(poly),pump,35,2.8,8,-1.2096141926682262,-1.1646631544753854
LODO,35cm,Ridge(poly),pump,35,3.2,6,-1.3375784046082952,-1.395938392380761
LODO,35cm,Ridge(poly),pump,35,3.2,7,-1.1720113943438748,-1.15871911159139
LODO,35cm,Ridge(poly),pump,35,3.2,8,-1.0556180168782245,-0.921499830802019
LODO,35cm,Ridge(poly),pump,35,3.6,6,-0.888391398798405,-1.1274586885796487
LODO,35cm,Ridge(poly),pump,35,3.6,7,-0.7450219498443256,-0.9255782012707985
LODO,35cm,Ridge(poly),pump,35,3.6,8,-0.7127246673245137,-0.723697713961948
LODO,35cm,Ridge(poly),pump,35,4.0,6,-1.0630160264948865,-0.9043401916118314
LODO,35cm,Ridge(poly),pump,35,4.0,7,-0.9529238239664289,-0.7377984977835021
LODO,35cm,Ridge(poly),pump,35,4.0,8,-0.9163719832017023,-0.5712568039551731
LODO,35cm,GBM,clean,35,0.4,6,-5.0,-4.802801007010827
LODO,35cm,GBM,clean,35,0.4,7,-3.8772829238293114,-4.2522749577945484
LODO,35cm,GBM,clean,35,0.4,8,-3.1716823901990363,-3.627128701373548
LODO,35cm,GBM,clean,35,0.8,6,-3.690163378885209,-4.018822351550096
LODO,35cm,GBM,clean,35,0.8,7,-3.6690062018996525,-3.5483940312538134
LODO,35cm,GBM,clean,35,0.8,8,-2.6294980130865357,-3.3245910401118177
LODO,35cm,GBM,clean,35,1.2,6,-3.6913032908273498,-3.7153686664153427
LODO,35cm,GBM,clean,35,1.2,7,-3.3577571353193387,-3.337189568064701
LODO,35cm,GBM,clean,35,1.2,8,-2.779037245673937,-2.8182517987769016
LODO,35cm,GBM,clean,35,1.6,6,-2.5561692796553133,-2.608745707091311
LODO,35cm,GBM,clean,35,1.6,7,-2.0648838760590325,-2.246018939751207
LODO,35cm,GBM,clean,35,1.6,8,-1.7259368742238739,-1.8763955962321102
LODO,35cm,GBM,clean,35,2.0,6,-3.2141813249498643,-3.153837722184272
LODO,35cm,GBM,clean,35,2.0,7,-2.6923734794076064,-2.579574044449114
LODO,35cm,GBM,clean,35,2.0,8,-2.4970719549439377,-2.270037879189612
LODO,35cm,GBM,clean,35,2.4,6,-1.9565041134616181,-1.9602035921340162
LODO,35cm,GBM,clean,35,2.4,7,-1.5534752592695638,-1.5525297992616327
LODO,35cm,GBM,clean,35,2.4,8,-1.3872161432802645,-1.3576666747601442
LODO,35cm,GBM,clean,35,2.8,6,-1.6186845219251065,-1.6023759093069316
LODO,35cm,GBM,clean,35,2.8,7,-1.3191280699118726,-1.3269867290239048
LODO,35cm,GBM,clean,35,2.8,8,-1.2026334208440188,-1.1955019737175872
LODO,35cm,GBM,clean,35,3.2,6,-1.3489789549515165,-1.362585792250147
LODO,35cm,GBM,clean,35,3.2,7,-1.1703026452355763,-1.1564964420493626
LODO,35cm,GBM,clean,35,3.2,8,-1.0735628833798578,-1.1130754132536724
LODO,35cm,GBM,clean,35,3.6,6,-0.9015293343493707,-0.9662712460392225
LODO,35cm,GBM,clean,35,3.6,7,-0.7829716458515488,-0.8756127273660558
LODO,35cm,GBM,clean,35,3.6,8,-0.7687955528496674,-0.8789255680853052
LODO,35cm,GBM,clean,35,4.0,6,-1.065116409476463,-1.0257517320763867
LODO,35cm,GBM,clean,35,4.0,7,-0.9656322785183896,-0.9350932134032195
LODO,35cm,GBM,clean,35,4.0,8,-0.9423186846409161,-0.933430466910591
LODO,35cm,GBM,pump,35,0.4,6,-4.691303290827349,-4.675584876397889
LODO,35cm,GBM,pump,35,0.4,7,-4.514105457938539,-4.154940903889101
LODO,35cm,GBM,pump,35,0.4,8,-3.4727117410016213,-3.493752555001253
LODO,35cm,GBM,pump,35,0.8,6,-3.6306041518385914,-3.984705274983686
LODO,35cm,GBM,pump,35,0.8,7,-3.59328613650758,-3.520663698012567
LODO,35cm,GBM,pump,35,0.8,8,-3.035201255169571,-3.278360796409857
LODO,35cm,GBM,pump,35,1.2,6,-3.8462034221239003,-3.7088877512119325
LODO,35cm,GBM,pump,35,1.2,7,-3.611014761598481,-3.327001416829586
LODO,35cm,GBM,pump,35,1.2,8,-2.9120447572624624,-2.7720215550749407
LODO,35cm,GBM,pump,35,1.6,6,-2.467287651539519,-2.602264791887901
LODO,35cm,GBM,pump,35,1.6,7,-2.0806017988508256,-2.235830788516092
LODO,35cm,GBM,pump,35,1.6,8,-1.8457190906753538,-1.8301653525301487
LODO,35cm,GBM,pump,35,2.0,6,-3.348880028148656,-3.147356806980862
LODO,35cm,GBM,pump,35,2.0,7,-2.595026100701576,-2.5693858932139992
LODO,35cm,GBM,pump,35,2.0,8,-2.1932666532519063,-2.2238076354876513
LODO,35cm,GBM,pump,35,2.4,6,-1.9388680821670696,-1.9537226769306064
LODO,35cm,GBM,pump,35,2.4,7,-1.5587385900052397,-1.5423416480265182
LODO,35cm,GBM,pump,35,2.4,8,-1.4148845872497535,-1.3114364310581834
LODO,35cm,GBM,pump,35,2.8,6,-1.6389940701318038,-1.5958949941035219
LODO,35cm,GBM,pump,35,2.8,7,-1.3268666150240982,-1.3167985777887903
LODO,35cm,GBM,pump,35,2.8,8,-1.2096141926682262,-1.1492717300156263
LODO,35cm,GBM,pump,35,3.2,6,-1.3375784046082952,-1.3561048770467372
LODO,35cm,GBM,pump,35,3.2,7,-1.1720113943438748,-1.1463082908142481
LODO,35cm,GBM,pump,35,3.2,8,-1.0556180168782245,-1.0668451695517116
LODO,35cm,GBM,pump,35,3.6,6,-0.888391398798405,-0.9597903308358124
LODO,35cm,GBM,pump,35,3.6,7,-0.7450219498443256,-0.8654245761309408
LODO,35cm,GBM,pump,35,3.6,8,-0.7127246673245137,-0.8326953243833445
LODO,35cm,GBM,pump,35,4.0,6,-1.0630160264948865,-1.019270816872977
LODO,35cm,GBM,pump,35,4.0,7,-0.9529238239664289,-0.9249050621681045
LODO,35cm,GBM,pump,35,4.0,8,-0.9163719832017023,-0.8872002232086302
LODO,35cm,MLP,clean,35,0.4,6,-5.0,-4.797191067522007
LODO,35cm,MLP,clean,35,0.4,7,-3.8772829238293114,-4.229528491220211
LODO,35cm,MLP,clean,35,0.4,8,-3.1716823901990363,-3.7421924980456467
LODO,35cm,MLP,clean,35,0.8,6,-3.690163378885209,-4.302797732690641
LODO,35cm,MLP,clean,35,0.8,7,-3.6690062018996525,-3.695552691342137
LODO,35cm,MLP,clean,35,0.8,8,-2.6294980130865357,-3.227725040746552
LODO,35cm,MLP,clean,35,1.2,6,-3.6913032908273498,-3.806106289573913
LODO,35cm,MLP,clean,35,1.2,7,-3.3577571353193387,-3.0894876827369897
LODO,35cm,MLP,clean,35,1.2,8,-2.779037245673937,-2.6768289806175742
LODO,35cm,MLP,clean,35,1.6,6,-2.5561692796553133,-3.277256436941015
LODO,35cm,MLP,clean,35,1.6,7,-2.0648838760590325,-2.4898452755668874
LODO,35cm,MLP,clean,35,1.6,8,-1.7259368742238739,-2.1239678550956795
LODO,35cm,MLP,clean,35,2.0,6,-3.2141813249498643,-2.676537198561199
LODO,35cm,MLP,clean,35,2.0,7,-2.6923734794076064,-2.007713374192153
LODO,35cm,MLP,clean,35,2.0,8,-2.4970719549439377,-1.8582800178926457
LODO,35cm,MLP,clean,35,2.4,6,-1.9565041134616181,-2.157825191890001
LODO,35cm,MLP,clean,35,2.4,7,-1.5534752592695638,-1.57380279709556
LODO,35cm,MLP,clean,35,2.4,8,-1.3872161432802645,-1.6818806018533041
LODO,35cm,MLP,clean,35,2.8,6,-1.6186845219251065,-1.6777989316661317
LODO,35cm,MLP,clean,35,2.8,7,-1.3191280699118726,-1.2946560021292581
LODO,35cm,MLP,clean,35,2.8,8,-1.2026334208440188,-1.3950155084711346
LODO,35cm,MLP,clean,35,3.2,6,-1.3489789549515165,-1.4042825283630407
LODO,35cm,MLP,clean,35,3.2,7,-1.1703026452355763,-1.1060724185965862
LODO,35cm,MLP,clean,35,3.2,8,-1.0735628833798578,-1.1417286537297315
LODO,35cm,MLP,clean,35,3.6,6,-0.9015293343493707,-1.2431929660132595
LODO,35cm,MLP,clean,35,3.6,7,-0.7829716458515488,-0.9688245471978412
LODO,35cm,MLP,clean,35,3.6,8,-0.7687955528496674,-0.982939244697171
LODO,35cm,MLP,clean,35,4.0,6,-1.065116409476463,-1.062346348373571
LODO,35cm,MLP,clean,35,4.0,7,-0.9656322785183896,-0.8636715019109076
LODO,35cm,MLP,clean,35,4.0,8,-0.9423186846409161,-0.8557304625228859
LODO,35cm,MLP,pump,35,0.4,6,-4.691303290827349,-4.546727341210843
LODO,35cm,MLP,pump,35,0.4,7,-4.514105457938539,-3.932292388160287
LODO,35cm,MLP,pump,35,0.4,8,-3.4727117410016213,-3.432938965681844
LODO,35cm,MLP,pump,35,0.8,6,-3.6306041518385914,-4.076090034241792
LODO,35cm,MLP,pump,35,0.8,7,-3.59328613650758,-3.5083249301991
LODO,35cm,MLP,pump,35,0.8,8,-3.035201255169571,-2.988675716396652
LODO,35cm,MLP,pump,35,1.2,6,-3.8462034221239003,-3.578286076047946
LODO,35cm,MLP,pump,35,1.2,7,-3.611014761598481,-3.067884637757336
LODO,35cm,MLP,pump,35,1.2,8,-2.9120447572624624,-2.5691496364121447
LODO,35cm,MLP,pump,35,1.6,6,-2.467287651539519,-3.077973915244894
LODO,35cm,MLP,pump,35,1.6,7,-2.0806017988508256,-2.5830957053974686
LODO,35cm,MLP,pump,35,1.6,8,-1.8457190906753538,-2.1335024750812837
LODO,35cm,MLP,pump,35,2.0,6,-3.348880028148656,-2.633142827053752
LODO,35cm,MLP,pump,35,2.0,7,-2.595026100701576,-2.023825096106044
LODO,35cm,MLP,pump,35,2.0,8,-2.1932666532519063,-1.7133561553461316
LODO,35cm,MLP,pump,35,2.4,6,-1.9388680821670696,-2.1919838327102874
LODO,35cm,MLP,pump,35,2.4,7,-1.5587385900052397,-1.6185607991533533
LODO,35cm,MLP,pump,35,2.4,8,-1.4148845872497535,-1.3977841430957285
LODO,35cm,MLP,pump,35,2.8,6,-1.6389940701318038,-1.7198280449289167
LODO,35cm,MLP,pump,35,2.8,7,-1.3268666150240982,-1.2473956693465256
LODO,35cm,MLP,pump,35,2.8,8,-1.2096141926682262,-1.1666147912905291
LODO,35cm,MLP,pump,35,3.2,6,-1.3375784046082952,-1.2584895082375949
LODO,35cm,MLP,pump,35,3.2,7,-1.1720113943438748,-1.0866844210377837
LODO,35cm,MLP,pump,35,3.2,8,-1.0556180168782245,-1.0526442562519285
LODO,35cm,MLP,pump,35,3.6,6,-0.888391398798405,-1.043354516673776
LODO,35cm,MLP,pump,35,3.6,7,-0.7450219498443256,-1.0267707680693026
LODO,35cm,MLP,pump,35,3.6,8,-0.7127246673245137,-0.9888942902540168
LODO,35cm,MLP,pump,35,4.0,6,-1.0630160264948865,-0.9709885626645807
LODO,35cm,MLP,pump,35,4.0,7,-0.9529238239664289,-0.9451403870159216
LODO,35cm,MLP,pump,35,4.0,8,-0.9163719832017023,-0.9204725593785295
LODO,40cm,Mean,clean,40,0.4,6,-5.0,-2.1674573563719166
LODO,40cm,Mean,clean,40,0.4,7,-3.991225293963131,-2.1674573563719166
LODO,40cm,Mean,clean,40,0.4,8,-3.6690062018996525,-2.1674573563719166
LODO,40cm,Mean,clean,40,0.8,6,-3.9509409892378637,-2.1674573563719166
LODO,40cm,Mean,clean,40,0.8,7,-3.133893506878819,-2.1674573563719166
LODO,40cm,Mean,clean,40,0.8,8,-3.250863765219055,-2.1674573563719166
LODO,40cm,Mean,clean,40,1.2,6,-3.6306041518385914,-2.1674573563719166
LODO,40cm,Mean,clean,40,1.2,7,-2.942006967287466,-2.1674573563719166
LODO,40cm,Mean,clean,40,1.2,8,-2.7925703081157174,-2.1674573563719166
LODO,40cm,Mean,clean,40,1.6,6,-2.5807135474509666,-2.1674573563719166
LODO,40cm,Mean,clean,40,1.6,7,-2.00177641821642,-2.1674573563719166
LODO,40cm,Mean,clean,40,1.6,8,-1.8340704865404978,-2.1674573563719166
LODO,40cm,Mean,clean,40,2.0,6,-3.3202342483368845,-2.1674573563719166
LODO,40cm,Mean,clean,40,2.0,7,-2.854505254933545,-2.1674573563719166
LODO,40cm,Mean,clean,40,2.0,8,-2.265314557685483,-2.1674573563719166
LODO,40cm,Mean,clean,40,2.4,6,-1.9537116918168105,-2.1674573563719166
LODO,40cm,Mean,clean,40,2.4,7,-1.576085990652095,-2.1674573563719166
LODO,40cm,Mean,clean,40,2.4,8,-1.416963408035678,-2.1674573563719166
LODO,40cm,Mean,clean,40,2.8,6,-1.5994602837944614,-2.1674573563719166
LODO,40cm,Mean,clean,40,2.8,7,-1.321630053032115,-2.1674573563719166
LODO,40cm,Mean,clean,40,2.8,8,-1.238946890486154,-2.1674573563719166
LODO,40cm,Mean,clean,40,3.2,6,-1.3432896155862624,-2.1674573563719166
LODO,40cm,Mean,clean,40,3.2,7,-1.1699749325402082,-2.1674573563719166
LODO,40cm,Mean,clean,40,3.2,8,-1.0848371653148652,-2.1674573563719166
LODO,40cm,Mean,clean,40,3.6,6,-0.9174443999326253,-2.1674573563719166
LODO,40cm,Mean,clean,40,3.6,7,-0.7761433784090903,-2.1674573563719166
LODO,40cm,Mean,clean,40,3.6,8,-0.7642140827002326,-2.1674573563719166
LODO,40cm,Mean,clean,40,4.0,6,-1.061129178615983,-2.1674573563719166
LODO,40cm,Mean,clean,40,4.0,7,-0.9693759938398316,-2.1674573563719166
LODO,40cm,Mean,clean,40,4.0,8,-0.9395325856638762,-2.1674573563719166
LODO,40cm,Mean,pump,40,0.4,6,-4.992333286491331,-2.1674573563719166
LODO,40cm,Mean,pump,40,0.4,7,-3.9120447572624624,-2.1674573563719166
LODO,40cm,Mean,pump,40,0.4,8,-3.2669504683073214,-2.1674573563719166
LODO,40cm,Mean,pump,40,0.8,6,-3.9509409892378637,-2.1674573563719166
LODO,40cm,Mean,pump,40,0.8,7,-3.1918856227488086,-2.1674573563719166
LODO,40cm,Mean,pump,40,0.8,8,-3.00445430560815,-2.1674573563719166
LODO,40cm,Mean,pump,40,1.2,6,-3.9923332864913306,-2.1674573563719166
LODO,40cm,Mean,pump,40,1.2,7,-3.4349235025427998,-2.1674573563719166
LODO,40cm,Mean,pump,40,1.2,8,-2.838937608972982,-2.1674573563719166
LODO,40cm,Mean,pump,40,1.6,6,-2.4545135111801146,-2.1674573563719166
LODO,40cm,Mean,pump,40,1.6,7,-2.009407658723836,-2.1674573563719166
LODO,40cm,Mean,pump,40,1.6,8,-1.7803735656045006,-2.1674573563719166
LODO,40cm,Mean,pump,40,2.0,6,-3.2214804793167837,-2.1674573563719166
LODO,40cm,Mean,pump,40,2.0,7,-2.5379076133090006,-2.1674573563719166
LODO,40cm,Mean,pump,40,2.0,8,-2.2735556226091416,-2.1674573563719166
LODO,40cm,Mean,pump,40,2.4,6,-1.9256334406153337,-2.1674573563719166
LODO,40cm,Mean,pump,40,2.4,7,-1.5014082798661594,-2.1674573563719166
LODO,40cm,Mean,pump,40,2.4,8,-1.328090685270893,-2.1674573563719166
LODO,40cm,Mean,pump,40,2.8,6,-1.5964814149844586,-2.1674573563719166
LODO,40cm,Mean,pump,40,2.8,7,-1.299084378090352,-2.1674573563719166
LODO,40cm,Mean,pump,40,2.8,8,-1.166254471601915,-2.1674573563719166
LODO,40cm,Mean,pump,40,3.2,6,-1.3245993105077052,-2.1674573563719166
LODO,40cm,Mean,pump,40,3.2,7,-1.131787720318118,-2.1674573563719166
LODO,40cm,Mean,pump,40,3.2,8,-1.0351536906452585,-2.1674573563719166
LODO,40cm,Mean,pump,40,3.6,6,-0.8625129616838118,-2.1674573563719166
LODO,40cm,Mean,pump,40,3.6,7,-0.702999348141384,-2.1674573563719166
LODO,40cm,Mean,pump,40,3.6,8,-0.7032010325495734,-2.1674573563719166
LODO,40cm,Mean,pump,40,4.0,6,-1.0637829256592868,-2.1674573563719166
LODO,40cm,Mean,pump,40,4.0,7,-0.937609824516946,-2.1674573563719166
LODO,40cm,Mean,pump,40,4.0,8,-0.8924440897542729,-2.1674573563719166
LODO,40cm,Ridge(poly),clean,40,0.4,6,-5.0,-4.583311749999608
LODO,40cm,Ridge(poly),clean,40,0.4,7,-3.991225293963131,-4.097055420872609
LODO,40cm,Ridge(poly),clean,40,0.4,8,-3.6690062018996525,-3.610799091745608
LODO,40cm,Ridge(poly),clean,40,0.8,6,-3.9509409892378637,-4.0014258582260815
LODO,40cm,Ridge(poly),clean,40,0.8,7,-3.133893506878819,-3.550444844364124
LODO,40cm,Ridge(poly),clean,40,0.8,8,-3.250863765219055,-3.0994638305021667
LODO,40cm,Ridge(poly),clean,40,1.2,6,-3.6306041518385914,-3.464531953704541
LODO,40cm,Ridge(poly),clean,40,1.2,7,-2.942006967287466,-3.048826255107626
LODO,40cm,Ridge(poly),clean,40,1.2,8,-2.7925703081157174,-2.633120556510711
LODO,40cm,Ridge(poly),clean,40,1.6,6,-2.5807135474509666,-2.9726300364349845
LODO,40cm,Ridge(poly),clean,40,1.6,7,-2.00177641821642,-2.5921996531031124
LODO,40cm,Ridge(poly),clean,40,1.6,8,-1.8340704865404978,-2.2117692697712403
LODO,40cm,Ridge(poly),clean,40,2.0,6,-3.3202342483368845,-2.525720106417414
LODO,40cm,Ridge(poly),clean,40,2.0,7,-2.854505254933545,-2.1805650383505846
LODO,40cm,Ridge(poly),clean,40,2.0,8,-2.265314557685483,-1.8354099702837554
LODO,40cm,Ridge(poly),clean,40,2.4,6,-1.9537116918168105,-2.1238021636518285
LODO,40cm,Ridge(poly),clean,40,2.4,7,-1.576085990652095,-1.8139224108500422
LODO,40cm,Ridge(poly),clean,40,2.4,8,-1.416963408035678,-1.5040426580482555
LODO,40cm,Ridge(poly),clean,40,2.8,6,-1.5994602837944614,-1.7668762081382283
LODO,40cm,Ridge(poly),clean,40,2.8,7,-1.321630053032115,-1.4922717706014845
LODO,40cm,Ridge(poly),clean,40,2.8,8,-1.238946890486154,-1.2176673330647407
LODO,40cm,Ridge(poly),clean,40,3.2,6,-1.3432896155862624,-1.4549422398766134
LODO,40cm,Ridge(poly),clean,40,3.2,7,-1.1699749325402082,-1.2156131176049123
LODO,40cm,Ridge(poly),clean,40,3.2,8,-1.0848371653148652,-0.9762839953332114
LODO,40cm,Ridge(poly),clean,40,3.6,6,-0.9174443999326253,-1.1880002588669836
LODO,40cm,Ridge(poly),clean,40,3.6,7,-0.7761433784090903,-0.9839464518603251
LODO,40cm,Ridge(poly),clean,40,3.6,8,-0.7642140827002326,-0.7798926448536674
LODO,40cm,Ridge(poly),clean,40,4.0,6,-1.061129178615983,-0.9660502651093397
LODO,40cm,Ridge(poly),clean,40,4.0,7,-0.9693759938398316,-0.7972717733677241
LODO,40cm,Ridge(poly),clean,40,4.0,8,-0.9395325856638762,-0.6284932816261093
LODO,40cm,Ridge(poly),pump,40,0.4,6,-4.992333286491331,-4.514626975849739
LODO,40cm,Ridge(poly),pump,40,0.4,7,-3.9120447572624624,-4.028370646722738
LODO,40cm,Ridge(poly),pump,40,0.4,8,-3.2669504683073214,-3.542114317595738
LODO,40cm,Ridge(poly),pump,40,0.8,6,-3.9509409892378637,-3.9327410840762114
LODO,40cm,Ridge(poly),pump,40,0.8,7,-3.1918856227488086,-3.481760070214254
LODO,40cm,Ridge(poly),pump,40,0.8,8,-3.00445430560815,-3.0307790563522965
LODO,40cm,Ridge(poly),pump,40,1.2,6,-3.9923332864913306,-3.3958471795546705
LODO,40cm,Ridge(poly),pump,40,1.2,7,-3.4349235025427998,-2.980141480957756
LODO,40cm,Ridge(poly),pump,40,1.2,8,-2.838937608972982,-2.564435782360841
LODO,40cm,Ridge(poly),pump,40,1.6,6,-2.4545135111801146,-2.9039452622851143
LODO,40cm,Ridge(poly),pump,40,1.6,7,-2.009407658723836,-2.5235148789532422
LODO,40cm,Ridge(poly),pump,40,1.6,8,-1.7803735656045006,-2.14308449562137
LODO,40cm,Ridge(poly),pump,40,2.0,6,-3.2214804793167837,-2.457035332267544
LODO,40cm,Ridge(poly),pump,40,2.0,7,-2.5379076133090006,-2.1118802642007144
LODO,40cm,Ridge(poly),pump,40,2.0,8,-2.2735556226091416,-1.7667251961338852
LODO,40cm,Ridge(poly),pump,40,2.4,6,-1.9256334406153337,-2.0551173895019583
LODO,40cm,Ridge(poly),pump,40,2.4,7,-1.5014082798661594,-1.745237636700172
LODO,40cm,Ridge(poly),pump,40,2.4,8,-1.328090685270893,-1.4353578838983854
LODO,40cm,Ridge(poly),pump,40,2.8,6,-1.5964814149844586,-1.6981914339883584
LODO,40cm,Ridge(poly),pump,40,2.8,7,-1.299084378090352,-1.4235869964516144
LODO,40cm,Ridge(poly),pump,40,2.8,8,-1.166254471601915,-1.1489825589148706
LODO,40cm,Ridge(poly),pump,40,3.2,6,-1.3245993105077052,-1.3862574657267432
LODO,40cm,Ridge(poly),pump,40,3.2,7,-1.131787720318118,-1.1469283434550421
LODO,40cm,Ridge(poly),pump,40,3.2,8,-1.0351536906452585,-0.9075992211833412
LODO,40cm,Ridge(poly),pump,40,3.6,6,-0.8625129616838118,-1.1193154847171134
LODO,40cm,Ridge(poly),pump,40,3.6,7,-0.702999348141384,-0.915261677710455
LODO,40cm,Ridge(poly),pump,40,3.6,8,-0.7032010325495734,-0.7112078707037972
LODO,40cm,Ridge(poly),pump,40,4.0,6,-1.0637829256592868,-0.8973654909594695
LODO,40cm,Ridge(poly),pump,40,4.0,7,-0.937609824516946,-0.728586999217854
LODO,40cm,Ridge(poly),pump,40,4.0,8,-0.8924440897542729,-0.5598085074762391
LODO,40cm,GBM,clean,40,0.4,6,-5.0,-4.759508728580713
LODO,40cm,GBM,clean,40,0.4,7,-3.991225293963131,-4.206434367733129
LODO,40cm,GBM,clean,40,0.4,8,-3.6690062018996525,-3.533685713077717
LODO,40cm,GBM,clean,40,0.8,6,-3.9509409892378637,-3.888996905893642
LODO,40cm,GBM,clean,40,0.8,7,-3.133893506878819,-3.480150222995696
LODO,40cm,GBM,clean,40,0.8,8,-3.250863765219055,-3.2320756176342025
LODO,40cm,GBM,clean,40,1.2,6,-3.6306041518385914,-3.682857001131768
LODO,40cm,GBM,clean,40,1.2,7,-2.942006967287466,-3.3644464777363585
LODO,40cm,GBM,clean,40,1.2,8,-2.7925703081157174,-2.773550334229307
LODO,40cm,GBM,clean,40,1.6,6,-2.5807135474509666,-2.527019601224512
LODO,40cm,GBM,clean,40,1.6,7,-2.00177641821642,-2.2853416723895523
LODO,40cm,GBM,clean,40,1.6,8,-1.8340704865404978,-1.8970798177494956
LODO,40cm,GBM,clean,40,2.0,6,-3.3202342483368845,-3.093126083029935
LODO,40cm,GBM,clean,40,2.0,7,-2.854505254933545,-2.5093894583372207
LODO,40cm,GBM,clean,40,2.0,8,-2.265314557685483,-2.290455430020746
LODO,40cm,GBM,clean,40,2.4,6,-1.9537116918168105,-1.9581087957776964
LODO,40cm,GBM,clean,40,2.4,7,-1.576085990652095,-1.5585233994344916
LODO,40cm,GBM,clean,40,2.4,8,-1.416963408035678,-1.367474964780758
LODO,40cm,GBM,clean,40,2.8,6,-1.5994602837944614,-1.6094972001282997
LODO,40cm,GBM,clean,40,2.8,7,-1.321630053032115,-1.3312952335551476
LODO,40cm,GBM,clean,40,2.8,8,-1.238946890486154,-1.1985176740935508
LODO,40cm,GBM,clean,40,3.2,6,-1.3432896155862624,-1.3664070992068145
LODO,40cm,GBM,clean,40,3.2,7,-1.1699749325402082,-1.15203906744901
LODO,40cm,GBM,clean,40,3.2,8,-1.0848371653148652,-1.1084750895569317
LODO,40cm,GBM,clean,40,3.6,6,-0.9174443999326253,-0.9572430915390124
LODO,40cm,GBM,clean,40,3.6,7,-0.7761433784090903,-0.8668750384632333
LODO,40cm,GBM,clean,40,3.6,8,-0.7642140827002326,-0.8682683725763363
LODO,40cm,GBM,clean,40,4.0,6,-1.061129178615983,-1.0422581786595992
LODO,40cm,GBM,clean,40,4.0,7,-0.9693759938398316,-0.9578228868771655
LODO,40cm,GBM,clean,40,4.0,8,-0.9395325856638762,-0.9592162209902685
LODO,40cm,GBM,pump,40,0.4,6,-4.992333286491331,-4.629129260063641
LODO,40cm,GBM,pump,40,0.4,7,-3.9120447572624624,-4.146157500611031
LODO,40cm,GBM,pump,40,0.4,8,-3.2669504683073214,-3.461607711267019
LODO,40cm,GBM,pump,40,0.8,6,-3.9509409892378637,-3.8750774575245814
LODO,40cm,GBM,pump,40,0.8,7,-3.1918856227488086,-3.4617918124436557
LODO,40cm,GBM,pump,40,0.8,8,-3.00445430560815,-3.201916072393562
LODO,40cm,GBM,pump,40,1.2,6,-3.9923332864913306,-3.6778377798755146
LODO,40cm,GBM,pump,40,1.2,7,-3.4349235025427998,-3.346088067184318
LODO,40cm,GBM,pump,40,1.2,8,-2.838937608972982,-2.7433907889886666
LODO,40cm,GBM,pump,40,1.6,6,-2.4545135111801146,-2.52520958156594
LODO,40cm,GBM,pump,40,1.6,7,-2.009407658723836,-2.270192463435193
LODO,40cm,GBM,pump,40,1.6,8,-1.7803735656045006,-1.8701294741065362
LODO,40cm,GBM,pump,40,2.0,6,-3.2214804793167837,-3.091316063371363
LODO,40cm,GBM,pump,40,2.0,7,-2.5379076133090006,-2.4942402493828615
LODO,40cm,GBM,pump,40,2.0,8,-2.2735556226091416,-2.2635050863777866
LODO,40cm,GBM,pump,40,2.4,6,-1.9256334406153337,-1.9562987761191248
LODO,40cm,GBM,pump,40,2.4,7,-1.5014082798661594,-1.5433741904801321
LODO,40cm,GBM,pump,40,2.4,8,-1.328090685270893,-1.3405246211377988
LODO,40cm,GBM,pump,40,2.8,6,-1.5964814149844586,-1.6076871804697281
LODO,40cm,GBM,pump,40,2.8,7,-1.299084378090352,-1.3161460246007881
LODO,40cm,GBM,pump,40,2.8,8,-1.166254471601915,-1.1715673304505916
LODO,40cm,GBM,pump,40,3.2,6,-1.3245993105077052,-1.364597079548243
LODO,40cm,GBM,pump,40,3.2,7,-1.131787720318118,-1.1368898584946505
LODO,40cm,GBM,pump,40,3.2,8,-1.0351536906452585,-1.0815247459139725
LODO,40cm,GBM,pump,40,3.6,6,-0.8625129616838118,-0.9554330718804411
LODO,40cm,GBM,pump,40,3.6,7,-0.702999348141384,-0.8517258295088743
LODO,40cm,GBM,pump,40,3.6,8,-0.7032010325495734,-0.8413180289333776
LODO,40cm,GBM,pump,40,4.0,6,-1.0637829256592868,-1.0404481590010277
LODO,40cm,GBM,pump,40,4.0,7,-0.937609824516946,-0.9426736779228065
LODO,40cm,GBM,pump,40,4.0,8,-0.8924440897542729,-0.9322658773473098
LODO,40cm,MLP,clean,40,0.4,6,-5.0,-4.714770335427334
LODO,40cm,MLP,clean,40,0.4,7,-3.991225293963131,-4.116814859462193
LODO,40cm,MLP,clean,40,0.4,8,-3.6690062018996525,-3.5963997206240608
LODO,40cm,MLP,clean,40,0.8,6,-3.9509409892378637,-4.190220082841995
LODO,40cm,MLP,clean,40,0.8,7,-3.133893506878819,-3.6171230937587247
LODO,40cm,MLP,clean,40,0.8,8,-3.250863765219055,-3.122696475890682
LODO,40cm,MLP,clean,40,1.2,6,-3.6306041518385914,-3.646829539101046
LODO,40cm,MLP,clean,40,1.2,7,-2.942006967287466,-3.061358428712696
LODO,40cm,MLP,clean,40,1.2,8,-2.7925703081157174,-2.6530683705973903
LODO,40cm,MLP,clean,40,1.6,6,-2.5807135474509666,-3.171254046171833
LODO,40cm,MLP,clean,40,1.6,7,-2.00177641821642,-2.4994469606591037
LODO,40cm,MLP,clean,40,1.6,8,-1.8340704865404978,-2.1609942231803316
LODO,40cm,MLP,clean,40,2.0,6,-3.3202342483368845,-2.693650187680655
LODO,40cm,MLP,clean,40,2.0,7,-2.854505254933545,-2.014966506509629
LODO,40cm,MLP,clean,40,2.0,8,-2.265314557685483,-1.8344567358790942
LODO,40cm,MLP,clean,40,2.4,6,-1.9537116918168105,-2.124554041435477
LODO,40cm,MLP,clean,40,2.4,7,-1.576085990652095,-1.6035321303196157
LODO,40cm,MLP,clean,40,2.4,8,-1.416963408035678,-1.6036511672193752
LODO,40cm,MLP,clean,40,2.8,6,-1.5994602837944614,-1.61771083318151
LODO,40cm,MLP,clean,40,2.8,7,-1.321630053032115,-1.3455417119706292
LODO,40cm,MLP,clean,40,2.8,8,-1.238946890486154,-1.3516515950137813
LODO,40cm,MLP,clean,40,3.2,6,-1.3432896155862624,-1.3681707347505576
LODO,40cm,MLP,clean,40,3.2,7,-1.1699749325402082,-1.13856324810038
LODO,40cm,MLP,clean,40,3.2,8,-1.0848371653148652,-1.1200315539660066
LODO,40cm,MLP,clean,40,3.6,6,-0.9174443999326253,-1.1416254713661058
LODO,40cm,MLP,clean,40,3.6,7,-0.7761433784090903,-0.9651372847583279
LODO,40cm,MLP,clean,40,3.6,8,-0.7642140827002326,-0.9510371023279667
LODO,40cm,MLP,clean,40,4.0,6,-1.061129178615983,-0.940411057410216
LODO,40cm,MLP,clean,40,4.0,7,-0.9693759938398316,-0.8524444511495295
LODO,40cm,MLP,clean,40,4.0,8,-0.9395325856638762,-0.8235764854077349
LODO,40cm,MLP,pump,40,0.4,6,-4.992333286491331,-4.490638315459293
LODO,40cm,MLP,pump,40,0.4,7,-3.9120447572624624,-3.8681066335905303
LODO,40cm,MLP,pump,40,0.4,8,-3.2669504683073214,-3.3585165487975317
LODO,40cm,MLP,pump,40,0.8,6,-3.9509409892378637,-4.015072034449882
LODO,40cm,MLP,pump,40,0.8,7,-3.1918856227488086,-3.4242725613357896
LODO,40cm,MLP,pump,40,0.8,8,-3.00445430560815,-2.9288069146097806
LODO,40cm,MLP,pump,40,1.2,6,-3.9923332864913306,-3.5480884122644643
LODO,40cm,MLP,pump,40,1.2,7,-3.4349235025427998,-2.9758846143968727
LODO,40cm,MLP,pump,40,1.2,8,-2.838937608972982,-2.5105379025782946
LODO,40cm,MLP,pump,40,1.6,6,-2.4545135111801146,-3.0655207916894485
LODO,40cm,MLP,pump,40,1.6,7,-2.009407658723836,-2.506892610956195
LODO,40cm,MLP,pump,40,1.6,8,-1.7803735656045006,-2.0625513779793727
LODO,40cm,MLP,pump,40,2.0,6,-3.2214804793167837,-2.584651058011165
LODO,40cm,MLP,pump,40,2.0,7,-2.5379076133090006,-2.013047589991037
LODO,40cm,MLP,pump,40,2.0,8,-2.2735556226091416,-1.634857809134287
LODO,40cm,MLP,pump,40,2.4,6,-1.9256334406153337,-2.1967375556978905
LODO,40cm,MLP,pump,40,2.4,7,-1.5014082798661594,-1.566746606481832
LODO,40cm,MLP,pump,40,2.4,8,-1.328090685270893,-1.3109488949100094
LODO,40cm,MLP,pump,40,2.8,6,-1.5964814149844586,-1.67029270503951
LODO,40cm,MLP,pump,40,2.8,7,-1.299084378090352,-1.2525995094536233
LODO,40cm,MLP,pump,40,2.8,8,-1.166254471601915,-1.1297133524778005
LODO,40cm,MLP,pump,40,3.2,6,-1.3245993105077052,-1.2248666783522677
LODO,40cm,MLP,pump,40,3.2,7,-1.131787720318118,-1.0881464609606673
LODO,40cm,MLP,pump,40,3.2,8,-1.0351536906452585,-1.066732123462516
LODO,40cm,MLP,pump,40,3.6,6,-0.8625129616838118,-1.046708906964139
LODO,40cm,MLP,pump,40,3.6,7,-0.702999348141384,-0.9623269770790239
LODO,40cm,MLP,pump,40,3.6,8,-0.7032010325495734,-0.9773782167278546
LODO,40cm,MLP,pump,40,4.0,6,-1.0637829256592868,-0.8953307188961821
LODO,40cm,MLP,pump,40,4.0,7,-0.937609824516946,-0.8337450438061778
LODO,40cm,MLP,pump,40,4.0,8,-0.8924440897542729,-0.8554185857962663
LODO,45cm,Mean,clean,45,0.4,6,-5.0,-2.167262540514244
LODO,45cm,Mean,clean,45,0.4,7,-4.69019529829915,-2.167262540514244
LODO,45cm,Mean,clean,45,0.4,8,-3.4597468776362543,-2.167262540514244
LODO,45cm,Mean,clean,45,0.8,6,-4.147234636913154,-2.167262540514244
LODO,45cm,Mean,clean,45,0.8,7,-3.3380132530856295,-2.167262540514244
LODO,45cm,Mean,clean,45,0.8,8,-3.14612786196048,-2.167262540514244
LODO,45cm,Mean,clean,45,1.2,6,-3.821337814533797,-2.167262540514244
LODO,45cm,Mean,clean,45,1.2,7,-3.712471469006241,-2.167262540514244
LODO,45cm,Mean,clean,45,1.2,8,-2.4727117410016213,-2.167262540514244
LODO,45cm,Mean,clean,45,1.6,6,-2.5344506017846284,-2.167262540514244
LODO,45cm,Mean,clean,45,1.6,7,-2.0457574905606752,-2.167262540514244
LODO,45cm,Mean,clean,45,1.6,8,-1.7268806158996934,-2.167262540514244
LODO,45cm,Mean,clean,45,2.0,6,-3.3021362485770416,-2.167262540514244
LODO,45cm,Mean,clean,45,2.0,7,-2.696760731348004,-2.167262540514244
LODO,45cm,Mean,clean,45,2.0,8,-2.534859647750466,-2.167262540514244
LODO,45cm,Mean,clean,45,2.4,6,-1.938487206423174,-2.167262540514244
LODO,45cm,Mean,clean,45,2.4,7,-1.544533857755494,-2.167262540514244
LODO,45cm,Mean,clean,45,2.4,8,-1.3570510022608067,-2.167262540514244
LODO,45cm,Mean,clean,45,2.8,6,-1.600691516262645,-2.167262540514244
LODO,45cm,Mean,clean,45,2.8,7,-1.3284680174225545,-2.167262540514244
LODO,45cm,Mean,clean,45,2.8,8,-1.2249621933352648,-2.167262540514244
LODO,45cm,Mean,clean,45,3.2,6,-1.3263764780479852,-2.167262540514244
LODO,45cm,Mean,clean,45,3.2,7,-1.167165488516621,-2.167262540514244
LODO,45cm,Mean,clean,45,3.2,8,-1.1232875072105382,-2.167262540514244
LODO,45cm,Mean,clean,45,3.6,6,-0.9149271588688055,-2.167262540514244
LODO,45cm,Mean,clean,45,3.6,7,-0.7727948241667174,-2.167262540514244
LODO,45cm,Mean,clean,45,3.6,8,-0.761442082538833,-2.167262540514244
LODO,45cm,Mean,clean,45,4.0,6,-1.0667111764157056,-2.167262540514244
LODO,45cm,Mean,clean,45,4.0,7,-0.9722346472717749,-2.167262540514244
LODO,45cm,Mean,clean,45,4.0,8,-0.9444573100929904,-2.167262540514244
LODO,45cm,Mean,pump,45,0.4,6,-4.3902722284270705,-2.167262540514244
LODO,45cm,Mean,pump,45,0.4,7,-3.815135453602521,-2.167262540514244
LODO,45cm,Mean,pump,45,0.4,8,-3.4727117410016213,-2.167262540514244
LODO,45cm,Mean,pump,45,0.8,6,-3.8462034221239003,-2.167262540514244
LODO,45cm,Mean,pump,45,0.8,7,-3.845098474308956,-2.167262540514244
LODO,45cm,Mean,pump,45,0.8,8,-2.8978030596298545,-2.167262540514244
LODO,45cm,Mean,pump,45,1.2,6,-3.6499090540535573,-2.167262540514244
LODO,45cm,Mean,pump,45,1.2,7,-3.5440684786449745,-2.167262540514244
LODO,45cm,Mean,pump,45,1.2,8,-2.7217129446812933,-2.167262540514244
LODO,45cm,Mean,pump,45,1.6,6,-2.4777853641969627,-2.167262540514244
LODO,45cm,Mean,pump,45,1.6,7,-1.9783890196454066,-2.167262540514244
LODO,45cm,Mean,pump,45,1.6,8,-1.6499885814903548,-2.167262540514244
LODO,45cm,Mean,pump,45,2.0,6,-3.3021362485770416,-2.167262540514244
LODO,45cm,Mean,pump,45,2.0,7,-2.5582561758447038,-2.167262540514244
LODO,45cm,Mean,pump,45,2.0,8,-1.961435469451713,-2.167262540514244
LODO,45cm,Mean,pump,45,2.4,6,-1.8724157977996354,-2.167262540514244
LODO,45cm,Mean,pump,45,2.4,7,-1.4648869792587227,-2.167262540514244
LODO,45cm,Mean,pump,45,2.4,8,-1.2465418091455114,-2.167262540514244
LODO,45cm,Mean,pump,45,2.8,6,-1.5746940723296812,-2.167262540514244
LODO,45cm,Mean,pump,45,2.8,7,-1.255627207927734,-2.167262540514244
LODO,45cm,Mean,pump,45,2.8,8,-1.1106982974936896,-2.167262540514244
LODO,45cm,Mean,pump,45,3.2,6,-1.2918885705536773,-2.167262540514244
LODO,45cm,Mean,pump,45,3.2,7,-1.0938740733693237,-2.167262540514244
LODO,45cm,Mean,pump,45,3.2,8,-0.9894498871538145,-2.167262540514244
LODO,45cm,Mean,pump,45,3.6,6,-0.8619658578029314,-2.167262540514244
LODO,45cm,Mean,pump,45,3.6,7,-0.7064341590702411,-2.167262540514244
LODO,45cm,Mean,pump,45,3.6,8,-0.6956150427433561,-2.167262540514244
LODO,45cm,Mean,pump,45,4.0,6,-1.0337686005764595,-2.167262540514244
LODO,45cm,Mean,pump,45,4.0,7,-0.9417372462882989,-2.167262540514244
LODO,45cm,Mean,pump,45,4.0,8,-0.8542847401791613,-2.167262540514244
LODO,45cm,Ridge(poly),clean,45,0.4,6,-5.0,-4.529697876335254
LODO,45cm,Ridge(poly),clean,45,0.4,7,-4.69019529829915,-4.041547522009665
LODO,45cm,Ridge(poly),clean,45,0.4,8,-3.4597468776362543,-3.553397167684077
LODO,45cm,Ridge(poly),clean,45,0.8,6,-4.147234636913154,-3.9540888452362344
LODO,45cm,Ridge(poly),clean,45,0.8,7,-3.3380132530856295,-3.50141505094026
LODO,45cm,Ridge(poly),clean,45,0.8,8,-3.14612786196048,-3.0487412566442864
LODO,45cm,Ridge(poly),clean,45,1.2,6,-3.821337814533797,-3.422922077886401
LODO,45cm,Ridge(poly),clean,45,1.2,7,-3.712471469006241,-3.0057248436200417
LODO,45cm,Ridge(poly),clean,45,1.2,8,-2.4727117410016213,-2.5885276093536818
LODO,45cm,Ridge(poly),clean,45,1.6,6,-2.5344506017846284,-2.936197574285754
LODO,45cm,Ridge(poly),clean,45,1.6,7,-2.0457574905606752,-2.554476900049009
LODO,45cm,Ridge(poly),clean,45,1.6,8,-1.7268806158996934,-2.1727562258122637
LODO,45cm,Ridge(poly),clean,45,2.0,6,-3.3021362485770416,-2.493915334434294
LODO,45cm,Ridge(poly),clean,45,2.0,7,-2.696760731348004,-2.1476712202271626
LODO,45cm,Ridge(poly),clean,45,2.0,8,-2.534859647750466,-1.8014271060200315
LODO,45cm,Ridge(poly),clean,45,2.4,6,-1.938487206423174,-2.0960753583320195
LODO,45cm,Ridge(poly),clean,45,2.4,7,-1.544533857755494,-1.7853078041545025
LODO,45cm,Ridge(poly),clean,45,2.4,8,-1.3570510022608067,-1.4745402499769855
LODO,45cm,Ridge(poly),clean,45,2.8,6,-1.600691516262645,-1.7426776459789308
LODO,45cm,Ridge(poly),clean,45,2.8,7,-1.3284680174225545,-1.4673866518310283
LODO,45cm,Ridge(poly),clean,45,2.8,8,-1.2249621933352648,-1.1920956576831256
LODO,45cm,Ridge(poly),clean,45,3.2,6,-1.3263764780479852,-1.433722197375029
LODO,45cm,Ridge(poly),clean,45,3.2,7,-1.167165488516621,-1.1939077632567403
LODO,45cm,Ridge(poly),clean,45,3.2,8,-1.1232875072105382,-0.9540933291384519
LODO,45cm,Ridge(poly),clean,45,3.6,6,-0.9149271588688055,-1.1692090125203127
LODO,45cm,Ridge(poly),clean,45,3.6,7,-0.7727948241667174,-0.9648711384316384
LODO,45cm,Ridge(poly),clean,45,3.6,8,-0.761442082538833,-0.7605332643429641
LODO,45cm,Ridge(poly),clean,45,4.0,6,-1.0667111764157056,-0.9491380914147827
LODO,45cm,Ridge(poly),clean,45,4.0,7,-0.9722346472717749,-0.7802767773557227
LODO,45cm,Ridge(poly),clean,45,4.0,8,-0.9444573100929904,-0.6114154632966629
LODO,45cm,Ridge(poly),pump,45,0.4,6,-4.3902722284270705,-4.47161645853533
LODO,45cm,Ridge(poly),pump,45,0.4,7,-3.815135453602521,-3.9834661042097412
LODO,45cm,Ridge(poly),pump,45,0.4,8,-3.4727117410016213,-3.4953157498841536
LODO,45cm,Ridge(poly),pump,45,0.8,6,-3.8462034221239003,-3.8960074274363103
LODO,45cm,Ridge(poly),pump,45,0.8,7,-3.845098474308956,-3.443333633140336
LODO,45cm,Ridge(poly),pump,45,0.8,8,-2.8978030596298545,-2.990659838844363
LODO,45cm,Ridge(poly),pump,45,1.2,6,-3.6499090540535573,-3.3648406600864775
LODO,45cm,Ridge(poly),pump,45,1.2,7,-3.5440684786449745,-2.9476434258201176
LODO,45cm,Ridge(poly),pump,45,1.2,8,-2.7217129446812933,-2.530446191553758
LODO,45cm,Ridge(poly),pump,45,1.6,6,-2.4777853641969627,-2.8781161564858304
LODO,45cm,Ridge(poly),pump,45,1.6,7,-1.9783890196454066,-2.4963954822490853
LODO,45cm,Ridge(poly),pump,45,1.6,8,-1.6499885814903548,-2.1146748080123396
LODO,45cm,Ridge(poly),pump,45,2.0,6,-3.3021362485770416,-2.43583391663437
LODO,45cm,Ridge(poly),pump,45,2.0,7,-2.5582561758447038,-2.089589802427239
LODO,45cm,Ridge(poly),pump,45,2.0,8,-1.961435469451713,-1.7433456882201077
LODO,45cm,Ridge(poly),pump,45,2.4,6,-1.8724157977996354,-2.037993940532096
LODO,45cm,Ridge(poly),pump,45,2.4,7,-1.4648869792587227,-1.727226386354579
LODO,45cm,Ridge(poly),pump,45,2.4,8,-1.2465418091455114,-1.416458832177062
LODO,45cm,Ridge(poly),pump,45,2.8,6,-1.5746940723296812,-1.6845962281790072
LODO,45cm,Ridge(poly),pump,45,2.8,7,-1.255627207927734,-1.4093052340311045
LODO,45cm,Ridge(poly),pump,45,2.8,8,-1.1106982974936896,-1.1340142398832018
LODO,45cm,Ridge(poly),pump,45,3.2,6,-1.2918885705536773,-1.375640779575105
LODO,45cm,Ridge(poly),pump,45,3.2,7,-1.0938740733693237,-1.1358263454568167
LODO,45cm,Ridge(poly),pump,45,3.2,8,-0.9894498871538145,-0.8960119113385281
LODO,45cm,Ridge(poly),pump,45,3.6,6,-0.8619658578029314,-1.111127594720389
LODO,45cm,Ridge(poly),pump,45,3.6,7,-0.7064341590702411,-0.9067897206317146
LODO,45cm,Ridge(poly),pump,45,3.6,8,-0.6956150427433561,-0.7024518465430405
LODO,45cm,Ridge(poly),pump,45,4.0,6,-1.0337686005764595,-0.8910566736148589
LODO,45cm,Ridge(poly),pump,45,4.0,7,-0.9417372462882989,-0.7221953595557988
LODO,45cm,Ridge(poly),pump,45,4.0,8,-0.8542847401791613,-0.5533340454967393
LODO,45cm,GBM,clean,45,0.4,6,-5.0,-4.657365206462184
LODO,45cm,GBM,clean,45,0.4,7,-4.69019529829915,-4.101628925179663
LODO,45cm,GBM,clean,45,0.4,8,-3.4597468776362543,-3.4865977220862527
LODO,45cm,GBM,clean,45,0.8,6,-4.147234636913154,-3.813118512701986
LODO,45cm,GBM,clean,45,0.8,7,-3.3380132530856295,-3.3753846662680482
LODO,45cm,GBM,clean,45,0.8,8,-3.14612786196048,-3.179724992854892
LODO,45cm,GBM,clean,45,1.2,6,-3.821337814533797,-3.6255380937385397
LODO,45cm,GBM,clean,45,1.2,7,-3.712471469006241,-3.252822299264683
LODO,45cm,GBM,clean,45,1.2,8,-2.4727117410016213,-2.747842272361441
LODO,45cm,GBM,clean,45,1.6,6,-2.5344506017846284,-2.575729214880232
LODO,45cm,GBM,clean,45,1.6,7,-2.0457574905606752,-2.212395037603866
LODO,45cm,GBM,clean,45,1.6,8,-1.7268806158996934,-1.841728128845486
LODO,45cm,GBM,clean,45,2.0,6,-3.3021362485770416,-3.1821010760753303
LODO,45cm,GBM,clean,45,2.0,7,-2.696760731348004,-2.58788875463424
LODO,45cm,GBM,clean,45,2.0,8,-2.534859647750466,-2.2613644738485372
LODO,45cm,GBM,clean,45,2.4,6,-1.938487206423174,-1.966824089629714
LODO,45cm,GBM,clean,45,2.4,7,-1.544533857755494,-1.5630974707528278
LODO,45cm,GBM,clean,45,2.4,8,-1.3570510022608067,-1.3719614572160546
LODO,45cm,GBM,clean,45,2.8,6,-1.600691516262645,-1.6132697456031833
LODO,45cm,GBM,clean,45,2.8,7,-1.3284680174225545,-1.3387110809499205
LODO,45cm,GBM,clean,45,2.8,8,-1.2249621933352648,-1.2095315629210397
LODO,45cm,GBM,clean,45,3.2,6,-1.3263764780479852,-1.372575551361609
LODO,45cm,GBM,clean,45,3.2,7,-1.167165488516621,-1.1599733822162388
LODO,45cm,GBM,clean,45,3.2,8,-1.1232875072105382,-1.1074912091445037
LODO,45cm,GBM,clean,45,3.6,6,-0.9149271588688055,-0.9729941881780563
LODO,45cm,GBM,clean,45,3.6,7,-0.7727948241667174,-0.8702698860753562
LODO,45cm,GBM,clean,45,3.6,8,-0.761442082538833,-0.8703397402559665
LODO,45cm,GBM,clean,45,4.0,6,-1.0667111764157056,-1.0389795588403037
LODO,45cm,GBM,clean,45,4.0,7,-0.9722346472717749,-0.9362552567376031
LODO,45cm,GBM,clean,45,4.0,8,-0.9444573100929904,-0.9300394262885144
LODO,45cm,GBM,pump,45,0.4,6,-4.3902722284270705,-4.576005762813948
LODO,45cm,GBM,pump,45,0.4,7,-3.815135453602521,-4.039087617560138
LODO,45cm,GBM,pump,45,0.4,8,-3.4727117410016213,-3.4091235541884317
LODO,45cm,GBM,pump,45,0.8,6,-3.8462034221239003,-3.7653388712225904
LODO,45cm,GBM,pump,45,0.8,7,-3.845098474308956,-3.3276050247886526
LODO,45cm,GBM,pump,45,0.8,8,-2.8978030596298545,-3.117012491097201
LODO,45cm,GBM,pump,45,1.2,6,-3.6499090540535573,-3.577758452259144
LODO,45cm,GBM,pump,45,1.2,7,-3.5440684786449745,-3.2050426577852873
LODO,45cm,GBM,pump,45,1.2,8,-2.7217129446812933,-2.68512977060375
LODO,45cm,GBM,pump,45,1.6,6,-2.4777853641969627,-2.5279495734008366
LODO,45cm,GBM,pump,45,1.6,7,-1.9783890196454066,-2.164615396124471
LODO,45cm,GBM,pump,45,1.6,8,-1.6499885814903548,-1.7790156270877944
LODO,45cm,GBM,pump,45,2.0,6,-3.3021362485770416,-3.1343214345959347
LODO,45cm,GBM,pump,45,2.0,7,-2.5582561758447038,-2.5401091131548443
LODO,45cm,GBM,pump,45,2.0,8,-1.961435469451713,-2.1986519720908464
LODO,45cm,GBM,pump,45,2.4,6,-1.8724157977996354,-1.9190444481503186
LODO,45cm,GBM,pump,45,2.4,7,-1.4648869792587227,-1.5153178292734324
LODO,45cm,GBM,pump,45,2.4,8,-1.2465418091455114,-1.3092489554583635
LODO,45cm,GBM,pump,45,2.8,6,-1.5746940723296812,-1.5654901041237879
LODO,45cm,GBM,pump,45,2.8,7,-1.255627207927734,-1.2909314394705251
LODO,45cm,GBM,pump,45,2.8,8,-1.1106982974936896,-1.1468190611633486
LODO,45cm,GBM,pump,45,3.2,6,-1.2918885705536773,-1.3247959098822135
LODO,45cm,GBM,pump,45,3.2,7,-1.0938740733693237,-1.1121937407368434
LODO,45cm,GBM,pump,45,3.2,8,-0.9894498871538145,-1.0447787073868127
LODO,45cm,GBM,pump,45,3.6,6,-0.8619658578029314,-0.9252145466986607
LODO,45cm,GBM,pump,45,3.6,7,-0.7064341590702411,-0.8224902445959607
LODO,45cm,GBM,pump,45,3.6,8,-0.6956150427433561,-0.8076272384982753
LODO,45cm,GBM,pump,45,4.0,6,-1.0337686005764595,-0.9911999173609078
LODO,45cm,GBM,pump,45,4.0,7,-0.9417372462882989,-0.8884756152582076
LODO,45cm,GBM,pump,45,4.0,8,-0.8542847401791613,-0.8673269245308234
LODO,45cm,MLP,clean,45,0.4,6,-5.0,-4.582360963217479
LODO,45cm,MLP,clean,45,0.4,7,-4.69019529829915,-4.063599609786506
LODO,45cm,MLP,clean,45,0.4,8,-3.4597468776362543,-3.6270666007358354
LODO,45cm,MLP,clean,45,0.8,6,-4.147234636913154,-4.039060295453005
LODO,45cm,MLP,clean,45,0.8,7,-3.3380132530856295,-3.54779887949692
LODO,45cm,MLP,clean,45,0.8,8,-3.14612786196048,-3.1324543322432055
LODO,45cm,MLP,clean,45,1.2,6,-3.821337814533797,-3.5223790501356405
LODO,45cm,MLP,clean,45,1.2,7,-3.712471469006241,-2.991924201065963
LODO,45cm,MLP,clean,45,1.2,8,-2.4727117410016213,-2.6429487587007934
LODO,45cm,MLP,clean,45,1.6,6,-2.5344506017846284,-3.1200228311473155
LODO,45cm,MLP,clean,45,1.6,7,-2.0457574905606752,-2.465271133725584
LODO,45cm,MLP,clean,45,1.6,8,-1.7268806158996934,-2.0968974828345175
LODO,45cm,MLP,clean,45,2.0,6,-3.3021362485770416,-2.7232308813409416
LODO,45cm,MLP,clean,45,2.0,7,-2.696760731348004,-1.9691781855043893
LODO,45cm,MLP,clean,45,2.0,8,-2.534859647750466,-1.7463685934299031
LODO,45cm,MLP,clean,45,2.4,6,-1.938487206423174,-2.1313763253106233
LODO,45cm,MLP,clean,45,2.4,7,-1.544533857755494,-1.6235039099836994
LODO,45cm,MLP,clean,45,2.4,8,-1.3570510022608067,-1.5186822920432295
LODO,45cm,MLP,clean,45,2.8,6,-1.600691516262645,-1.6677813096011411
LODO,45cm,MLP,clean,45,2.8,7,-1.3284680174225545,-1.3411706716644864
LODO,45cm,MLP,clean,45,2.8,8,-1.2249621933352648,-1.3257961671626397
LODO,45cm,MLP,clean,45,3.2,6,-1.3263764780479852,-1.40022965399915
LODO,45cm,MLP,clean,45,3.2,7,-1.167165488516621,-1.1011094824262593
LODO,45cm,MLP,clean,45,3.2,8,-1.1232875072105382,-1.079289281275432
LODO,45cm,MLP,clean,45,3.6,6,-0.9149271588688055,-1.138976381962133
LODO,45cm,MLP,clean,45,3.6,7,-0.7727948241667174,-0.9111795150877899
LODO,45cm,MLP,clean,45,3.6,8,-0.761442082538833,-0.8867834630564699
LODO,45cm,MLP,clean,45,4.0,6,-1.0667111764157056,-0.9678232332764283
LODO,45cm,MLP,clean,45,4.0,7,-0.9722346472717749,-0.7807147153723171
LODO,45cm,MLP,clean,45,4.0,8,-0.9444573100929904,-0.7498300592047196
LODO,45cm,MLP,pump,45,0.4,6,-4.3902722284270705,-4.479757313720297
LODO,45cm,MLP,pump,45,0.4,7,-3.815135453602521,-3.7761587797264755
LODO,45cm,MLP,pump,45,0.4,8,-3.4727117410016213,-3.222187436494166
LODO,45cm,MLP,pump,45,0.8,6,-3.8462034221239003,-4.012372482932649
LODO,45cm,MLP,pump,45,0.8,7,-3.845098474308956,-3.3673438718039
LODO,45cm,MLP,pump,45,0.8,8,-2.8978030596298545,-2.8229388182063753
LODO,45cm,MLP,pump,45,1.2,6,-3.6499090540535573,-3.5464824588368
LODO,45cm,MLP,pump,45,1.2,7,-3.5440684786449745,-2.922014299929862
LODO,45cm,MLP,pump,45,1.2,8,-2.7217129446812933,-2.3971042895272032
LODO,45cm,MLP,pump,45,1.6,6,-2.4777853641969627,-3.054164930141399
LODO,45cm,MLP,pump,45,1.6,7,-1.9783890196454066,-2.449755786516042
LODO,45cm,MLP,pump,45,1.6,8,-1.6499885814903548,-1.9425434135320645
LODO,45cm,MLP,pump,45,2.0,6,-3.3021362485770416,-2.5943064322521594
LODO,45cm,MLP,pump,45,2.0,7,-2.5582561758447038,-1.958550701988526
LODO,45cm,MLP,pump,45,2.0,8,-1.961435469451713,-1.5744309167779094
LODO,45cm,MLP,pump,45,2.4,6,-1.8724157977996354,-2.1837556893671355
LODO,45cm,MLP,pump,45,2.4,7,-1.4648869792587227,-1.5321625747128964
LODO,45cm,MLP,pump,45,2.4,8,-1.2465418091455114,-1.235321278047558
LODO,45cm,MLP,pump,45,2.8,6,-1.5746940723296812,-1.5862889297176554
LODO,45cm,MLP,pump,45,2.8,7,-1.255627207927734,-1.145487922917012
LODO,45cm,MLP,pump,45,2.8,8,-1.1106982974936896,-1.1242684040985138
LODO,45cm,MLP,pump,45,3.2,6,-1.2918885705536773,-1.1788812063415515
LODO,45cm,MLP,pump,45,3.2,7,-1.0938740733693237,-0.9670642363719792
LODO,45cm,MLP,pump,45,3.2,8,-0.9894498871538145,-1.006035700285069
LODO,45cm,MLP,pump,45,3.6,6,-0.8619658578029314,-1.0107764464027447
LODO,45cm,MLP,pump,45,3.6,7,-0.7064341590702411,-0.8321669896452577
LODO,45cm,MLP,pump,45,3.6,8,-0.6956150427433561,-0.8733082605329867
LODO,45cm,MLP,pump,45,4.0,6,-1.0337686005764595,-0.8409642654135828
LODO,45cm,MLP,pump,45,4.0,7,-0.9417372462882989,-0.7129795397301211
LODO,45cm,MLP,pump,45,4.0,8,-0.8542847401791613,-0.7301324330016882
LODO,50cm,Mean,clean,50,0.4,6,-5.0,-2.1692602492528787
LODO,50cm,Mean,clean,50,0.4,7,-4.14612786196048,-2.1692602492528787
LODO,50cm,Mean,clean,50,0.4,8,-4.514105457938539,-2.1692602492528787
LODO,50cm,Mean,clean,50,0.8,6,-3.9923332864913306,-2.1692602492528787
LODO,50cm,Mean,clean,50,0.8,7,-3.6690062018996525,-2.1692602492528787
LODO,50cm,Mean,clean,50,0.8,8,-3.243037722965555,-2.1692602492528787
LODO,50cm,Mean,clean,50,1.2,6,-3.6306041518385914,-2.1692602492528787
LODO,50cm,Mean,clean,50,1.2,7,-3.51410545793854,-2.1692602492528787
LODO,50cm,Mean,clean,50,1.2,8,-3.104735508445308,-2.1692602492528787
LODO,50cm,Mean,clean,50,1.6,6,-2.59788139919982,-2.1692602492528787
LODO,50cm,Mean,clean,50,1.6,7,-2.023210445846339,-2.1692602492528787
LODO,50cm,Mean,clean,50,1.6,8,-1.7306785611574251,-2.1692602492528787
LODO,50cm,Mean,clean,50,2.0,6,-3.4360303116186985,-2.1692602492528787
LODO,50cm,Mean,clean,50,2.0,7,-2.6690062018996525,-2.1692602492528787
LODO,50cm,Mean,clean,50,2.0,8,-2.476678933966772,-2.1692602492528787
LODO,50cm,Mean,clean,50,2.4,6,-1.9263806141018283,-2.1692602492528787
LODO,50cm,Mean,clean,50,2.4,7,-1.54375850272316,-2.1692602492528787
LODO,50cm,Mean,clean,50,2.4,8,-1.4344414138889496,-2.1692602492528787
LODO,50cm,Mean,clean,50,2.8,6,-1.6177667650294434,-2.1692602492528787
LODO,50cm,Mean,clean,50,2.8,7,-1.335319484868748,-2.1692602492528787
LODO,50cm,Mean,clean,50,2.8,8,-1.2130747529264436,-2.1692602492528787
LODO,50cm,Mean,clean,50,3.2,6,-1.3334633002588099,-2.1692602492528787
LODO,50cm,Mean,clean,50,3.2,7,-1.1640508308434454,-2.1692602492528787
LODO,50cm,Mean,clean,50,3.2,8,-1.0984637632461327,-2.1692602492528787
LODO,50cm,Mean,clean,50,3.6,6,-0.9191643518260268,-2.1692602492528787
LODO,50cm,Mean,clean,50,3.6,7,-0.7604953120280585,-2.1692602492528787
LODO,50cm,Mean,clean,50,3.6,8,-0.7579756600316715,-2.1692602492528787
LODO,50cm,Mean,clean,50,4.0,6,-1.068208654118649,-2.1692602492528787
LODO,50cm,Mean,clean,50,4.0,7,-0.9690442458706501,-2.1692602492528787
LODO,50cm,Mean,clean,50,4.0,8,-0.9457470919203858,-2.1692602492528787
LODO,50cm,Mean,pump,50,0.4,6,-4.293362428766064,-2.1692602492528787
LODO,50cm,Mean,pump,50,0.4,7,-3.991225293963131,-2.1692602492528787
LODO,50cm,Mean,pump,50,0.4,8,-3.6690062018996525,-2.1692602492528787
LODO,50cm,Mean,pump,50,0.8,6,-3.545174950367045,-2.1692602492528787
LODO,50cm,Mean,pump,50,0.8,7,-3.139967604636963,-2.1692602492528787
LODO,50cm,Mean,pump,50,0.8,8,-2.5258434919599355,-2.1692602492528787
LODO,50cm,Mean,pump,50,1.2,6,-3.5943924244300454,-2.1692602492528787
LODO,50cm,Mean,pump,50,1.2,7,-2.908442069278212,-2.1692602492528787
LODO,50cm,Mean,pump,50,1.2,8,-2.452150253040806,-2.1692602492528787
LODO,50cm,Mean,pump,50,1.6,6,-2.4698887070161946,-2.1692602492528787
LODO,50cm,Mean,pump,50,1.6,7,-1.9775468833951795,-2.1692602492528787
LODO,50cm,Mean,pump,50,1.6,8,-1.6624389160785327,-2.1692602492528787
LODO,50cm,Mean,pump,50,2.0,6,-3.348880028148656,-2.1692602492528787
LODO,50cm,Mean,pump,50,2.0,7,-2.4793422603750157,-2.1692602492528787
LODO,50cm,Mean,pump,50,2.0,8,-1.9120447572624624,-2.1692602492528787
LODO,50cm,Mean,pump,50,2.4,6,-1.8783876366018775,-2.1692602492528787
LODO,50cm,Mean,pump,50,2.4,7,-1.4490235923422874,-2.1692602492528787
LODO,50cm,Mean,pump,50,2.4,8,-1.27388840970666,-2.1692602492528787
LODO,50cm,Mean,pump,50,2.8,6,-1.5803762916819226,-2.1692602492528787
LODO,50cm,Mean,pump,50,2.8,7,-1.2505473821872815,-2.1692602492528787
LODO,50cm,Mean,pump,50,2.8,8,-1.1225814257334263,-2.1692602492528787
LODO,50cm,Mean,pump,50,3.2,6,-1.2951034125051775,-2.1692602492528787
LODO,50cm,Mean,pump,50,3.2,7,-1.0965225780501013,-2.1692602492528787
LODO,50cm,Mean,pump,50,3.2,8,-0.9966428836504543,-2.1692602492528787
LODO,50cm,Mean,pump,50,3.6,6,-0.8619658578029314,-2.1692602492528787
LODO,50cm,Mean,pump,50,3.6,7,-0.6912179602021861,-2.1692602492528787
LODO,50cm,Mean,pump,50,3.6,8,-0.6974006970470809,-2.1692602492528787
LODO,50cm,Mean,pump,50,4.0,6,-1.0427960710367157,-2.1692602492528787
LODO,50cm,Mean,pump,50,4.0,7,-0.9230757013384617,-2.1692602492528787
LODO,50cm,Mean,pump,50,4.0,8,-0.8540302004206378,-2.1692602492528787
LODO,50cm,Ridge(poly),clean,50,0.4,6,-5.0,-4.504501071496261
LODO,50cm,Ridge(poly),clean,50,0.4,7,-4.14612786196048,-3.9895250718945725
LODO,50cm,Ridge(poly),clean,50,0.4,8,-4.514105457938539,-3.4745490722928847
LODO,50cm,Ridge(poly),clean,50,0.8,6,-3.9923332864913306,-3.9314916465452288
LODO,50cm,Ridge(poly),clean,50,0.8,7,-3.6690062018996525,-3.4543562873113887
LODO,50cm,Ridge(poly),clean,50,0.8,8,-3.243037722965555,-2.977220928077548
LODO,50cm,Ridge(poly),clean,50,1.2,6,-3.6306041518385914,-3.4024123216271462
LODO,50cm,Ridge(poly),clean,50,1.2,7,-3.51410545793854,-2.9631176027611534
LODO,50cm,Ridge(poly),clean,50,1.2,8,-3.104735508445308,-2.5238228838951597
LODO,50cm,Ridge(poly),clean,50,1.6,6,-2.59788139919982,-2.917263096742011
LODO,50cm,Ridge(poly),clean,50,1.6,7,-2.023210445846339,-2.5158090182438655
LODO,50cm,Ridge(poly),clean,50,1.6,8,-1.7306785611574251,-2.11435493974572
LODO,50cm,Ridge(poly),clean,50,2.0,6,-3.4360303116186985,-2.476043971889825
LODO,50cm,Ridge(poly),clean,50,2.0,7,-2.6690062018996525,-2.1124305337595266
LODO,50cm,Ridge(poly),clean,50,2.0,8,-2.476678933966772,-1.7488170956292282
LODO,50cm,Ridge(poly),clean,50,2.4,6,-1.9263806141018283,-2.078754947070587
LODO,50cm,Ridge(poly),clean,50,2.4,7,-1.54375850272316,-1.7529821493081363
LODO,50cm,Ridge(poly),clean,50,2.4,8,-1.4344414138889496,-1.4272093515456852
LODO,50cm,Ridge(poly),clean,50,2.8,6,-1.6177667650294434,-1.7253960222842972
LODO,50cm,Ridge(poly),clean,50,2.8,7,-1.335319484868748,-1.4374638648896938
LODO,50cm,Ridge(poly),clean,50,2.8,8,-1.2130747529264436,-1.1495317074950901
LODO,50cm,Ridge(poly),clean,50,3.2,6,-1.3334633002588099,-1.4159671975309565
LODO,50cm,Ridge(poly),clean,50,3.2,7,-1.1640508308434454,-1.1658756805042
LODO,50cm,Ridge(poly),clean,50,3.2,8,-1.0984637632461327,-0.915784163477444
LODO,50cm,Ridge(poly),clean,50,3.6,6,-0.9191643518260268,-1.1504684728105634
LODO,50cm,Ridge(poly),clean,50,3.6,7,-0.7604953120280585,-0.9382175961516546
LODO,50cm,Ridge(poly),clean,50,3.6,8,-0.7579756600316715,-0.7259667194927455
LODO,50cm,Ridge(poly),clean,50,4.0,6,-1.068208654118649,-0.9288998481231194
LODO,50cm,Ridge(poly),clean,50,4.0,7,-0.9690442458706501,-0.7544896118320579
LODO,50cm,Ridge(poly),clean,50,4.0,8,-0.9457470919203858,-0.5800793755409968
LODO,50cm,Ridge(poly),pump,50,0.4,6,-4.293362428766064,-4.460075134687394
LODO,50cm,Ridge(poly),pump,50,0.4,7,-3.991225293963131,-3.9450991350857065
LODO,50cm,Ridge(poly),pump,50,0.4,8,-3.6690062018996525,-3.4301231354840187
LODO,50cm,Ridge(poly),pump,50,0.8,6,-3.545174950367045,-3.887065709736363
LODO,50cm,Ridge(poly),pump,50,0.8,7,-3.139967604636963,-3.4099303505025227
LODO,50cm,Ridge(poly),pump,50,0.8,8,-2.5258434919599355,-2.9327949912686817
LODO,50cm,Ridge(poly),pump,50,1.2,6,-3.5943924244300454,-3.3579863848182803
LODO,50cm,Ridge(poly),pump,50,1.2,7,-2.908442069278212,-2.9186916659522875
LODO,50cm,Ridge(poly),pump,50,1.2,8,-2.452150253040806,-2.479396947086294
LODO,50cm,Ridge(poly),pump,50,1.6,6,-2.4698887070161946,-2.8728371599331455
LODO,50cm,Ridge(poly),pump,50,1.6,7,-1.9775468833951795,-2.4713830814349995
LODO,50cm,Ridge(poly),pump,50,1.6,8,-1.6624389160785327,-2.0699290029368536
LODO,50cm,Ridge(poly),pump,50,2.0,6,-3.348880028148656,-2.431618035080959
LODO,50cm,Ridge(poly),pump,50,2.0,7,-2.4793422603750157,-2.0680045969506606
LODO,50cm,Ridge(poly),pump,50,2.0,8,-1.9120447572624624,-1.7043911588203624
LODO,50cm,Ridge(poly),pump,50,2.4,6,-1.8783876366018775,-2.034329010261721
LODO,50cm,Ridge(poly),pump,50,2.4,7,-1.4490235923422874,-1.7085562124992704
LODO,50cm,Ridge(poly),pump,50,2.4,8,-1.27388840970666,-1.3827834147368192
LODO,50cm,Ridge(poly),pump,50,2.8,6,-1.5803762916819226,-1.6809700854754315
LODO,50cm,Ridge(poly),pump,50,2.8,7,-1.2505473821872815,-1.3930379280808278
LODO,50cm,Ridge(poly),pump,50,2.8,8,-1.1225814257334263,-1.1051057706862242
LODO,50cm,Ridge(poly),pump,50,3.2,6,-1.2951034125051775,-1.3715412607220905
LODO,50cm,Ridge(poly),pump,50,3.2,7,-1.0965225780501013,-1.1214497436953343
LODO,50cm,Ridge(poly),pump,50,3.2,8,-0.9966428836504543,-0.8713582266685782
LODO,50cm,Ridge(poly),pump,50,3.6,6,-0.8619658578029314,-1.1060425360016974
LODO,50cm,Ridge(poly),pump,50,3.6,7,-0.6912179602021861,-0.8937916593427886
LODO,50cm,Ridge(poly),pump,50,3.6,8,-0.6974006970470809,-0.6815407826838797
LODO,50cm,Ridge(poly),pump,50,4.0,6,-1.0427960710367157,-0.8844739113142535
LODO,50cm,Ridge(poly),pump,50,4.0,7,-0.9230757013384617,-0.7100636750231921
LODO,50cm,Ridge(poly),pump,50,4.0,8,-0.8540302004206378,-0.5356534387321308
LODO,50cm,GBM,clean,50,0.4,6,-5.0,-4.636070361628822
LODO,50cm,GBM,clean,50,0.4,7,-4.14612786196048,-4.078111304727927
LODO,50cm,GBM,clean,50,0.4,8,-4.514105457938539,-3.2764216789903724
LODO,50cm,GBM,clean,50,0.8,6,-3.9923332864913306,-3.7930270709256964
LODO,50cm,GBM,clean,50,0.8,7,-3.6690062018996525,-3.3313582705574176
LODO,50cm,GBM,clean,50,0.8,8,-3.243037722965555,-3.0090712270478037
LODO,50cm,GBM,clean,50,1.2,6,-3.6306041518385914,-3.6809906496323594
LODO,50cm,GBM,clean,50,1.2,7,-3.51410545793854,-3.2173809581240174
LODO,50cm,GBM,clean,50,1.2,8,-3.104735508445308,-2.5438614322403237
LODO,50cm,GBM,clean,50,1.6,6,-2.59788139919982,-2.515778867203653
LODO,50cm,GBM,clean,50,1.6,7,-2.023210445846339,-2.2123856577633463
LODO,50cm,GBM,clean,50,1.6,8,-1.7306785611574251,-1.7893371697642395
LODO,50cm,GBM,clean,50,2.0,6,-3.4360303116186985,-3.0760657483149823
LODO,50cm,GBM,clean,50,2.0,7,-2.6690062018996525,-2.442247321939969
LODO,50cm,GBM,clean,50,2.0,8,-2.476678933966772,-2.1951596993047704
LODO,50cm,GBM,clean,50,2.4,6,-1.9263806141018283,-1.9618815508593326
LODO,50cm,GBM,clean,50,2.4,7,-1.54375850272316,-1.522409444022962
LODO,50cm,GBM,clean,50,2.4,8,-1.4344414138889496,-1.2797066718570869
LODO,50cm,GBM,clean,50,2.8,6,-1.6177667650294434,-1.6131751646494918
LODO,50cm,GBM,clean,50,2.8,7,-1.335319484868748,-1.292171580331353
LODO,50cm,GBM,clean,50,2.8,8,-1.2130747529264436,-1.1218789595549317
LODO,50cm,GBM,clean,50,3.2,6,-1.3334633002588099,-1.3596137444613012
LODO,50cm,GBM,clean,50,3.2,7,-1.1640508308434454,-1.117371993148323
LODO,50cm,GBM,clean,50,3.2,8,-1.0984637632461327,-1.0211683201202357
LODO,50cm,GBM,clean,50,3.6,6,-0.9191643518260268,-0.9578558088952432
LODO,50cm,GBM,clean,50,3.6,7,-0.7604953120280585,-0.8191241132614593
LODO,50cm,GBM,clean,50,3.6,8,-0.7579756600316715,-0.7836782035066036
LODO,50cm,GBM,clean,50,4.0,6,-1.068208654118649,-1.0412121803030066
LODO,50cm,GBM,clean,50,4.0,7,-0.9690442458706501,-0.9133267002795533
LODO,50cm,GBM,clean,50,4.0,8,-0.9457470919203858,-0.8778807905246976
LODO,50cm,GBM,pump,50,0.4,6,-4.293362428766064,-4.560996631443818
LODO,50cm,GBM,pump,50,0.4,7,-3.991225293963131,-4.003037574542923
LODO,50cm,GBM,pump,50,0.4,8,-3.6690062018996525,-3.2013479488053695
LODO,50cm,GBM,pump,50,0.8,6,-3.545174950367045,-3.7630042835700506
LODO,50cm,GBM,pump,50,0.8,7,-3.139967604636963,-3.301335483201772
LODO,50cm,GBM,pump,50,0.8,8,-2.5258434919599355,-2.979048439692158
LODO,50cm,GBM,pump,50,1.2,6,-3.5943924244300454,-3.6509678622767137
LODO,50cm,GBM,pump,50,1.2,7,-2.908442069278212,-3.1873581707683716
LODO,50cm,GBM,pump,50,1.2,8,-2.452150253040806,-2.513838644884678
LODO,50cm,GBM,pump,50,1.6,6,-2.4698887070161946,-2.485756079848007
LODO,50cm,GBM,pump,50,1.6,7,-1.9775468833951795,-2.1823628704077005
LODO,50cm,GBM,pump,50,1.6,8,-1.6624389160785327,-1.7593143824085933
LODO,50cm,GBM,pump,50,2.0,6,-3.348880028148656,-3.0460429609593365
LODO,50cm,GBM,pump,50,2.0,7,-2.4793422603750157,-2.412224534584323
LODO,50cm,GBM,pump,50,2.0,8,-1.9120447572624624,-2.1651369119491246
LODO,50cm,GBM,pump,50,2.4,6,-1.8783876366018775,-1.9318587635036863
LODO,50cm,GBM,pump,50,2.4,7,-1.4490235923422874,-1.4923866566673158
LODO,50cm,GBM,pump,50,2.4,8,-1.27388840970666,-1.2496838845014406
LODO,50cm,GBM,pump,50,2.8,6,-1.5803762916819226,-1.5831523772938456
LODO,50cm,GBM,pump,50,2.8,7,-1.2505473821872815,-1.2621487929757067
LODO,50cm,GBM,pump,50,2.8,8,-1.1225814257334263,-1.0918561721992854
LODO,50cm,GBM,pump,50,3.2,6,-1.2951034125051775,-1.329590957105655
LODO,50cm,GBM,pump,50,3.2,7,-1.0965225780501013,-1.0873492057926768
LODO,50cm,GBM,pump,50,3.2,8,-0.9966428836504543,-0.9911455327645896
LODO,50cm,GBM,pump,50,3.6,6,-0.8619658578029314,-0.9278330215395975
LODO,50cm,GBM,pump,50,3.6,7,-0.6912179602021861,-0.7891013259058133
LODO,50cm,GBM,pump,50,3.6,8,-0.6974006970470809,-0.7536554161509575
LODO,50cm,GBM,pump,50,4.0,6,-1.0427960710367157,-1.0111893929473603
LODO,50cm,GBM,pump,50,4.0,7,-0.9230757013384617,-0.8833039129239073
LODO,50cm,GBM,pump,50,4.0,8,-0.8540302004206378,-0.8478580031690516
LODO,50cm,MLP,clean,50,0.4,6,-5.0,-4.548721762645444
LODO,50cm,MLP,clean,50,0.4,7,-4.14612786196048,-4.00734586213975
LODO,50cm,MLP,clean,50,0.4,8,-4.514105457938539,-3.477666989727303
LODO,50cm,MLP,clean,50,0.8,6,-3.9923332864913306,-4.004694273716392
LODO,50cm,MLP,clean,50,0.8,7,-3.6690062018996525,-3.46730628370727
LODO,50cm,MLP,clean,50,0.8,8,-3.243037722965555,-2.955550174315952
LODO,50cm,MLP,clean,50,1.2,6,-3.6306041518385914,-3.5006479487462503
LODO,50cm,MLP,clean,50,1.2,7,-3.51410545793854,-2.9131575743848668
LODO,50cm,MLP,clean,50,1.2,8,-3.104735508445308,-2.4165755936852173
LODO,50cm,MLP,clean,50,1.6,6,-2.59788139919982,-3.0637631907729745
LODO,50cm,MLP,clean,50,1.6,7,-2.023210445846339,-2.4841473981313875
LODO,50cm,MLP,clean,50,1.6,8,-1.7306785611574251,-2.0646685503532414
LODO,50cm,MLP,clean,50,2.0,6,-3.4360303116186985,-2.6750559739200974
LODO,50cm,MLP,clean,50,2.0,7,-2.6690062018996525,-2.0082234014991616
LODO,50cm,MLP,clean,50,2.0,8,-2.476678933966772,-1.7858206791172926
LODO,50cm,MLP,clean,50,2.4,6,-1.9263806141018283,-2.0428118603199064
LODO,50cm,MLP,clean,50,2.4,7,-1.54375850272316,-1.7353227069621942
LODO,50cm,MLP,clean,50,2.4,8,-1.4344414138889496,-1.5091328524065568
LODO,50cm,MLP,clean,50,2.8,6,-1.6177667650294434,-1.7001678215671414
LODO,50cm,MLP,clean,50,2.8,7,-1.335319484868748,-1.4090071079956514
LODO,50cm,MLP,clean,50,2.8,8,-1.2130747529264436,-1.2478782213852266
LODO,50cm,MLP,clean,50,3.2,6,-1.3334633002588099,-1.3897958246597821
LODO,50cm,MLP,clean,50,3.2,7,-1.1640508308434454,-1.1433931230949392
LODO,50cm,MLP,clean,50,3.2,8,-1.0984637632461327,-1.0951435142962231
LODO,50cm,MLP,clean,50,3.6,6,-0.9191643518260268,-1.1484612200459074
LODO,50cm,MLP,clean,50,3.6,7,-0.7604953120280585,-0.9444439010011857
LODO,50cm,MLP,clean,50,3.6,8,-0.7579756600316715,-0.9157314323540282
LODO,50cm,MLP,clean,50,4.0,6,-1.068208654118649,-0.9604905856557149
LODO,50cm,MLP,clean,50,4.0,7,-0.9690442458706501,-0.7964246040709884
LODO,50cm,MLP,clean,50,4.0,8,-0.9457470919203858,-0.746598983727787
LODO,50cm,MLP,pump,50,0.4,6,-4.293362428766064,-4.453603916285311
LODO,50cm,MLP,pump,50,0.4,7,-3.991225293963131,-3.8074813733655652
LODO,50cm,MLP,pump,50,0.4,8,-3.6690062018996525,-3.195677495032919
LODO,50cm,MLP,pump,50,0.8,6,-3.545174950367045,-4.017456178171518
LODO,50cm,MLP,pump,50,0.8,7,-3.139967604636963,-3.3779366889429174
LODO,50cm,MLP,pump,50,0.8,8,-2.5258434919599355,-2.758649633173973
LODO,50cm,MLP,pump,50,1.2,6,-3.5943924244300454,-3.5364014621356956
LODO,50cm,MLP,pump,50,1.2,7,-2.908442069278212,-2.9029500386557716
LODO,50cm,MLP,pump,50,1.2,8,-2.452150253040806,-2.273002459579125
LODO,50cm,MLP,pump,50,1.6,6,-2.4698887070161946,-2.98698550955723
LODO,50cm,MLP,pump,50,1.6,7,-1.9775468833951795,-2.416796549438708
LODO,50cm,MLP,pump,50,1.6,8,-1.6624389160785327,-1.9287312703249984
LODO,50cm,MLP,pump,50,2.0,6,-3.348880028148656,-2.493624345200497
LODO,50cm,MLP,pump,50,2.0,7,-2.4793422603750157,-1.9107640890938016
LODO,50cm,MLP,pump,50,2.0,8,-1.9120447572624624,-1.4779185058243538
LODO,50cm,MLP,pump,50,2.4,6,-1.8783876366018775,-2.0023535242423742
LODO,50cm,MLP,pump,50,2.4,7,-1.4490235923422874,-1.4087557866876026
LODO,50cm,MLP,pump,50,2.4,8,-1.27388840970666,-1.1444993759987325
LODO,50cm,MLP,pump,50,2.8,6,-1.5803762916819226,-1.4675584362017418
LODO,50cm,MLP,pump,50,2.8,7,-1.2505473821872815,-1.1020224212024126
LODO,50cm,MLP,pump,50,2.8,8,-1.1225814257334263,-1.0082740803608718
LODO,50cm,MLP,pump,50,3.2,6,-1.2951034125051775,-1.1471815585151481
LODO,50cm,MLP,pump,50,3.2,7,-1.0965225780501013,-0.9637294286738427
LODO,50cm,MLP,pump,50,3.2,8,-0.9966428836504543,-0.8985630789946758
LODO,50cm,MLP,pump,50,3.6,6,-0.8619658578029314,-0.9887311957339764
LODO,50cm,MLP,pump,50,3.6,7,-0.6912179602021861,-0.8371548681406505
LODO,50cm,MLP,pump,50,3.6,8,-0.6974006970470809,-0.7742749668206323
LODO,50cm,MLP,pump,50,4.0,6,-1.0427960710367157,-0.8359716676279115
LODO,50cm,MLP,pump,50,4.0,7,-0.9230757013384617,-0.6982518111308451
LODO,50cm,MLP,pump,50,4.0,8,-0.8540302004206378,-0.6577688351610917
LODO,55cm,Mean,clean,55,0.4,6,-4.3902722284270705,-2.1896262696061313
LODO,55cm,Mean,clean,55,0.4,7,-4.292256140843599,-2.1896262696061313
LODO,55cm,Mean,clean,55,0.4,8,-3.235350960967232,-2.1896262696061313
LODO,55cm,Mean,clean,55,0.8,6,-3.500970353866764,-2.1896262696061313
LODO,55cm,Mean,clean,55,0.8,7,-3.036983730320005,-2.1896262696061313
LODO,55cm,Mean,clean,55,0.8,8,-2.582986924683562,-2.1896262696061313
LODO,55cm,Mean,clean,55,1.2,6,-3.6913032908273498,-2.1896262696061313
LODO,55cm,Mean,clean,55,1.2,7,-3.139967604636963,-2.1896262696061313
LODO,55cm,Mean,clean,55,1.2,8,-2.5184699480750177,-2.1896262696061313
LODO,55cm,Mean,clean,55,1.6,6,-2.4858269381130857,-2.1896262696061313
LODO,55cm,Mean,clean,55,1.6,7,-2.012588935707556,-2.1896262696061313
LODO,55cm,Mean,clean,55,1.6,8,-1.7819794415380534,-2.1896262696061313
LODO,55cm,Mean,clean,55,2.0,6,-3.186152912481025,-2.1896262696061313
LODO,55cm,Mean,clean,55,2.0,7,-2.6690062018996525,-2.1896262696061313
LODO,55cm,Mean,clean,55,2.0,8,-2.330360540794156,-2.1896262696061313
LODO,55cm,Mean,clean,55,2.4,6,-1.9438920859629623,-2.1896262696061313
LODO,55cm,Mean,clean,55,2.4,7,-1.533041972799191,-2.1896262696061313
LODO,55cm,Mean,clean,55,2.4,8,-1.3700493991044738,-2.1896262696061313
LODO,55cm,Mean,clean,55,2.8,6,-1.6126653539245952,-2.1896262696061313
LODO,55cm,Mean,clean,55,2.8,7,-1.33782035350723,-2.1896262696061313
LODO,55cm,Mean,clean,55,2.8,8,-1.2449029990571143,-2.1896262696061313
LODO,55cm,Mean,clean,55,3.2,6,-1.3359468831020627,-2.1896262696061313
LODO,55cm,Mean,clean,55,3.2,7,-1.1533221437152237,-2.1896262696061313
LODO,55cm,Mean,clean,55,3.2,8,-1.076512989560956,-2.1896262696061313
LODO,55cm,Mean,clean,55,3.6,6,-0.915945904133881,-2.1896262696061313
LODO,55cm,Mean,clean,55,3.6,7,-0.762544235505606,-2.1896262696061313
LODO,55cm,Mean,clean,55,3.6,8,-0.7615699795857364,-2.1896262696061313
LODO,55cm,Mean,clean,55,4.0,6,-1.0705422449855506,-2.1896262696061313
LODO,55cm,Mean,clean,55,4.0,7,-0.9774190545184905,-2.1896262696061313
LODO,55cm,Mean,clean,55,4.0,8,-0.9384155938445793,-2.1896262696061313
LODO,55cm,Mean,pump,55,0.4,6,-4.3902722284270705,-2.1896262696061313
LODO,55cm,Mean,pump,55,0.4,7,-3.949832995721284,-2.1896262696061313
LODO,55cm,Mean,pump,55,0.4,8,-3.0827408530708027,-2.1896262696061313
LODO,55cm,Mean,pump,55,0.8,6,-3.7135794609622215,-2.1896262696061313
LODO,55cm,Mean,pump,55,0.8,7,-2.887421807594228,-2.1896262696061313
LODO,55cm,Mean,pump,55,0.8,8,-2.6371180977430186,-2.1896262696061313
LODO,55cm,Mean,pump,55,1.2,6,-3.473818441503689,-2.1896262696061313
LODO,55cm,Mean,pump,55,1.2,7,-2.660812992344431,-2.1896262696061313
LODO,55cm,Mean,pump,55,1.2,8,-1.970449842285022,-2.1896262696061313
LODO,55cm,Mean,pump,55,1.6,6,-2.3286318150064176,-2.1896262696061313
LODO,55cm,Mean,pump,55,1.6,7,-1.7967114008048017,-2.1896262696061313
LODO,55cm,Mean,pump,55,1.6,8,-1.3763290283174443,-2.1896262696061313
LODO,55cm,Mean,pump,55,2.0,6,-2.9753009318745356,-2.1896262696061313
LODO,55cm,Mean,pump,55,2.0,7,-2.2399471257143153,-2.1896262696061313
LODO,55cm,Mean,pump,55,2.0,8,-1.4482768240180888,-2.1896262696061313
LODO,55cm,Mean,pump,55,2.4,6,-1.7232878018935842,-2.1896262696061313
LODO,55cm,Mean,pump,55,2.4,7,-1.3219088417391536,-2.1896262696061313
LODO,55cm,Mean,pump,55,2.4,8,-1.045560655008234,-2.1896262696061313
LODO,55cm,Mean,pump,55,2.8,6,-1.4089075544758851,-2.1896262696061313
LODO,55cm,Mean,pump,55,2.8,7,-1.1074512959554583,-2.1896262696061313
LODO,55cm,Mean,pump,55,2.8,8,-0.9293231743372344,-2.1896262696061313
LODO,55cm,Mean,pump,55,3.2,6,-1.1756938443463372,-2.1896262696061313
LODO,55cm,Mean,pump,55,3.2,7,-0.9982316834316167,-2.1896262696061313
LODO,55cm,Mean,pump,55,3.2,8,-0.8468378295141608,-2.1896262696061313
LODO,55cm,Mean,pump,55,3.6,6,-0.8151411284291498,-2.1896262696061313
LODO,55cm,Mean,pump,55,3.6,7,-0.6673959337677035,-2.1896262696061313
LODO,55cm,Mean,pump,55,3.6,8,-0.633844239408137,-2.1896262696061313
LODO,55cm,Mean,pump,55,4.0,6,-0.9823282162137721,-2.1896262696061313
LODO,55cm,Mean,pump,55,4.0,7,-0.8341623753098718,-2.1896262696061313
LODO,55cm,Mean,pump,55,4.0,8,-0.732087082506632,-2.1896262696061313
LODO,55cm,Ridge(poly),clean,55,0.4,6,-4.3902722284270705,-4.603009474490511
LODO,55cm,Ridge(poly),clean,55,0.4,7,-4.292256140843599,-4.1242284319545925
LODO,55cm,Ridge(poly),clean,55,0.4,8,-3.235350960967232,-3.6454473894186745
LODO,55cm,Ridge(poly),clean,55,0.8,6,-3.500970353866764,-4.011585368587047
LODO,55cm,Ridge(poly),clean,55,0.8,7,-3.036983730320005,-3.5682937080128023
LODO,55cm,Ridge(poly),clean,55,0.8,8,-2.582986924683562,-3.1250020474385574
LODO,55cm,Ridge(poly),clean,55,1.2,6,-3.6913032908273498,-3.465079470914465
LODO,55cm,Ridge(poly),clean,55,1.2,7,-3.139967604636963,-3.0572771923018927
LODO,55cm,Ridge(poly),clean,55,1.2,8,-2.5184699480750177,-2.6494749136893194
LODO,55cm,Ridge(poly),clean,55,1.6,6,-2.4858269381130857,-2.963491781472762
LODO,55cm,Ridge(poly),clean,55,1.6,7,-2.012588935707556,-2.5911788848218618
LODO,55cm,Ridge(poly),clean,55,1.6,8,-1.7819794415380534,-2.218865988170962
LODO,55cm,Ridge(poly),clean,55,2.0,6,-3.186152912481025,-2.506822300261939
LODO,55cm,Ridge(poly),clean,55,2.0,7,-2.6690062018996525,-2.1699987855727114
LODO,55cm,Ridge(poly),clean,55,2.0,8,-2.330360540794156,-1.833175270883484
LODO,55cm,Ridge(poly),clean,55,2.4,6,-1.9438920859629623,-2.0950710272819957
LODO,55cm,Ridge(poly),clean,55,2.4,7,-1.533041972799191,-1.793736894554441
LODO,55cm,Ridge(poly),clean,55,2.4,8,-1.3700493991044738,-1.492402761826886
LODO,55cm,Ridge(poly),clean,55,2.8,6,-1.6126653539245952,-1.7282379625329323
LODO,55cm,Ridge(poly),clean,55,2.8,7,-1.33782035350723,-1.46239321176705
LODO,55cm,Ridge(poly),clean,55,2.8,8,-1.2449029990571143,-1.1965484610011679
LODO,55cm,Ridge(poly),clean,55,3.2,6,-1.3359468831020627,-1.4063231060147487
LODO,55cm,Ridge(poly),clean,55,3.2,7,-1.1533221437152237,-1.175967737210539
LODO,55cm,Ridge(poly),clean,55,3.2,8,-1.076512989560956,-0.9456123684063293
LODO,55cm,Ridge(poly),clean,55,3.6,6,-0.915945904133881,-1.1293264577274449
LODO,55cm,Ridge(poly),clean,55,3.6,7,-0.762544235505606,-0.9344604708849078
LODO,55cm,Ridge(poly),clean,55,3.6,8,-0.7615699795857364,-0.7395944840423707
LODO,55cm,Ridge(poly),clean,55,4.0,6,-1.0705422449855506,-0.8972480176710209
LODO,55cm,Ridge(poly),clean,55,4.0,7,-0.9774190545184905,-0.7378714127901564
LODO,55cm,Ridge(poly),clean,55,4.0,8,-0.9384155938445793,-0.5784948079092924
LODO,55cm,Ridge(poly),pump,55,0.4,6,-4.3902722284270705,-4.558101342125887
LODO,55cm,Ridge(poly),pump,55,0.4,7,-3.949832995721284,-4.07932029958997
LODO,55cm,Ridge(poly),pump,55,0.4,8,-3.0827408530708027,-3.6005392570540513
LODO,55cm,Ridge(poly),pump,55,0.8,6,-3.7135794609622215,-3.966677236222425
LODO,55cm,Ridge(poly),pump,55,0.8,7,-2.887421807594228,-3.5233855756481796
LODO,55cm,Ridge(poly),pump,55,0.8,8,-2.6371180977430186,-3.080093915073934
LODO,55cm,Ridge(poly),pump,55,1.2,6,-3.473818441503689,-3.4201713385498422
LODO,55cm,Ridge(poly),pump,55,1.2,7,-2.660812992344431,-3.01236905993727
LODO,55cm,Ridge(poly),pump,55,1.2,8,-1.970449842285022,-2.6045667813246967
LODO,55cm,Ridge(poly),pump,55,1.6,6,-2.3286318150064176,-2.918583649108139
LODO,55cm,Ridge(poly),pump,55,1.6,7,-1.7967114008048017,-2.546270752457239
LODO,55cm,Ridge(poly),pump,55,1.6,8,-1.3763290283174443,-2.1739578558063393
LODO,55cm,Ridge(poly),pump,55,2.0,6,-2.9753009318745356,-2.461914167897316
LODO,55cm,Ridge(poly),pump,55,2.0,7,-2.2399471257143153,-2.1250906532080887
LODO,55cm,Ridge(poly),pump,55,2.0,8,-1.4482768240180888,-1.788267138518861
LODO,55cm,Ridge(poly),pump,55,2.4,6,-1.7232878018935842,-2.050162894917373
LODO,55cm,Ridge(poly),pump,55,2.4,7,-1.3219088417391536,-1.7488287621898182
LODO,55cm,Ridge(poly),pump,55,2.4,8,-1.045560655008234,-1.447494629462263
LODO,55cm,Ridge(poly),pump,55,2.8,6,-1.4089075544758851,-1.6833298301683093
LODO,55cm,Ridge(poly),pump,55,2.8,7,-1.1074512959554583,-1.417485079402427
LODO,55cm,Ridge(poly),pump,55,2.8,8,-0.9293231743372344,-1.1516403286365449
LODO,55cm,Ridge(poly),pump,55,3.2,6,-1.1756938443463372,-1.3614149736501258
LODO,55cm,Ridge(poly),pump,55,3.2,7,-0.9982316834316167,-1.131059604845916
LODO,55cm,Ridge(poly),pump,55,3.2,8,-0.8468378295141608,-0.9007042360417064
LODO,55cm,Ridge(poly),pump,55,3.6,6,-0.8151411284291498,-1.084418325362822
LODO,55cm,Ridge(poly),pump,55,3.6,7,-0.6673959337677035,-0.8895523385202848
LODO,55cm,Ridge(poly),pump,55,3.6,8,-0.633844239408137,-0.6946863516777477
LODO,55cm,Ridge(poly),pump,55,4.0,6,-0.9823282162137721,-0.8523398853063979
LODO,55cm,Ridge(poly),pump,55,4.0,7,-0.8341623753098718,-0.6929632804255335
LODO,55cm,Ridge(poly),pump,55,4.0,8,-0.732087082506632,-0.5335866755446694
LODO,55cm,GBM,clean,55,0.4,6,-4.3902722284270705,-4.677014293116768
LODO,55cm,GBM,clean,55,0.4,7,-4.292256140843599,-4.358977087991924
LODO,55cm,GBM,clean,55,0.4,8,-3.235350960967232,-3.7083451238846523
LODO,55cm,GBM,clean,55,0.8,6,-3.500970353866764,-3.8604468868994024
LODO,55cm,GBM,clean,55,0.8,7,-3.036983730320005,-3.476541992698587
LODO,55cm,GBM,clean,55,0.8,8,-2.582986924683562,-3.157206768876829
LODO,55cm,GBM,clean,55,1.2,6,-3.6913032908273498,-3.690150515297875
LODO,55cm,GBM,clean,55,1.2,7,-3.139967604636963,-3.352476958524523
LODO,55cm,GBM,clean,55,1.2,8,-2.5184699480750177,-2.747381123540241
LODO,55cm,GBM,clean,55,1.6,6,-2.4858269381130857,-2.5148862204308626
LODO,55cm,GBM,clean,55,1.6,7,-2.012588935707556,-2.234118549015557
LODO,55cm,GBM,clean,55,1.6,8,-1.7819794415380534,-1.8450837555428803
LODO,55cm,GBM,clean,55,2.0,6,-3.186152912481025,-3.1452439056744486
LODO,55cm,GBM,clean,55,2.0,7,-2.6690062018996525,-2.5238039849249874
LODO,55cm,GBM,clean,55,2.0,8,-2.330360540794156,-2.2820291360200233
LODO,55cm,GBM,clean,55,2.4,6,-1.9438920859629623,-1.9747908200899944
LODO,55cm,GBM,clean,55,2.4,7,-1.533041972799191,-1.5356858649568619
LODO,55cm,GBM,clean,55,2.4,8,-1.3700493991044738,-1.3402825046986995
LODO,55cm,GBM,clean,55,2.8,6,-1.6126653539245952,-1.6272978650822392
LODO,55cm,GBM,clean,55,2.8,7,-1.33782035350723,-1.313674039259695
LODO,55cm,GBM,clean,55,2.8,8,-1.2449029990571143,-1.1794235534709852
LODO,55cm,GBM,clean,55,3.2,6,-1.3359468831020627,-1.3690009228468123
LODO,55cm,GBM,clean,55,3.2,7,-1.1533221437152237,-1.12617183683581
LODO,55cm,GBM,clean,55,3.2,8,-1.076512989560956,-1.0813174452306855
LODO,55cm,GBM,clean,55,3.6,6,-0.915945904133881,-0.9499753909273853
LODO,55cm,GBM,clean,55,3.6,7,-0.762544235505606,-0.8290254551657227
LODO,55cm,GBM,clean,55,3.6,8,-0.7615699795857364,-0.8297868300311692
LODO,55cm,GBM,clean,55,4.0,6,-1.0705422449855506,-1.0508558697882446
LODO,55cm,GBM,clean,55,4.0,7,-0.9774190545184905,-0.929905934026583
LODO,55cm,GBM,clean,55,4.0,8,-0.9384155938445793,-0.9306673088920294
LODO,55cm,GBM,pump,55,0.4,6,-4.3902722284270705,-4.57987507515011
LODO,55cm,GBM,pump,55,0.4,7,-3.949832995721284,-4.294766844391916
LODO,55cm,GBM,pump,55,0.4,8,-3.0827408530708027,-3.64457409732548
LODO,55cm,GBM,pump,55,0.8,6,-3.7135794609622215,-3.802117303750711
LODO,55cm,GBM,pump,55,0.8,7,-2.887421807594228,-3.4361969676290305
LODO,55cm,GBM,pump,55,0.8,8,-2.6371180977430186,-3.1114203003967917
LODO,55cm,GBM,pump,55,1.2,6,-3.473818441503689,-3.6498054902283186
LODO,55cm,GBM,pump,55,1.2,7,-2.660812992344431,-3.3121319334549666
LODO,55cm,GBM,pump,55,1.2,8,-1.970449842285022,-2.701594655060204
LODO,55cm,GBM,pump,55,1.6,6,-2.3286318150064176,-2.486098365290701
LODO,55cm,GBM,pump,55,1.6,7,-1.7967114008048017,-2.208460852523986
LODO,55cm,GBM,pump,55,1.6,8,-1.3763290283174443,-1.8139846156408286
LODO,55cm,GBM,pump,55,2.0,6,-2.9753009318745356,-3.1195862091828777
LODO,55cm,GBM,pump,55,2.0,7,-2.2399471257143153,-2.4981462884334165
LODO,55cm,GBM,pump,55,2.0,8,-1.4482768240180888,-2.2509299961179723
LODO,55cm,GBM,pump,55,2.4,6,-1.7232878018935842,-1.9491331235984237
LODO,55cm,GBM,pump,55,2.4,7,-1.3219088417391536,-1.5100281684652912
LODO,55cm,GBM,pump,55,2.4,8,-1.045560655008234,-1.3091833647966478
LODO,55cm,GBM,pump,55,2.8,6,-1.4089075544758851,-1.6016401685906685
LODO,55cm,GBM,pump,55,2.8,7,-1.1074512959554583,-1.2880163427681244
LODO,55cm,GBM,pump,55,2.8,8,-0.9293231743372344,-1.1483244135689334
LODO,55cm,GBM,pump,55,3.2,6,-1.1756938443463372,-1.3433432263552416
LODO,55cm,GBM,pump,55,3.2,7,-0.9982316834316167,-1.1005141403442393
LODO,55cm,GBM,pump,55,3.2,8,-0.8468378295141608,-1.0502183053286338
LODO,55cm,GBM,pump,55,3.6,6,-0.8151411284291498,-0.9243176944358144
LODO,55cm,GBM,pump,55,3.6,7,-0.6673959337677035,-0.803367758674152
LODO,55cm,GBM,pump,55,3.6,8,-0.633844239408137,-0.7986876901291177
LODO,55cm,GBM,pump,55,4.0,6,-0.9823282162137721,-1.025198173296674
LODO,55cm,GBM,pump,55,4.0,7,-0.8341623753098718,-0.9042482375350123
LODO,55cm,GBM,pump,55,4.0,8,-0.732087082506632,-0.8995681689899779
LODO,55cm,MLP,clean,55,0.4,6,-4.3902722284270705,-4.7345485377945895
LODO,55cm,MLP,clean,55,0.4,7,-4.292256140843599,-4.321506535075202
LODO,55cm,MLP,clean,55,0.4,8,-3.235350960967232,-4.009715695502064
LODO,55cm,MLP,clean,55,0.8,6,-3.500970353866764,-4.1911175443887325
LODO,55cm,MLP,clean,55,0.8,7,-3.036983730320005,-3.7511411422542755
LODO,55cm,MLP,clean,55,0.8,8,-2.582986924683562,-3.4459811983959527
LODO,55cm,MLP,clean,55,1.2,6,-3.6913032908273498,-3.629621509858926
LODO,55cm,MLP,clean,55,1.2,7,-3.139967604636963,-3.2249695197500463
LODO,55cm,MLP,clean,55,1.2,8,-2.5184699480750177,-2.899465850899692
LODO,55cm,MLP,clean,55,1.6,6,-2.4858269381130857,-3.1386467538886818
LODO,55cm,MLP,clean,55,1.6,7,-2.012588935707556,-2.650655387362853
LODO,55cm,MLP,clean,55,1.6,8,-1.7819794415380534,-2.363057632593675
LODO,55cm,MLP,clean,55,2.0,6,-3.186152912481025,-2.628493778584862
LODO,55cm,MLP,clean,55,2.0,7,-2.6690062018996525,-2.1811010295416455
LODO,55cm,MLP,clean,55,2.0,8,-2.330360540794156,-2.0496971076946546
LODO,55cm,MLP,clean,55,2.4,6,-1.9438920859629623,-2.095282385937968
LODO,55cm,MLP,clean,55,2.4,7,-1.533041972799191,-1.8896235013208285
LODO,55cm,MLP,clean,55,2.4,8,-1.3700493991044738,-1.7501822725111766
LODO,55cm,MLP,clean,55,2.8,6,-1.6126653539245952,-1.6969638915882739
LODO,55cm,MLP,clean,55,2.8,7,-1.33782035350723,-1.5561881208088715
LODO,55cm,MLP,clean,55,2.8,8,-1.2449029990571143,-1.4874015642915013
LODO,55cm,MLP,clean,55,3.2,6,-1.3359468831020627,-1.398890540818858
LODO,55cm,MLP,clean,55,3.2,7,-1.1533221437152237,-1.2637936568021182
LODO,55cm,MLP,clean,55,3.2,8,-1.076512989560956,-1.2947230039217958
LODO,55cm,MLP,clean,55,3.6,6,-0.915945904133881,-1.2262977661891004
LODO,55cm,MLP,clean,55,3.6,7,-0.762544235505606,-1.0639530110428106
LODO,55cm,MLP,clean,55,3.6,8,-0.7615699795857364,-1.082984284582307
LODO,55cm,MLP,clean,55,4.0,6,-1.0705422449855506,-1.0688231407603692
LODO,55cm,MLP,clean,55,4.0,7,-0.9774190545184905,-0.9182955651386453
LODO,55cm,MLP,clean,55,4.0,8,-0.9384155938445793,-0.8697101200294435
LODO,55cm,MLP,pump,55,0.4,6,-4.3902722284270705,-4.509698938060555
LODO,55cm,MLP,pump,55,0.4,7,-3.949832995721284,-4.052199182148049
LODO,55cm,MLP,pump,55,0.4,8,-3.0827408530708027,-3.6004923647242313
LODO,55cm,MLP,pump,55,0.8,6,-3.7135794609622215,-4.072033547409782
LODO,55cm,MLP,pump,55,0.8,7,-2.887421807594228,-3.5699524711197066
LODO,55cm,MLP,pump,55,0.8,8,-2.6371180977430186,-3.1314176317177695
LODO,55cm,MLP,pump,55,1.2,6,-3.473818441503689,-3.560029981425489
LODO,55cm,MLP,pump,55,1.2,7,-2.660812992344431,-3.052195903725984
LODO,55cm,MLP,pump,55,1.2,8,-1.970449842285022,-2.6923417702463053
LODO,55cm,MLP,pump,55,1.6,6,-2.3286318150064176,-2.992309779534354
LODO,55cm,MLP,pump,55,1.6,7,-1.7967114008048017,-2.5169549738268073
LODO,55cm,MLP,pump,55,1.6,8,-1.3763290283174443,-2.2254047240737345
LODO,55cm,MLP,pump,55,2.0,6,-2.9753009318745356,-2.455480367926799
LODO,55cm,MLP,pump,55,2.0,7,-2.2399471257143153,-1.9760654078096078
LODO,55cm,MLP,pump,55,2.0,8,-1.4482768240180888,-1.6827396449747687
LODO,55cm,MLP,pump,55,2.4,6,-1.7232878018935842,-2.0422309740490308
LODO,55cm,MLP,pump,55,2.4,7,-1.3219088417391536,-1.4877885775919637
LODO,55cm,MLP,pump,55,2.4,8,-1.045560655008234,-1.3491336075630145
LODO,55cm,MLP,pump,55,2.8,6,-1.4089075544758851,-1.51699763162974
LODO,55cm,MLP,pump,55,2.8,7,-1.1074512959554583,-1.234433212839446
LODO,55cm,MLP,pump,55,2.8,8,-0.9293231743372344,-1.1770348087736258
LODO,55cm,MLP,pump,55,3.2,6,-1.1756938443463372,-1.2047872564074698
LODO,55cm,MLP,pump,55,3.2,7,-0.9982316834316167,-1.047022196574496
LODO,55cm,MLP,pump,55,3.2,8,-0.8468378295141608,-1.0337324128684195
LODO,55cm,MLP,pump,55,3.6,6,-0.8151411284291498,-1.0314697128337802
LODO,55cm,MLP,pump,55,3.6,7,-0.6673959337677035,-0.9130497053175535
LODO,55cm,MLP,pump,55,3.6,8,-0.633844239408137,-0.8982958224325619
LODO,55cm,MLP,pump,55,4.0,6,-0.9823282162137721,-0.8789555504545454
LODO,55cm,MLP,pump,55,4.0,7,-0.8341623753098718,-0.7859188668123922
LODO,55cm,MLP,pump,55,4.0,8,-0.732087082506632,-0.7593589969412777
LOMO,clean,Mean,clean,15,0.4,6,-5.0,-2.1343092862605553
LOMO,clean,Mean,clean,15,0.4,7,-4.292256140843599,-2.1343092862605553
LOMO,clean,Mean,clean,15,0.4,8,-3.4727117410016213,-2.1343092862605553
LOMO,clean,Mean,clean,15,0.8,6,-3.9923332864913306,-2.1343092862605553
LOMO,clean,Mean,clean,15,0.8,7,-3.787106907339487,-2.1343092862605553
LOMO,clean,Mean,clean,15,0.8,8,-3.1988344282227414,-2.1343092862605553
LOMO,clean,Mean,clean,15,1.2,6,-3.7135794609622215,-2.1343092862605553
LOMO,clean,Mean,clean,15,1.2,7,-3.400161669109649,-2.1343092862605553
LOMO,clean,Mean,clean,15,1.2,8,-2.6773590239814253,-2.1343092862605553
LOMO,clean,Mean,clean,15,1.6,6,-2.59093125566616,-2.1343092862605553
LOMO,clean,Mean,clean,15,1.6,7,-2.0822052321914373,-2.1343092862605553
LOMO,clean,Mean,clean,15,1.6,8,-1.7207803540670539,-2.1343092862605553
LOMO,clean,Mean,clean,15,2.0,6,-3.4360303116186985,-2.1343092862605553
LOMO,clean,Mean,clean,15,2.0,7,-2.65878713098332,-2.1343092862605553
LOMO,clean,Mean,clean,15,2.0,8,-2.135101667742214,-2.1343092862605553
LOMO,clean,Mean,clean,15,2.4,6,-1.8905868336837626,-2.1343092862605553
LOMO,clean,Mean,clean,15,2.4,7,-1.5106448920505253,-2.1343092862605553
LOMO,clean,Mean,clean,15,2.4,8,-1.3363763312592294,-2.1343092862605553
LOMO,clean,Mean,clean,15,2.8,6,-1.5756918145944447,-2.1343092862605553
LOMO,clean,Mean,clean,15,2.8,7,-1.3093521342564098,-2.1343092862605553
LOMO,clean,Mean,clean,15,2.8,8,-1.2225137290127268,-2.1343092862605553
LOMO,clean,Mean,clean,15,3.2,6,-1.3203268598620361,-2.1343092862605553
LOMO,clean,Mean,clean,15,3.2,7,-1.1472462187739316,-2.1343092862605553
LOMO,clean,Mean,clean,15,3.2,8,-1.0737203350764402,-2.1343092862605553
LOMO,clean,Mean,clean,15,3.6,6,-0.9465028372069162,-2.1343092862605553
LOMO,clean,Mean,clean,15,3.6,7,-0.8116453325269029,-2.1343092862605553
LOMO,clean,Mean,clean,15,3.6,8,-0.7978796540604527,-2.1343092862605553
LOMO,clean,Mean,clean,15,4.0,6,-1.0702822803037129,-2.1343092862605553
LOMO,clean,Mean,clean,15,4.0,7,-0.9837775434857966,-2.1343092862605553
LOMO,clean,Mean,clean,15,4.0,8,-0.9409252962760815,-2.1343092862605553
LOMO,clean,Mean,clean,20,0.4,6,-5.0,-2.1343092862605553
LOMO,clean,Mean,clean,20,0.4,7,-3.991225293963131,-2.1343092862605553
LOMO,clean,Mean,clean,20,0.4,8,-3.51410545793854,-2.1343092862605553
LOMO,clean,Mean,clean,20,0.8,6,-3.9923332864913306,-2.1343092862605553
LOMO,clean,Mean,clean,20,0.8,7,-3.3191280699118724,-2.1343092862605553
LOMO,clean,Mean,clean,20,0.8,8,-3.3284680174225545,-2.1343092862605553
LOMO,clean,Mean,clean,20,1.2,6,-3.9509409892378637,-2.1343092862605553
LOMO,clean,Mean,clean,20,1.2,7,-3.205896226442565,-2.1343092862605553
LOMO,clean,Mean,clean,20,1.2,8,-3.066948237281299,-2.1343092862605553
LOMO,clean,Mean,clean,20,1.6,6,-2.468586232016332,-2.1343092862605553
LOMO,clean,Mean,clean,20,1.6,7,-2.0130456318225076,-2.1343092862605553
LOMO,clean,Mean,clean,20,1.6,8,-1.7212463990471711,-2.1343092862605553
LOMO,clean,Mean,clean,20,2.0,6,-3.329575083770747,-2.1343092862605553
LOMO,clean,Mean,clean,20,2.0,7,-2.660812992344431,-2.1343092862605553
LOMO,clean,Mean,clean,20,2.0,8,-2.151748053458354,-2.1343092862605553
LOMO,clean,Mean,clean,20,2.4,6,-1.94272577451758,-2.1343092862605553
LOMO,clean,Mean,clean,20,2.4,7,-1.5002854312588756,-2.1343092862605553
LOMO,clean,Mean,clean,20,2.4,8,-1.3805654229571516,-2.1343092862605553
LOMO,clean,Mean,clean,20,2.8,6,-1.5835841858538846,-2.1343092862605553
LOMO,clean,Mean,clean,20,2.8,7,-1.3189433770125585,-2.1343092862605553
LOMO,clean,Mean,clean,20,2.8,8,-1.2409489135610814,-2.1343092862605553
LOMO,clean,Mean,clean,20,3.2,6,-1.3343214678283366,-2.1343092862605553
LOMO,clean,Mean,clean,20,3.2,7,-1.1623086815084707,-2.1343092862605553
LOMO,clean,Mean,clean,20,3.2,8,-1.078897483897625,-2.1343092862605553
LOMO,clean,Mean,clean,20,3.6,6,-0.9374894640309991,-2.1343092862605553
LOMO,clean,Mean,clean,20,3.6,7,-0.7698628606674471,-2.1343092862605553
LOMO,clean,Mean,clean,20,3.6,8,-0.7826503130122314,-2.1343092862605553
LOMO,clean,Mean,clean,20,4.0,6,-1.0642952808817916,-2.1343092862605553
LOMO,clean,Mean,clean,20,4.0,7,-0.9762003859779802,-2.1343092862605553
LOMO,clean,Mean,clean,20,4.0,8,-0.9500303680046953,-2.1343092862605553
LOMO,clean,Mean,clean,25,0.4,6,-5.0,-2.1343092862605553
LOMO,clean,Mean,clean,25,0.4,7,-3.845098474308956,-2.1343092862605553
LOMO,clean,Mean,clean,25,0.4,8,-3.991225293963131,-2.1343092862605553
LOMO,clean,Mean,clean,25,0.8,6,-3.9131527516026936,-2.1343092862605553
LOMO,clean,Mean,clean,25,0.8,7,-3.787106907339487,-2.1343092862605553
LOMO,clean,Mean,clean,25,0.8,8,-2.6390432487496107,-2.1343092862605553
LOMO,clean,Mean,clean,25,1.2,6,-3.9923332864913306,-2.1343092862605553
LOMO,clean,Mean,clean,25,1.2,7,-3.815135453602521,-2.1343092862605553
LOMO,clean,Mean,clean,25,1.2,8,-2.809382602035759,-2.1343092862605553
LOMO,clean,Mean,clean,25,1.6,6,-2.4940215813039335,-2.1343092862605553
LOMO,clean,Mean,clean,25,1.6,7,-2.0345776788430237,-2.1343092862605553
LOMO,clean,Mean,clean,25,1.6,8,-1.756708893413965,-2.1343092862605553
LOMO,clean,Mean,clean,25,2.0,6,-3.4360303116186985,-2.1343092862605553
LOMO,clean,Mean,clean,25,2.0,7,-2.6628463499173005,-2.1343092862605553
LOMO,clean,Mean,clean,25,2.0,8,-2.151120257376825,-2.1343092862605553
LOMO,clean,Mean,clean,25,2.4,6,-1.94156638304849,-2.1343092862605553
LOMO,clean,Mean,clean,25,2.4,7,-1.5606673061697374,-2.1343092862605553
LOMO,clean,Mean,clean,25,2.4,8,-1.3611035956809217,-2.1343092862605553
LOMO,clean,Mean,clean,25,2.8,6,-1.6161200330337853,-2.1343092862605553
LOMO,clean,Mean,clean,25,2.8,7,-1.3174677525307918,-2.1343092862605553
LOMO,clean,Mean,clean,25,2.8,8,-1.2049003287582585,-2.1343092862605553
LOMO,clean,Mean,clean,25,3.2,6,-1.3333678449570725,-2.1343092862605553
LOMO,clean,Mean,clean,25,3.2,7,-1.1774448908285482,-2.1343092862605553
LOMO,clean,Mean,clean,25,3.2,8,-1.0824194012791446,-2.1343092862605553
LOMO,clean,Mean,clean,25,3.6,6,-0.922185310207575,-2.1343092862605553
LOMO,clean,Mean,clean,25,3.6,7,-0.757518204328467,-2.1343092862605553
LOMO,clean,Mean,clean,25,3.6,8,-0.769551078621726,-2.1343092862605553
LOMO,clean,Mean,clean,25,4.0,6,-1.0726794348096602,-2.1343092862605553
LOMO,clean,Mean,clean,25,4.0,7,-0.9624101743002127,-2.1343092862605553
LOMO,clean,Mean,clean,25,4.0,8,-0.9459809638877248,-2.1343092862605553
LOMO,clean,Mean,clean,30,0.4,6,-5.0,-2.1343092862605553
LOMO,clean,Mean,clean,30,0.4,7,-4.292256140843599,-2.1343092862605553
LOMO,clean,Mean,clean,30,0.4,8,-3.7607781250912065,-2.1343092862605553
LOMO,clean,Mean,clean,30,0.8,6,-4.038089828841834,-2.1343092862605553
LOMO,clean,Mean,clean,30,0.8,7,-3.845098474308956,-2.1343092862605553
LOMO,clean,Mean,clean,30,0.8,8,-3.258832637569262,-2.1343092862605553
LOMO,clean,Mean,clean,30,1.2,6,-4.147234636913154,-2.1343092862605553
LOMO,clean,Mean,clean,30,1.2,7,-3.815135453602521,-2.1343092862605553
LOMO,clean,Mean,clean,30,1.2,8,-3.1219943794368965,-2.1343092862605553
LOMO,clean,Mean,clean,30,1.6,6,-2.52251119819198,-2.1343092862605553
LOMO,clean,Mean,clean,30,1.6,7,-2.033618884397456,-2.1343092862605553
LOMO,clean,Mean,clean,30,1.6,8,-1.8206723074471534,-2.1343092862605553
LOMO,clean,Mean,clean,30,2.0,6,-3.2847623574027947,-2.1343092862605553
LOMO,clean,Mean,clean,30,2.0,7,-2.8358911315575748,-2.1343092862605553
LOMO,clean,Mean,clean,30,2.0,8,-2.318205389860206,-2.1343092862605553
LOMO,clean,Mean,clean,30,2.4,6,-1.9466180407944937,-2.1343092862605553
LOMO,clean,Mean,clean,30,2.4,7,-1.5717663666096071,-2.1343092862605553
LOMO,clean,Mean,clean,30,2.4,8,-1.4374644743786638,-2.1343092862605553
LOMO,clean,Mean,clean,30,2.8,6,-1.6106761801657292,-2.1343092862605553
LOMO,clean,Mean,clean,30,2.8,7,-1.3309296305763305,-2.1343092862605553
LOMO,clean,Mean,clean,30,2.8,8,-1.2346660479001925,-2.1343092862605553
LOMO,clean,Mean,clean,30,3.2,6,-1.3425110253047638,-2.1343092862605553
LOMO,clean,Mean,clean,30,3.2,7,-1.172933934122319,-2.1343092862605553
LOMO,clean,Mean,clean,30,3.2,8,-1.0802819258489889,-2.1343092862605553
LOMO,clean,Mean,clean,30,3.6,6,-0.9038062946979222,-2.1343092862605553
LOMO,clean,Mean,clean,30,3.6,7,-0.7561784467435241,-2.1343092862605553
LOMO,clean,Mean,clean,30,3.6,8,-0.7603427195380671,-2.1343092862605553
LOMO,clean,Mean,clean,30,4.0,6,-1.0729927274681688,-2.1343092862605553
LOMO,clean,Mean,clean,30,4.0,7,-0.9723609590376543,-2.1343092862605553
LOMO,clean,Mean,clean,30,4.0,8,-0.9050783891613561,-2.1343092862605553
LOMO,clean,Mean,clean,35,0.4,6,-5.0,-2.1343092862605553
LOMO,clean,Mean,clean,35,0.4,7,-3.8772829238293114,-2.1343092862605553
LOMO,clean,Mean,clean,35,0.4,8,-3.1716823901990363,-2.1343092862605553
LOMO,clean,Mean,clean,35,0.8,6,-3.690163378885209,-2.1343092862605553
LOMO,clean,Mean,clean,35,0.8,7,-3.6690062018996525,-2.1343092862605553
LOMO,clean,Mean,clean,35,0.8,8,-2.6294980130865357,-2.1343092862605553
LOMO,clean,Mean,clean,35,1.2,6,-3.6913032908273498,-2.1343092862605553
LOMO,clean,Mean,clean,35,1.2,7,-3.3577571353193387,-2.1343092862605553
LOMO,clean,Mean,clean,35,1.2,8,-2.779037245673937,-2.1343092862605553
LOMO,clean,Mean,clean,35,1.6,6,-2.5561692796553133,-2.1343092862605553
LOMO,clean,Mean,clean,35,1.6,7,-2.0648838760590325,-2.1343092862605553
LOMO,clean,Mean,clean,35,1.6,8,-1.7259368742238739,-2.1343092862605553
LOMO,clean,Mean,clean,35,2.0,6,-3.2141813249498643,-2.1343092862605553
LOMO,clean,Mean,clean,35,2.0,7,-2.6923734794076064,-2.1343092862605553
LOMO,clean,Mean,clean,35,2.0,8,-2.4970719549439377,-2.1343092862605553
LOMO,clean,Mean,clean,35,2.4,6,-1.9565041134616181,-2.1343092862605553
LOMO,clean,Mean,clean,35,2.4,7,-1.5534752592695638,-2.1343092862605553
LOMO,clean,Mean,clean,35,2.4,8,-1.3872161432802645,-2.1343092862605553
LOMO,clean,Mean,clean,35,2.8,6,-1.6186845219251065,-2.1343092862605553
LOMO,clean,Mean,clean,35,2.8,7,-1.3191280699118726,-2.1343092862605553
LOMO,clean,Mean,clean,35,2.8,8,-1.2026334208440188,-2.1343092862605553
LOMO,clean,Mean,clean,35,3.2,6,-1.3489789549515165,-2.1343092862605553
LOMO,clean,Mean,clean,35,3.2,7,-1.1703026452355763,-2.1343092862605553
LOMO,clean,Mean,clean,35,3.2,8,-1.0735628833798578,-2.1343092862605553
LOMO,clean,Mean,clean,35,3.6,6,-0.9015293343493707,-2.1343092862605553
LOMO,clean,Mean,clean,35,3.6,7,-0.7829716458515488,-2.1343092862605553
LOMO,clean,Mean,clean,35,3.6,8,-0.7687955528496674,-2.1343092862605553
LOMO,clean,Mean,clean,35,4.0,6,-1.065116409476463,-2.1343092862605553
LOMO,clean,Mean,clean,35,4.0,7,-0.9656322785183896,-2.1343092862605553
LOMO,clean,Mean,clean,35,4.0,8,-0.9423186846409161,-2.1343092862605553
LOMO,clean,Mean,clean,40,0.4,6,-5.0,-2.1343092862605553
LOMO,clean,Mean,clean,40,0.4,7,-3.991225293963131,-2.1343092862605553
LOMO,clean,Mean,clean,40,0.4,8,-3.6690062018996525,-2.1343092862605553
LOMO,clean,Mean,clean,40,0.8,6,-3.9509409892378637,-2.1343092862605553
LOMO,clean,Mean,clean,40,0.8,7,-3.133893506878819,-2.1343092862605553
LOMO,clean,Mean,clean,40,0.8,8,-3.250863765219055,-2.1343092862605553
LOMO,clean,Mean,clean,40,1.2,6,-3.6306041518385914,-2.1343092862605553
LOMO,clean,Mean,clean,40,1.2,7,-2.942006967287466,-2.1343092862605553
LOMO,clean,Mean,clean,40,1.2,8,-2.7925703081157174,-2.1343092862605553
LOMO,clean,Mean,clean,40,1.6,6,-2.5807135474509666,-2.1343092862605553
LOMO,clean,Mean,clean,40,1.6,7,-2.00177641821642,-2.1343092862605553
LOMO,clean,Mean,clean,40,1.6,8,-1.8340704865404978,-2.1343092862605553
LOMO,clean,Mean,clean,40,2.0,6,-3.3202342483368845,-2.1343092862605553
LOMO,clean,Mean,clean,40,2.0,7,-2.854505254933545,-2.1343092862605553
LOMO,clean,Mean,clean,40,2.0,8,-2.265314557685483,-2.1343092862605553
LOMO,clean,Mean,clean,40,2.4,6,-1.9537116918168105,-2.1343092862605553
LOMO,clean,Mean,clean,40,2.4,7,-1.576085990652095,-2.1343092862605553
LOMO,clean,Mean,clean,40,2.4,8,-1.416963408035678,-2.1343092862605553
LOMO,clean,Mean,clean,40,2.8,6,-1.5994602837944614,-2.1343092862605553
LOMO,clean,Mean,clean,40,2.8,7,-1.321630053032115,-2.1343092862605553
LOMO,clean,Mean,clean,40,2.8,8,-1.238946890486154,-2.1343092862605553
LOMO,clean,Mean,clean,40,3.2,6,-1.3432896155862624,-2.1343092862605553
LOMO,clean,Mean,clean,40,3.2,7,-1.1699749325402082,-2.1343092862605553
LOMO,clean,Mean,clean,40,3.2,8,-1.0848371653148652,-2.1343092862605553
LOMO,clean,Mean,clean,40,3.6,6,-0.9174443999326253,-2.1343092862605553
LOMO,clean,Mean,clean,40,3.6,7,-0.7761433784090903,-2.1343092862605553
LOMO,clean,Mean,clean,40,3.6,8,-0.7642140827002326,-2.1343092862605553
LOMO,clean,Mean,clean,40,4.0,6,-1.061129178615983,-2.1343092862605553
LOMO,clean,Mean,clean,40,4.0,7,-0.9693759938398316,-2.1343092862605553
LOMO,clean,Mean,clean,40,4.0,8,-0.9395325856638762,-2.1343092862605553
LOMO,clean,Mean,clean,45,0.4,6,-5.0,-2.1343092862605553
LOMO,clean,Mean,clean,45,0.4,7,-4.69019529829915,-2.1343092862605553
LOMO,clean,Mean,clean,45,0.4,8,-3.4597468776362543,-2.1343092862605553
LOMO,clean,Mean,clean,45,0.8,6,-4.147234636913154,-2.1343092862605553
LOMO,clean,Mean,clean,45,0.8,7,-3.3380132530856295,-2.1343092862605553
LOMO,clean,Mean,clean,45,0.8,8,-3.14612786196048,-2.1343092862605553
LOMO,clean,Mean,clean,45,1.2,6,-3.821337814533797,-2.1343092862605553
LOMO,clean,Mean,clean,45,1.2,7,-3.712471469006241,-2.1343092862605553
LOMO,clean,Mean,clean,45,1.2,8,-2.4727117410016213,-2.1343092862605553
LOMO,clean,Mean,clean,45,1.6,6,-2.5344506017846284,-2.1343092862605553
LOMO,clean,Mean,clean,45,1.6,7,-2.0457574905606752,-2.1343092862605553
LOMO,clean,Mean,clean,45,1.6,8,-1.7268806158996934,-2.1343092862605553
LOMO,clean,Mean,clean,45,2.0,6,-3.3021362485770416,-2.1343092862605553
LOMO,clean,Mean,clean,45,2.0,7,-2.696760731348004,-2.1343092862605553
LOMO,clean,Mean,clean,45,2.0,8,-2.534859647750466,-2.1343092862605553
LOMO,clean,Mean,clean,45,2.4,6,-1.938487206423174,-2.1343092862605553
LOMO,clean,Mean,clean,45,2.4,7,-1.544533857755494,-2.1343092862605553
LOMO,clean,Mean,clean,45,2.4,8,-1.3570510022608067,-2.1343092862605553
LOMO,clean,Mean,clean,45,2.8,6,-1.600691516262645,-2.1343092862605553
LOMO,clean,Mean,clean,45,2.8,7,-1.3284680174225545,-2.1343092862605553
LOMO,clean,Mean,clean,45,2.8,8,-1.2249621933352648,-2.1343092862605553
LOMO,clean,Mean,clean,45,3.2,6,-1.3263764780479852,-2.1343092862605553
LOMO,clean,Mean,clean,45,3.2,7,-1.167165488516621,-2.1343092862605553
LOMO,clean,Mean,clean,45,3.2,8,-1.1232875072105382,-2.1343092862605553
LOMO,clean,Mean,clean,45,3.6,6,-0.9149271588688055,-2.1343092862605553
LOMO,clean,Mean,clean,45,3.6,7,-0.7727948241667174,-2.1343092862605553
LOMO,clean,Mean,clean,45,3.6,8,-0.761442082538833,-2.1343092862605553
LOMO,clean,Mean,clean,45,4.0,6,-1.0667111764157056,-2.1343092862605553
LOMO,clean,Mean,clean,45,4.0,7,-0.9722346472717749,-2.1343092862605553
LOMO,clean,Mean,clean,45,4.0,8,-0.9444573100929904,-2.1343092862605553
LOMO,clean,Mean,clean,50,0.4,6,-5.0,-2.1343092862605553
LOMO,clean,Mean,clean,50,0.4,7,-4.14612786196048,-2.1343092862605553
LOMO,clean,Mean,clean,50,0.4,8,-4.514105457938539,-2.1343092862605553
LOMO,clean,Mean,clean,50,0.8,6,-3.9923332864913306,-2.1343092862605553
LOMO,clean,Mean,clean,50,0.8,7,-3.6690062018996525,-2.1343092862605553
LOMO,clean,Mean,clean,50,0.8,8,-3.243037722965555,-2.1343092862605553
LOMO,clean,Mean,clean,50,1.2,6,-3.6306041518385914,-2.1343092862605553
LOMO,clean,Mean,clean,50,1.2,7,-3.51410545793854,-2.1343092862605553
LOMO,clean,Mean,clean,50,1.2,8,-3.104735508445308,-2.1343092862605553
LOMO,clean,Mean,clean,50,1.6,6,-2.59788139919982,-2.1343092862605553
LOMO,clean,Mean,clean,50,1.6,7,-2.023210445846339,-2.1343092862605553
LOMO,clean,Mean,clean,50,1.6,8,-1.7306785611574251,-2.1343092862605553
LOMO,clean,Mean,clean,50,2.0,6,-3.4360303116186985,-2.1343092862605553
LOMO,clean,Mean,clean,50,2.0,7,-2.6690062018996525,-2.1343092862605553
LOMO,clean,Mean,clean,50,2.0,8,-2.476678933966772,-2.1343092862605553
LOMO,clean,Mean,clean,50,2.4,6,-1.9263806141018283,-2.1343092862605553
LOMO,clean,Mean,clean,50,2.4,7,-1.54375850272316,-2.1343092862605553
LOMO,clean,Mean,clean,50,2.4,8,-1.4344414138889496,-2.1343092862605553
LOMO,clean,Mean,clean,50,2.8,6,-1.6177667650294434,-2.1343092862605553
LOMO,clean,Mean,clean,50,2.8,7,-1.335319484868748,-2.1343092862605553
LOMO,clean,Mean,clean,50,2.8,8,-1.2130747529264436,-2.1343092862605553
LOMO,clean,Mean,clean,50,3.2,6,-1.3334633002588099,-2.1343092862605553
LOMO,clean,Mean,clean,50,3.2,7,-1.1640508308434454,-2.1343092862605553
LOMO,clean,Mean,clean,50,3.2,8,-1.0984637632461327,-2.1343092862605553
LOMO,clean,Mean,clean,50,3.6,6,-0.9191643518260268,-2.1343092862605553
LOMO,clean,Mean,clean,50,3.6,7,-0.7604953120280585,-2.1343092862605553
LOMO,clean,Mean,clean,50,3.6,8,-0.7579756600316715,-2.1343092862605553
LOMO,clean,Mean,clean,50,4.0,6,-1.068208654118649,-2.1343092862605553
LOMO,clean,Mean,clean,50,4.0,7,-0.9690442458706501,-2.1343092862605553
LOMO,clean,Mean,clean,50,4.0,8,-0.9457470919203858,-2.1343092862605553
LOMO,clean,Mean,clean,55,0.4,6,-4.3902722284270705,-2.1343092862605553
LOMO,clean,Mean,clean,55,0.4,7,-4.292256140843599,-2.1343092862605553
LOMO,clean,Mean,clean,55,0.4,8,-3.235350960967232,-2.1343092862605553
LOMO,clean,Mean,clean,55,0.8,6,-3.500970353866764,-2.1343092862605553
LOMO,clean,Mean,clean,55,0.8,7,-3.036983730320005,-2.1343092862605553
LOMO,clean,Mean,clean,55,0.8,8,-2.582986924683562,-2.1343092862605553
LOMO,clean,Mean,clean,55,1.2,6,-3.6913032908273498,-2.1343092862605553
LOMO,clean,Mean,clean,55,1.2,7,-3.139967604636963,-2.1343092862605553
LOMO,clean,Mean,clean,55,1.2,8,-2.5184699480750177,-2.1343092862605553
LOMO,clean,Mean,clean,55,1.6,6,-2.4858269381130857,-2.1343092862605553
LOMO,clean,Mean,clean,55,1.6,7,-2.012588935707556,-2.1343092862605553
LOMO,clean,Mean,clean,55,1.6,8,-1.7819794415380534,-2.1343092862605553
LOMO,clean,Mean,clean,55,2.0,6,-3.186152912481025,-2.1343092862605553
LOMO,clean,Mean,clean,55,2.0,7,-2.6690062018996525,-2.1343092862605553
LOMO,clean,Mean,clean,55,2.0,8,-2.330360540794156,-2.1343092862605553
LOMO,clean,Mean,clean,55,2.4,6,-1.9438920859629623,-2.1343092862605553
LOMO,clean,Mean,clean,55,2.4,7,-1.533041972799191,-2.1343092862605553
LOMO,clean,Mean,clean,55,2.4,8,-1.3700493991044738,-2.1343092862605553
LOMO,clean,Mean,clean,55,2.8,6,-1.6126653539245952,-2.1343092862605553
LOMO,clean,Mean,clean,55,2.8,7,-1.33782035350723,-2.1343092862605553
LOMO,clean,Mean,clean,55,2.8,8,-1.2449029990571143,-2.1343092862605553
LOMO,clean,Mean,clean,55,3.2,6,-1.3359468831020627,-2.1343092862605553
LOMO,clean,Mean,clean,55,3.2,7,-1.1533221437152237,-2.1343092862605553
LOMO,clean,Mean,clean,55,3.2,8,-1.076512989560956,-2.1343092862605553
LOMO,clean,Mean,clean,55,3.6,6,-0.915945904133881,-2.1343092862605553
LOMO,clean,Mean,clean,55,3.6,7,-0.762544235505606,-2.1343092862605553
LOMO,clean,Mean,clean,55,3.6,8,-0.7615699795857364,-2.1343092862605553
LOMO,clean,Mean,clean,55,4.0,6,-1.0705422449855506,-2.1343092862605553
LOMO,clean,Mean,clean,55,4.0,7,-0.9774190545184905,-2.1343092862605553
LOMO,clean,Mean,clean,55,4.0,8,-0.9384155938445793,-2.1343092862605553
LOMO,clean,Ridge(poly),clean,15,0.4,6,-5.0,-4.594609141429411
LOMO,clean,Ridge(poly),clean,15,0.4,7,-4.292256140843599,-4.192602054694321
LOMO,clean,Ridge(poly),clean,15,0.4,8,-3.4727117410016213,-3.790594967959232
LOMO,clean,Ridge(poly),clean,15,0.8,6,-3.9923332864913306,-4.047767339139365
LOMO,clean,Ridge(poly),clean,15,0.8,7,-3.787106907339487,-3.668742307991769
LOMO,clean,Ridge(poly),clean,15,0.8,8,-3.1988344282227414,-3.2897172768441725
LOMO,clean,Ridge(poly),clean,15,1.2,6,-3.7135794609622215,-3.5386218941888368
LOMO,clean,Ridge(poly),clean,15,1.2,7,-3.400161669109649,-3.1825789186287334
LOMO,clean,Ridge(poly),clean,15,1.2,8,-2.6773590239814253,-2.82653594306863
LOMO,clean,Ridge(poly),clean,15,1.6,6,-2.59093125566616,-3.0671728065778248
LOMO,clean,Ridge(poly),clean,15,1.6,7,-2.0822052321914373,-2.734111886605214
LOMO,clean,Ridge(poly),clean,15,1.6,8,-1.7207803540670539,-2.401050966632604
LOMO,clean,Ridge(poly),clean,15,2.0,6,-3.4360303116186985,-2.633420076306329
LOMO,clean,Ridge(poly),clean,15,2.0,7,-2.65878713098332,-2.3233412119212113
LOMO,clean,Ridge(poly),clean,15,2.0,8,-2.135101667742214,-2.013262347536094
LOMO,clean,Ridge(poly),clean,15,2.4,6,-1.8905868336837626,-2.237363703374349
LOMO,clean,Ridge(poly),clean,15,2.4,7,-1.5106448920505253,-1.9502668945767248
LOMO,clean,Ridge(poly),clean,15,2.4,8,-1.3363763312592294,-1.6631700857791
LOMO,clean,Ridge(poly),clean,15,2.8,6,-1.5756918145944447,-1.8790036877818859
LOMO,clean,Ridge(poly),clean,15,2.8,7,-1.3093521342564098,-1.6148889345717543
LOMO,clean,Ridge(poly),clean,15,2.8,8,-1.2225137290127268,-1.3507741813616225
LOMO,clean,Ridge(poly),clean,15,3.2,6,-1.3203268598620361,-1.5583400295289391
LOMO,clean,Ridge(poly),clean,15,3.2,7,-1.1472462187739316,-1.3172073319063005
LOMO,clean,Ridge(poly),clean,15,3.2,8,-1.0737203350764402,-1.0760746342836616
LOMO,clean,Ridge(poly),clean,15,3.6,6,-0.9465028372069162,-1.2753727286155085
LOMO,clean,Ridge(poly),clean,15,3.6,7,-0.8116453325269029,-1.0572220865803625
LOMO,clean,Ridge(poly),clean,15,3.6,8,-0.7978796540604527,-0.8390714445452168
LOMO,clean,Ridge(poly),clean,15,4.0,6,-1.0702822803037129,-1.0301017850415946
LOMO,clean,Ridge(poly),clean,15,4.0,7,-0.9837775434857966,-0.8349331985939412
LOMO,clean,Ridge(poly),clean,15,4.0,8,-0.9409252962760815,-0.6397646121462883
LOMO,clean,Ridge(poly),clean,20,0.4,6,-5.0,-4.55223005203573
LOMO,clean,Ridge(poly),clean,20,0.4,7,-3.991225293963131,-4.142224109997686
LOMO,clean,Ridge(poly),clean,20,0.4,8,-3.51410545793854,-3.7322181679596422
LOMO,clean,Ridge(poly),clean,20,0.8,6,-3.9923332864913306,-4.008067782103466
LOMO,clean,Ridge(poly),clean,20,0.8,7,-3.3191280699118724,-3.6210438956529147
LOMO,clean,Ridge(poly),clean,20,0.8,8,-3.3284680174225545,-3.2340200092023634
LOMO,clean,Ridge(poly),clean,20,1.2,6,-3.9509409892378637,-3.5016018695107185
LOMO,clean,Ridge(poly),clean,20,1.2,7,-3.205896226442565,-3.1375600386476608
LOMO,clean,Ridge(poly),clean,20,1.2,8,-3.066948237281299,-2.773518207784603
LOMO,clean,Ridge(poly),clean,20,1.6,6,-2.468586232016332,-3.032832314257488
LOMO,clean,Ridge(poly),clean,20,1.6,7,-2.0130456318225076,-2.6917725389819225
LOMO,clean,Ridge(poly),clean,20,1.6,8,-1.7212463990471711,-2.3507127637063574
LOMO,clean,Ridge(poly),clean,20,2.0,6,-3.329575083770747,-2.601759116343773
LOMO,clean,Ridge(poly),clean,20,2.0,7,-2.660812992344431,-2.283681396655701
LOMO,clean,Ridge(poly),clean,20,2.0,8,-2.151748053458354,-1.9656036769676288
LOMO,clean,Ridge(poly),clean,20,2.4,6,-1.94272577451758,-2.208382275769575
LOMO,clean,Ridge(poly),clean,20,2.4,7,-1.5002854312588756,-1.913286611668996
LOMO,clean,Ridge(poly),clean,20,2.4,8,-1.3805654229571516,-1.6181909475684164
LOMO,clean,Ridge(poly),clean,20,2.8,6,-1.5835841858538846,-1.852701792534893
LOMO,clean,Ridge(poly),clean,20,2.8,7,-1.3189433770125585,-1.5805881840218068
LOMO,clean,Ridge(poly),clean,20,2.8,8,-1.2409489135610814,-1.3084745755087204
LOMO,clean,Ridge(poly),clean,20,3.2,6,-1.3343214678283366,-1.5347176666397275
LOMO,clean,Ridge(poly),clean,20,3.2,7,-1.1623086815084707,-1.285586113714134
LOMO,clean,Ridge(poly),clean,20,3.2,8,-1.078897483897625,-1.0364545607885405
LOMO,clean,Ridge(poly),clean,20,3.6,6,-0.9374894640309991,-1.2544298980840782
LOMO,clean,Ridge(poly),clean,20,3.6,7,-0.7698628606674471,-1.0282804007459776
LOMO,clean,Ridge(poly),clean,20,3.6,8,-0.7826503130122314,-0.802130903407877
LOMO,clean,Ridge(poly),clean,20,4.0,6,-1.0642952808817916,-1.0118384868679458
LOMO,clean,Ridge(poly),clean,20,4.0,7,-0.9762003859779802,-0.8086710451173378
LOMO,clean,Ridge(poly),clean,20,4.0,8,-0.9500303680046953,-0.60550360336673
LOMO,clean,Ridge(poly),clean,25,0.4,6,-5.0,-4.50985096264205
LOMO,clean,Ridge(poly),clean,25,0.4,7,-3.845098474308956,-4.0918461653010505
LOMO,clean,Ridge(poly),clean,25,0.4,8,-3.991225293963131,-3.673841367960052
LOMO,clean,Ridge(poly),clean,25,0.8,6,-3.9131527516026936,-3.9683682250675663
LOMO,clean,Ridge(poly),clean,25,0.8,7,-3.787106907339487,-3.5733454833140605
LOMO,clean,Ridge(poly),clean,25,0.8,8,-2.6390432487496107,-3.178322741560555
LOMO,clean,Ridge(poly),clean,25,1.2,6,-3.9923332864913306,-3.4645818448326007
LOMO,clean,Ridge(poly),clean,25,1.2,7,-3.815135453602521,-3.092541158666588
LOMO,clean,Ridge(poly),clean,25,1.2,8,-2.809382602035759,-2.7205004725005755
LOMO,clean,Ridge(poly),clean,25,1.6,6,-2.4940215813039335,-2.998491821937151
LOMO,clean,Ridge(poly),clean,25,1.6,7,-2.0345776788430237,-2.6494331913586313
LOMO,clean,Ridge(poly),clean,25,1.6,8,-1.756708893413965,-2.3003745607801114
LOMO,clean,Ridge(poly),clean,25,2.0,6,-3.4360303116186985,-2.570098156381218
LOMO,clean,Ridge(poly),clean,25,2.0,7,-2.6628463499173005,-2.2440215813901907
LOMO,clean,Ridge(poly),clean,25,2.0,8,-2.151120257376825,-1.9179450063991639
LOMO,clean,Ridge(poly),clean,25,2.4,6,-1.94156638304849,-2.179400848164801
LOMO,clean,Ridge(poly),clean,25,2.4,7,-1.5606673061697374,-1.876306328761267
LOMO,clean,Ridge(poly),clean,25,2.4,8,-1.3611035956809217,-1.573211809357733
LOMO,clean,Ridge(poly),clean,25,2.8,6,-1.6161200330337853,-1.8263998972879
LOMO,clean,Ridge(poly),clean,25,2.8,7,-1.3174677525307918,-1.546287433471859
LOMO,clean,Ridge(poly),clean,25,2.8,8,-1.2049003287582585,-1.266174969655818
LOMO,clean,Ridge(poly),clean,25,3.2,6,-1.3333678449570725,-1.5110953037505162
LOMO,clean,Ridge(poly),clean,25,3.2,7,-1.1774448908285482,-1.253964895521968
LOMO,clean,Ridge(poly),clean,25,3.2,8,-1.0824194012791446,-0.9968344872934198
LOMO,clean,Ridge(poly),clean,25,3.6,6,-0.922185310207575,-1.2334870675526477
LOMO,clean,Ridge(poly),clean,25,3.6,7,-0.757518204328467,-0.9993387149115924
LOMO,clean,Ridge(poly),clean,25,3.6,8,-0.769551078621726,-0.7651903622705374
LOMO,clean,Ridge(poly),clean,25,4.0,6,-1.0726794348096602,-0.9935751886942965
LOMO,clean,Ridge(poly),clean,25,4.0,7,-0.9624101743002127,-0.7824088916407339
LOMO,clean,Ridge(poly),clean,25,4.0,8,-0.9459809638877248,-0.5712425945871715
LOMO,clean,Ridge(poly),clean,30,0.4,6,-5.0,-4.4674718732483685
LOMO,clean,Ridge(poly),clean,30,0.4,7,-4.292256140843599,-4.041468220604416
LOMO,clean,Ridge(poly),clean,30,0.4,8,-3.7607781250912065,-3.615464567960462
LOMO,clean,Ridge(poly),clean,30,0.8,6,-4.038089828841834,-3.9286686680316665
LOMO,clean,Ridge(poly),clean,30,0.8,7,-3.845098474308956,-3.5256470709752064
LOMO,clean,Ridge(poly),clean,30,0.8,8,-3.258832637569262,-3.1226254739187462
LOMO,clean,Ridge(poly),clean,30,1.2,6,-4.147234636913154,-3.4275618201544824
LOMO,clean,Ridge(poly),clean,30,1.2,7,-3.815135453602521,-3.047522278685515
LOMO,clean,Ridge(poly),clean,30,1.2,8,-3.1219943794368965,-2.667482737216548
LOMO,clean,Ridge(poly),clean,30,1.6,6,-2.52251119819198,-2.964151329616814
LOMO,clean,Ridge(poly),clean,30,1.6,7,-2.033618884397456,-2.6070938437353397
LOMO,clean,Ridge(poly),clean,30,1.6,8,-1.8206723074471534,-2.2500363578538654
LOMO,clean,Ridge(poly),clean,30,2.0,6,-3.2847623574027947,-2.5384371964186623
LOMO,clean,Ridge(poly),clean,30,2.0,7,-2.8358911315575748,-2.2043617661246806
LOMO,clean,Ridge(poly),clean,30,2.0,8,-2.318205389860206,-1.870286335830699
LOMO,clean,Ridge(poly),clean,30,2.4,6,-1.9466180407944937,-2.1504194205600267
LOMO,clean,Ridge(poly),clean,30,2.4,7,-1.5717663666096071,-1.839326045853538
LOMO,clean,Ridge(poly),clean,30,2.4,8,-1.4374644743786638,-1.5282326711470495
LOMO,clean,Ridge(poly),clean,30,2.8,6,-1.6106761801657292,-1.8000980020409072
LOMO,clean,Ridge(poly),clean,30,2.8,7,-1.3309296305763305,-1.5119866829219115
LOMO,clean,Ridge(poly),clean,30,2.8,8,-1.2346660479001925,-1.2238753638029158
LOMO,clean,Ridge(poly),clean,30,3.2,6,-1.3425110253047638,-1.4874729408613045
LOMO,clean,Ridge(poly),clean,30,3.2,7,-1.172933934122319,-1.2223436773298015
LOMO,clean,Ridge(poly),clean,30,3.2,8,-1.0802819258489889,-0.9572144137982987
LOMO,clean,Ridge(poly),clean,30,3.6,6,-0.9038062946979222,-1.2125442370212178
LOMO,clean,Ridge(poly),clean,30,3.6,7,-0.7561784467435241,-0.9703970290772079
LOMO,clean,Ridge(poly),clean,30,3.6,8,-0.7603427195380671,-0.7282498211331978
LOMO,clean,Ridge(poly),clean,30,4.0,6,-1.0729927274681688,-0.9753118905206475
LOMO,clean,Ridge(poly),clean,30,4.0,7,-0.9723609590376543,-0.7561467381641302
LOMO,clean,Ridge(poly),clean,30,4.0,8,-0.9050783891613561,-0.5369815858076135
LOMO,clean,Ridge(poly),clean,35,0.4,6,-5.0,-4.425092783854687
LOMO,clean,Ridge(poly),clean,35,0.4,7,-3.8772829238293114,-3.99109027590778
LOMO,clean,Ridge(poly),clean,35,0.4,8,-3.1716823901990363,-3.557087767960872
LOMO,clean,Ridge(poly),clean,35,0.8,6,-3.690163378885209,-3.8889691109957676
LOMO,clean,Ridge(poly),clean,35,0.8,7,-3.6690062018996525,-3.477948658636352
LOMO,clean,Ridge(poly),clean,35,0.8,8,-2.6294980130865357,-3.066928206276937
LOMO,clean,Ridge(poly),clean,35,1.2,6,-3.6913032908273498,-3.3905417954763646
LOMO,clean,Ridge(poly),clean,35,1.2,7,-3.3577571353193387,-3.0025033987044423
LOMO,clean,Ridge(poly),clean,35,1.2,8,-2.779037245673937,-2.6144650019325204
LOMO,clean,Ridge(poly),clean,35,1.6,6,-2.5561692796553133,-2.9298108372964773
LOMO,clean,Ridge(poly),clean,35,1.6,7,-2.0648838760590325,-2.564754496112048
LOMO,clean,Ridge(poly),clean,35,1.6,8,-1.7259368742238739,-2.199698154927619
LOMO,clean,Ridge(poly),clean,35,2.0,6,-3.2141813249498643,-2.5067762364561066
LOMO,clean,Ridge(poly),clean,35,2.0,7,-2.6923734794076064,-2.1647019508591705
LOMO,clean,Ridge(poly),clean,35,2.0,8,-2.4970719549439377,-1.8226276652622342
LOMO,clean,Ridge(poly),clean,35,2.4,6,-1.9565041134616181,-2.1214379929552525
LOMO,clean,Ridge(poly),clean,35,2.4,7,-1.5534752592695638,-1.8023457629458093
LOMO,clean,Ridge(poly),clean,35,2.4,8,-1.3872161432802645,-1.4832535329363656
LOMO,clean,Ridge(poly),clean,35,2.8,6,-1.6186845219251065,-1.7737961067939143
LOMO,clean,Ridge(poly),clean,35,2.8,7,-1.3191280699118726,-1.477685932371964
LOMO,clean,Ridge(poly),clean,35,2.8,8,-1.2026334208440188,-1.1815757579500137
LOMO,clean,Ridge(poly),clean,35,3.2,6,-1.3489789549515165,-1.463850577972093
LOMO,clean,Ridge(poly),clean,35,3.2,7,-1.1703026452355763,-1.1907224591376353
LOMO,clean,Ridge(poly),clean,35,3.2,8,-1.0735628833798578,-0.9175943403031779
LOMO,clean,Ridge(poly),clean,35,3.6,6,-0.9015293343493707,-1.1916014064897875
LOMO,clean,Ridge(poly),clean,35,3.6,7,-0.7829716458515488,-0.9414553432428228
LOMO,clean,Ridge(poly),clean,35,3.6,8,-0.7687955528496674,-0.691309279995858
LOMO,clean,Ridge(poly),clean,35,4.0,6,-1.065116409476463,-0.9570485923469982
LOMO,clean,Ridge(poly),clean,35,4.0,7,-0.9656322785183896,-0.7298845846875264
LOMO,clean,Ridge(poly),clean,35,4.0,8,-0.9423186846409161,-0.5027205770280547
LOMO,clean,Ridge(poly),clean,40,0.4,6,-5.0,-4.382713694461007
LOMO,clean,Ridge(poly),clean,40,0.4,7,-3.991225293963131,-3.9407123312111443
LOMO,clean,Ridge(poly),clean,40,0.4,8,-3.6690062018996525,-3.498710967961282
LOMO,clean,Ridge(poly),clean,40,0.8,6,-3.9509409892378637,-3.849269553959868
LOMO,clean,Ridge(poly),clean,40,0.8,7,-3.133893506878819,-3.4302502462974984
LOMO,clean,Ridge(poly),clean,40,0.8,8,-3.250863765219055,-3.0112309386351286
LOMO,clean,Ridge(poly),clean,40,1.2,6,-3.6306041518385914,-3.3535217707982463
LOMO,clean,Ridge(poly),clean,40,1.2,7,-2.942006967287466,-2.9574845187233696
LOMO,clean,Ridge(poly),clean,40,1.2,8,-2.7925703081157174,-2.561447266648493
LOMO,clean,Ridge(poly),clean,40,1.6,6,-2.5807135474509666,-2.8954703449761405
LOMO,clean,Ridge(poly),clean,40,1.6,7,-2.00177641821642,-2.522415148488757
LOMO,clean,Ridge(poly),clean,40,1.6,8,-1.8340704865404978,-2.149359952001373
LOMO,clean,Ridge(poly),clean,40,2.0,6,-3.3202342483368845,-2.4751152764935513
LOMO,clean,Ridge(poly),clean,40,2.0,7,-2.854505254933545,-2.1250421355936604
LOMO,clean,Ridge(poly),clean,40,2.0,8,-2.265314557685483,-1.7749689946937695
LOMO,clean,Ridge(poly),clean,40,2.4,6,-1.9537116918168105,-2.0924565653504783
LOMO,clean,Ridge(poly),clean,40,2.4,7,-1.576085990652095,-1.7653654800380805
LOMO,clean,Ridge(poly),clean,40,2.4,8,-1.416963408035678,-1.4382743947256822
LOMO,clean,Ridge(poly),clean,40,2.8,6,-1.5994602837944614,-1.7474942115469214
LOMO,clean,Ridge(poly),clean,40,2.8,7,-1.321630053032115,-1.4433851818220165
LOMO,clean,Ridge(poly),clean,40,2.8,8,-1.238946890486154,-1.1392761520971115
LOMO,clean,Ridge(poly),clean,40,3.2,6,-1.3432896155862624,-1.4402282150828811
LOMO,clean,Ridge(poly),clean,40,3.2,7,-1.1699749325402082,-1.159101240945469
LOMO,clean,Ridge(poly),clean,40,3.2,8,-1.0848371653148652,-0.877974266808057
LOMO,clean,Ridge(poly),clean,40,3.6,6,-0.9174443999326253,-1.1706585759583572
LOMO,clean,Ridge(poly),clean,40,3.6,7,-0.7761433784090903,-0.9125136574084376
LOMO,clean,Ridge(poly),clean,40,3.6,8,-0.7642140827002326,-0.6543687388585182
LOMO,clean,Ridge(poly),clean,40,4.0,6,-1.061129178615983,-0.9387852941733494
LOMO,clean,Ridge(poly),clean,40,4.0,7,-0.9693759938398316,-0.7036224312109229
LOMO,clean,Ridge(poly),clean,40,4.0,8,-0.9395325856638762,-0.46845956824849666
LOMO,clean,Ridge(poly),clean,45,0.4,6,-5.0,-4.340334605067326
LOMO,clean,Ridge(poly),clean,45,0.4,7,-4.69019529829915,-3.890334386514509
LOMO,clean,Ridge(poly),clean,45,0.4,8,-3.4597468776362543,-3.4403341679616917
LOMO,clean,Ridge(poly),clean,45,0.8,6,-4.147234636913154,-3.8095699969239685
LOMO,clean,Ridge(poly),clean,45,0.8,7,-3.3380132530856295,-3.3825518339586442
LOMO,clean,Ridge(poly),clean,45,0.8,8,-3.14612786196048,-2.9555336709933195
LOMO,clean,Ridge(poly),clean,45,1.2,6,-3.821337814533797,-3.316501746120128
LOMO,clean,Ridge(poly),clean,45,1.2,7,-3.712471469006241,-2.912465638742297
LOMO,clean,Ridge(poly),clean,45,1.2,8,-2.4727117410016213,-2.508429531364466
LOMO,clean,Ridge(poly),clean,45,1.6,6,-2.5344506017846284,-2.8611298526558038
LOMO,clean,Ridge(poly),clean,45,1.6,7,-2.0457574905606752,-2.4800758008654653
LOMO,clean,Ridge(poly),clean,45,1.6,8,-1.7268806158996934,-2.099021749075127
LOMO,clean,Ridge(poly),clean,45,2.0,6,-3.3021362485770416,-2.4434543165309957
LOMO,clean,Ridge(poly),clean,45,2.0,7,-2.696760731348004,-2.08538232032815
LOMO,clean,Ridge(poly),clean,45,2.0,8,-2.534859647750466,-1.7273103241253045
LOMO,clean,Ridge(poly),clean,45,2.4,6,-1.938487206423174,-2.063475137745704
LOMO,clean,Ridge(poly),clean,45,2.4,7,-1.544533857755494,-1.7283851971303514
LOMO,clean,Ridge(poly),clean,45,2.4,8,-1.3570510022608067,-1.3932952565149987
LOMO,clean,Ridge(poly),clean,45,2.8,6,-1.600691516262645,-1.7211923162999283
LOMO,clean,Ridge(poly),clean,45,2.8,7,-1.3284680174225545,-1.4090844312720687
LOMO,clean,Ridge(poly),clean,45,2.8,8,-1.2249621933352648,-1.0969765462442091
LOMO,clean,Ridge(poly),clean,45,3.2,6,-1.3263764780479852,-1.4166058521936695
LOMO,clean,Ridge(poly),clean,45,3.2,7,-1.167165488516621,-1.1274800227533028
LOMO,clean,Ridge(poly),clean,45,3.2,8,-1.1232875072105382,-0.8383541933129359
LOMO,clean,Ridge(poly),clean,45,3.6,6,-0.9149271588688055,-1.149715745426927
LOMO,clean,Ridge(poly),clean,45,3.6,7,-0.7727948241667174,-0.8835719715740531
LOMO,clean,Ridge(poly),clean,45,3.6,8,-0.761442082538833,-0.6174281977211789
LOMO,clean,Ridge(poly),clean,45,4.0,6,-1.0667111764157056,-0.9205219959997006
LOMO,clean,Ridge(poly),clean,45,4.0,7,-0.9722346472717749,-0.6773602777343193
LOMO,clean,Ridge(poly),clean,45,4.0,8,-0.9444573100929904,-0.43419855946893837
LOMO,clean,Ridge(poly),clean,50,0.4,6,-5.0,-4.297955515673646
LOMO,clean,Ridge(poly),clean,50,0.4,7,-4.14612786196048,-3.8399564418178738
LOMO,clean,Ridge(poly),clean,50,0.4,8,-4.514105457938539,-3.3819573679621016
LOMO,clean,Ridge(poly),clean,50,0.8,6,-3.9923332864913306,-3.769870439888069
LOMO,clean,Ridge(poly),clean,50,0.8,7,-3.6690062018996525,-3.3348534216197896
LOMO,clean,Ridge(poly),clean,50,0.8,8,-3.243037722965555,-2.899836403351511
LOMO,clean,Ridge(poly),clean,50,1.2,6,-3.6306041518385914,-3.27948172144201
LOMO,clean,Ridge(poly),clean,50,1.2,7,-3.51410545793854,-2.867446758761224
LOMO,clean,Ridge(poly),clean,50,1.2,8,-3.104735508445308,-2.455411796080438
LOMO,clean,Ridge(poly),clean,50,1.6,6,-2.59788139919982,-2.826789360335467
LOMO,clean,Ridge(poly),clean,50,1.6,7,-2.023210445846339,-2.4377364532421737
LOMO,clean,Ridge(poly),clean,50,1.6,8,-1.7306785611574251,-2.0486835461488804
LOMO,clean,Ridge(poly),clean,50,2.0,6,-3.4360303116186985,-2.41179335656844
LOMO,clean,Ridge(poly),clean,50,2.0,7,-2.6690062018996525,-2.0457225050626398
LOMO,clean,Ridge(poly),clean,50,2.0,8,-2.476678933966772,-1.6796516535568398
LOMO,clean,Ridge(poly),clean,50,2.4,6,-1.9263806141018283,-2.03449371014093
LOMO,clean,Ridge(poly),clean,50,2.4,7,-1.54375850272316,-1.6914049142226226
LOMO,clean,Ridge(poly),clean,50,2.4,8,-1.4344414138889496,-1.3483161183043153
LOMO,clean,Ridge(poly),clean,50,2.8,6,-1.6177667650294434,-1.6948904210529356
LOMO,clean,Ridge(poly),clean,50,2.8,7,-1.335319484868748,-1.3747836807221212
LOMO,clean,Ridge(poly),clean,50,2.8,8,-1.2130747529264436,-1.0546769403913068
LOMO,clean,Ridge(poly),clean,50,3.2,6,-1.3334633002588099,-1.392983489304458
LOMO,clean,Ridge(poly),clean,50,3.2,7,-1.1640508308434454,-1.0958588045611366
LOMO,clean,Ridge(poly),clean,50,3.2,8,-1.0984637632461327,-0.7987341198178151
LOMO,clean,Ridge(poly),clean,50,3.6,6,-0.9191643518260268,-1.1287729148954966
LOMO,clean,Ridge(poly),clean,50,3.6,7,-0.7604953120280585,-0.8546302857396679
LOMO,clean,Ridge(poly),clean,50,3.6,8,-0.7579756600316715,-0.5804876565838393
LOMO,clean,Ridge(poly),clean,50,4.0,6,-1.068208654118649,-0.9022586978260514
LOMO,clean,Ridge(poly),clean,50,4.0,7,-0.9690442458706501,-0.6510981242577154
LOMO,clean,Ridge(poly),clean,50,4.0,8,-0.9457470919203858,-0.39993755068937986
LOMO,clean,Ridge(poly),clean,55,0.4,6,-4.3902722284270705,-4.255576426279965
LOMO,clean,Ridge(poly),clean,55,0.4,7,-4.292256140843599,-3.7895784971212385
LOMO,clean,Ridge(poly),clean,55,0.4,8,-3.235350960967232,-3.3235805679625114
LOMO,clean,Ridge(poly),clean,55,0.8,6,-3.500970353866764,-3.7301708828521694
LOMO,clean,Ridge(poly),clean,55,0.8,7,-3.036983730320005,-3.2871550092809363
LOMO,clean,Ridge(poly),clean,55,0.8,8,-2.582986924683562,-2.8441391357097023
LOMO,clean,Ridge(poly),clean,55,1.2,6,-3.6913032908273498,-3.242461696763892
LOMO,clean,Ridge(poly),clean,55,1.2,7,-3.139967604636963,-2.822427878780151
LOMO,clean,Ridge(poly),clean,55,1.2,8,-2.5184699480750177,-2.4023940607964107
LOMO,clean,Ridge(poly),clean,55,1.6,6,-2.4858269381130857,-2.7924488680151303
LOMO,clean,Ridge(poly),clean,55,1.6,7,-2.012588935707556,-2.3953971056188825
LOMO,clean,Ridge(poly),clean,55,1.6,8,-1.7819794415380534,-1.9983453432226346
LOMO,clean,Ridge(poly),clean,55,2.0,6,-3.186152912481025,-2.3801323966058847
LOMO,clean,Ridge(poly),clean,55,2.0,7,-2.6690062018996525,-2.0060626897971297
LOMO,clean,Ridge(poly),clean,55,2.0,8,-2.330360540794156,-1.6319929829883748
LOMO,clean,Ridge(poly),clean,55,2.4,6,-1.9438920859629623,-2.0055122825361558
LOMO,clean,Ridge(poly),clean,55,2.4,7,-1.533041972799191,-1.6544246313148936
LOMO,clean,Ridge(poly),clean,55,2.4,8,-1.3700493991044738,-1.3033369800936316
LOMO,clean,Ridge(poly),clean,55,2.8,6,-1.6126653539245952,-1.6685885258059427
LOMO,clean,Ridge(poly),clean,55,2.8,7,-1.33782035350723,-1.3404829301721737
LOMO,clean,Ridge(poly),clean,55,2.8,8,-1.2449029990571143,-1.0123773345384046
LOMO,clean,Ridge(poly),clean,55,3.2,6,-1.3359468831020627,-1.3693611264152463
LOMO,clean,Ridge(poly),clean,55,3.2,7,-1.1533221437152237,-1.0642375863689701
LOMO,clean,Ridge(poly),clean,55,3.2,8,-1.076512989560956,-0.759114046322694
LOMO,clean,Ridge(poly),clean,55,3.6,6,-0.915945904133881,-1.1078300843640663
LOMO,clean,Ridge(poly),clean,55,3.6,7,-0.762544235505606,-0.825688599905283
LOMO,clean,Ridge(poly),clean,55,3.6,8,-0.7615699795857364,-0.5435471154464995
LOMO,clean,Ridge(poly),clean,55,4.0,6,-1.0705422449855506,-0.8839953996524026
LOMO,clean,Ridge(poly),clean,55,4.0,7,-0.9774190545184905,-0.6248359707811124
LOMO,clean,Ridge(poly),clean,55,4.0,8,-0.9384155938445793,-0.36567654190982224
LOMO,clean,GBM,clean,15,0.4,6,-5.0,-4.68239965377598
LOMO,clean,GBM,clean,15,0.4,7,-4.292256140843599,-4.3378907229585435
LOMO,clean,GBM,clean,15,0.4,8,-3.4727117410016213,-3.467806876902336
LOMO,clean,GBM,clean,15,0.8,6,-3.9923332864913306,-3.9384227162974264
LOMO,clean,GBM,clean,15,0.8,7,-3.787106907339487,-3.5515415834119626
LOMO,clean,GBM,clean,15,0.8,8,-3.1988344282227414,-3.297597211495622
LOMO,clean,GBM,clean,15,1.2,6,-3.7135794609622215,-3.811032112555782
LOMO,clean,GBM,clean,15,1.2,7,-3.400161669109649,-3.4436620957879014
LOMO,clean,GBM,clean,15,1.2,8,-2.6773590239814253,-2.905634889252906
LOMO,clean,GBM,clean,15,1.6,6,-2.59093125566616,-2.674916717504536
LOMO,clean,GBM,clean,15,1.6,7,-2.0822052321914373,-2.330726441790378
LOMO,clean,GBM,clean,15,1.6,8,-1.7207803540670539,-1.9226316195842583
LOMO,clean,GBM,clean,15,2.0,6,-3.4360303116186985,-3.28029443704803
LOMO,clean,GBM,clean,15,2.0,7,-2.65878713098332,-2.6298076033523734
LOMO,clean,GBM,clean,15,2.0,8,-2.135101667742214,-2.308058737752837
LOMO,clean,GBM,clean,15,2.4,6,-1.8905868336837626,-1.9838868591060699
LOMO,clean,GBM,clean,15,2.4,7,-1.5106448920505253,-1.6076987253011115
LOMO,clean,GBM,clean,15,2.4,8,-1.3363763312592294,-1.3940350873334568
LOMO,clean,GBM,clean,15,2.8,6,-1.5756918145944447,-1.6528591986578272
LOMO,clean,GBM,clean,15,2.8,7,-1.3093521342564098,-1.3784747262079309
LOMO,clean,GBM,clean,15,2.8,8,-1.2225137290127268,-1.2419973066981094
LOMO,clean,GBM,clean,15,3.2,6,-1.3203268598620361,-1.407071889044377
LOMO,clean,GBM,clean,15,3.2,7,-1.1472462187739316,-1.2098736350523138
LOMO,clean,GBM,clean,15,3.2,8,-1.0737203350764402,-1.1463511448902362
LOMO,clean,GBM,clean,15,3.6,6,-0.9465028372069162,-0.9819613812947913
LOMO,clean,GBM,clean,15,3.6,7,-0.8116453325269029,-0.8616564081713872
LOMO,clean,GBM,clean,15,3.6,8,-0.7978796540604527,-0.8614757680978077
LOMO,clean,GBM,clean,15,4.0,6,-1.0702822803037129,-1.0518972931142716
LOMO,clean,GBM,clean,15,4.0,7,-0.9837775434857966,-0.9365395645810546
LOMO,clean,GBM,clean,15,4.0,8,-0.9409252962760815,-0.9336712405195816
LOMO,clean,GBM,clean,20,0.4,6,-5.0,-4.634955384519864
LOMO,clean,GBM,clean,20,0.4,7,-3.991225293963131,-4.327904597181377
LOMO,clean,GBM,clean,20,0.4,8,-3.51410545793854,-3.4578765223044465
LOMO,clean,GBM,clean,20,0.8,6,-3.9923332864913306,-3.909144157163271
LOMO,clean,GBM,clean,20,0.8,7,-3.3191280699118724,-3.541555457634796
LOMO,clean,GBM,clean,20,0.8,8,-3.3284680174225545,-3.297597211495622
LOMO,clean,GBM,clean,20,1.2,6,-3.9509409892378637,-3.8010459867786155
LOMO,clean,GBM,clean,20,1.2,7,-3.205896226442565,-3.433675970010735
LOMO,clean,GBM,clean,20,1.2,8,-3.066948237281299,-2.905634889252906
LOMO,clean,GBM,clean,20,1.6,6,-2.468586232016332,-2.6198924931915806
LOMO,clean,GBM,clean,20,1.6,7,-2.0130456318225076,-2.2757022174774226
LOMO,clean,GBM,clean,20,1.6,8,-1.7212463990471711,-1.8905545576903795
LOMO,clean,GBM,clean,20,2.0,6,-3.329575083770747,-3.2252702127350745
LOMO,clean,GBM,clean,20,2.0,7,-2.660812992344431,-2.574783379039418
LOMO,clean,GBM,clean,20,2.0,8,-2.151748053458354,-2.275981675858959
LOMO,clean,GBM,clean,20,2.4,6,-1.94272577451758,-1.9838868591060699
LOMO,clean,GBM,clean,20,2.4,7,-1.5002854312588756,-1.6076987253011115
LOMO,clean,GBM,clean,20,2.4,8,-1.3805654229571516,-1.3940350873334568
LOMO,clean,GBM,clean,20,2.8,6,-1.5835841858538846,-1.6178846194037377
LOMO,clean,GBM,clean,20,2.8,7,-1.3189433770125585,-1.3435001469538415
LOMO,clean,GBM,clean,20,2.8,8,-1.2409489135610814,-1.20702272744402
LOMO,clean,GBM,clean,20,3.2,6,-1.3343214678283366,-1.3304633446324758
LOMO,clean,GBM,clean,20,3.2,7,-1.1623086815084707,-1.157833802858001
LOMO,clean,GBM,clean,20,3.2,8,-1.078897483897625,-1.0825086630177336
LOMO,clean,GBM,clean,20,3.6,6,-0.9374894640309991,-0.9403274161369791
LOMO,clean,GBM,clean,20,3.6,7,-0.7698628606674471,-0.8445911552311641
LOMO,clean,GBM,clean,20,3.6,8,-0.7826503130122314,-0.8444105151575846
LOMO,clean,GBM,clean,20,4.0,6,-1.0642952808817916,-1.01026332795646
LOMO,clean,GBM,clean,20,4.0,7,-0.9762003859779802,-0.9194743116408314
LOMO,clean,GBM,clean,20,4.0,8,-0.9500303680046953,-0.9166059875793584
LOMO,clean,GBM,clean,25,0.4,6,-5.0,-4.634955384519864
LOMO,clean,GBM,clean,25,0.4,7,-3.845098474308956,-4.317974242583488
LOMO,clean,GBM,clean,25,0.4,8,-3.991225293963131,-3.4578765223044465
LOMO,clean,GBM,clean,25,0.8,6,-3.9131527516026936,-3.909144157163271
LOMO,clean,GBM,clean,25,0.8,7,-3.787106907339487,-3.5316251030369066
LOMO,clean,GBM,clean,25,0.8,8,-2.6390432487496107,-3.297597211495622
LOMO,clean,GBM,clean,25,1.2,6,-3.9923332864913306,-3.8010459867786155
LOMO,clean,GBM,clean,25,1.2,7,-3.815135453602521,-3.433675970010735
LOMO,clean,GBM,clean,25,1.2,8,-2.809382602035759,-2.905634889252906
LOMO,clean,GBM,clean,25,1.6,6,-2.4940215813039335,-2.6198924931915806
LOMO,clean,GBM,clean,25,1.6,7,-2.0345776788430237,-2.2757022174774226
LOMO,clean,GBM,clean,25,1.6,8,-1.756708893413965,-1.8905545576903795
LOMO,clean,GBM,clean,25,2.0,6,-3.4360303116186985,-3.2252702127350745
LOMO,clean,GBM,clean,25,2.0,7,-2.6628463499173005,-2.574783379039418
LOMO,clean,GBM,clean,25,2.0,8,-2.151120257376825,-2.275981675858959
LOMO,clean,GBM,clean,25,2.4,6,-1.94156638304849,-1.9489122798519805
LOMO,clean,GBM,clean,25,2.4,7,-1.5606673061697374,-1.572724146047022
LOMO,clean,GBM,clean,25,2.4,8,-1.3611035956809217,-1.3590605080793674
LOMO,clean,GBM,clean,25,2.8,6,-1.6161200330337853,-1.576250654245926
LOMO,clean,GBM,clean,25,2.8,7,-1.3174677525307918,-1.3264348940136181
LOMO,clean,GBM,clean,25,2.8,8,-1.2049003287582585,-1.1899574745037966
LOMO,clean,GBM,clean,25,3.2,6,-1.3333678449570725,-1.3304633446324758
LOMO,clean,GBM,clean,25,3.2,7,-1.1774448908285482,-1.157833802858001
LOMO,clean,GBM,clean,25,3.2,8,-1.0824194012791446,-1.0825086630177336
LOMO,clean,GBM,clean,25,3.6,6,-0.922185310207575,-0.9403274161369791
LOMO,clean,GBM,clean,25,3.6,7,-0.757518204328467,-0.8445911552311641
LOMO,clean,GBM,clean,25,3.6,8,-0.769551078621726,-0.8444105151575846
LOMO,clean,GBM,clean,25,4.0,6,-1.0726794348096602,-1.01026332795646
LOMO,clean,GBM,clean,25,4.0,7,-0.9624101743002127,-0.9194743116408314
LOMO,clean,GBM,clean,25,4.0,8,-0.9459809638877248,-0.9166059875793584
LOMO,clean,GBM,clean,30,0.4,6,-5.0,-4.625025029921974
LOMO,clean,GBM,clean,30,0.4,7,-4.292256140843599,-4.317974242583488
LOMO,clean,GBM,clean,30,0.4,8,-3.7607781250912065,-3.4578765223044465
LOMO,clean,GBM,clean,30,0.8,6,-4.038089828841834,-3.8992138025653813
LOMO,clean,GBM,clean,30,0.8,7,-3.845098474308956,-3.5316251030369066
LOMO,clean,GBM,clean,30,0.8,8,-3.258832637569262,-3.297597211495622
LOMO,clean,GBM,clean,30,1.2,6,-4.147234636913154,-3.74602176246566
LOMO,clean,GBM,clean,30,1.2,7,-3.815135453602521,-3.3786517456977796
LOMO,clean,GBM,clean,30,1.2,8,-3.1219943794368965,-2.873557827359028
LOMO,clean,GBM,clean,30,1.6,6,-2.52251119819198,-2.6198924931915806
LOMO,clean,GBM,clean,30,1.6,7,-2.033618884397456,-2.2757022174774226
LOMO,clean,GBM,clean,30,1.6,8,-1.8206723074471534,-1.8905545576903795
LOMO,clean,GBM,clean,30,2.0,6,-3.2847623574027947,-3.1902956334809853
LOMO,clean,GBM,clean,30,2.0,7,-2.8358911315575748,-2.539808799785329
LOMO,clean,GBM,clean,30,2.0,8,-2.318205389860206,-2.2410070966048696
LOMO,clean,GBM,clean,30,2.4,6,-1.9466180407944937,-1.9072783146941688
LOMO,clean,GBM,clean,30,2.4,7,-1.5717663666096071,-1.5556588931067987
LOMO,clean,GBM,clean,30,2.4,8,-1.4374644743786638,-1.341995255139144
LOMO,clean,GBM,clean,30,2.8,6,-1.6106761801657292,-1.576250654245926
LOMO,clean,GBM,clean,30,2.8,7,-1.3309296305763305,-1.3264348940136181
LOMO,clean,GBM,clean,30,2.8,8,-1.2346660479001925,-1.1899574745037966
LOMO,clean,GBM,clean,30,3.2,6,-1.3425110253047638,-1.3304633446324758
LOMO,clean,GBM,clean,30,3.2,7,-1.172933934122319,-1.157833802858001
LOMO,clean,GBM,clean,30,3.2,8,-1.0802819258489889,-1.0825086630177336
LOMO,clean,GBM,clean,30,3.6,6,-0.9038062946979222,-0.9403274161369791
LOMO,clean,GBM,clean,30,3.6,7,-0.7561784467435241,-0.8445911552311641
LOMO,clean,GBM,clean,30,3.6,8,-0.7603427195380671,-0.8444105151575846
LOMO,clean,GBM,clean,30,4.0,6,-1.0729927274681688,-1.01026332795646
LOMO,clean,GBM,clean,30,4.0,7,-0.9723609590376543,-0.9194743116408314
LOMO,clean,GBM,clean,30,4.0,8,-0.9050783891613561,-0.9166059875793584
LOMO,clean,GBM,clean,35,0.4,6,-5.0,-4.625025029921974
LOMO,clean,GBM,clean,35,0.4,7,-3.8772829238293114,-4.317974242583488
LOMO,clean,GBM,clean,35,0.4,8,-3.1716823901990363,-3.3685534982320786
LOMO,clean,GBM,clean,35,0.8,6,-3.690163378885209,-3.8992138025653813
LOMO,clean,GBM,clean,35,0.8,7,-3.6690062018996525,-3.5316251030369066
LOMO,clean,GBM,clean,35,0.8,8,-2.6294980130865357,-3.213851146020824
LOMO,clean,GBM,clean,35,1.2,6,-3.6913032908273498,-3.74602176246566
LOMO,clean,GBM,clean,35,1.2,7,-3.3577571353193387,-3.3786517456977796
LOMO,clean,GBM,clean,35,1.2,8,-2.779037245673937,-2.7898117618842297
LOMO,clean,GBM,clean,35,1.6,6,-2.5561692796553133,-2.5849179139374914
LOMO,clean,GBM,clean,35,1.6,7,-2.0648838760590325,-2.2407276382233334
LOMO,clean,GBM,clean,35,1.6,8,-1.7259368742238739,-1.8330288653370557
LOMO,clean,GBM,clean,35,2.0,6,-3.2141813249498643,-3.1486616683231734
LOMO,clean,GBM,clean,35,2.0,7,-2.6923734794076064,-2.5227435468451063
LOMO,clean,GBM,clean,35,2.0,8,-2.4970719549439377,-2.2013907305654112
LOMO,clean,GBM,clean,35,2.4,6,-1.9565041134616181,-1.9072783146941688
LOMO,clean,GBM,clean,35,2.4,7,-1.5534752592695638,-1.5556588931067987
LOMO,clean,GBM,clean,35,2.4,8,-1.3872161432802645,-1.3243002041516754
LOMO,clean,GBM,clean,35,2.8,6,-1.6186845219251065,-1.576250654245926
LOMO,clean,GBM,clean,35,2.8,7,-1.3191280699118726,-1.3264348940136181
LOMO,clean,GBM,clean,35,2.8,8,-1.2026334208440188,-1.172262423516328
LOMO,clean,GBM,clean,35,3.2,6,-1.3489789549515165,-1.3304633446324758
LOMO,clean,GBM,clean,35,3.2,7,-1.1703026452355763,-1.157833802858001
LOMO,clean,GBM,clean,35,3.2,8,-1.0735628833798578,-1.064813612030265
LOMO,clean,GBM,clean,35,3.6,6,-0.9015293343493707,-0.9403274161369791
LOMO,clean,GBM,clean,35,3.6,7,-0.7829716458515488,-0.8445911552311641
LOMO,clean,GBM,clean,35,3.6,8,-0.7687955528496674,-0.8267154641701162
LOMO,clean,GBM,clean,35,4.0,6,-1.065116409476463,-1.01026332795646
LOMO,clean,GBM,clean,35,4.0,7,-0.9656322785183896,-0.9194743116408314
LOMO,clean,GBM,clean,35,4.0,8,-0.9423186846409161,-0.9069587494786936
LOMO,clean,GBM,clean,40,0.4,6,-5.0,-4.625025029921974
LOMO,clean,GBM,clean,40,0.4,7,-3.991225293963131,-4.084419466280629
LOMO,clean,GBM,clean,40,0.4,8,-3.6690062018996525,-3.347825063411849
LOMO,clean,GBM,clean,40,0.8,6,-3.9509409892378637,-3.844189578252426
LOMO,clean,GBM,clean,40,0.8,7,-3.133893506878819,-3.383263263954516
LOMO,clean,GBM,clean,40,0.8,8,-3.250863765219055,-3.1431793566172987
LOMO,clean,GBM,clean,40,1.2,6,-3.6306041518385914,-3.74602176246566
LOMO,clean,GBM,clean,40,1.2,7,-2.942006967287466,-3.2949056802229815
LOMO,clean,GBM,clean,40,1.2,8,-2.7925703081157174,-2.7512170343745828
LOMO,clean,GBM,clean,40,1.6,6,-2.5807135474509666,-2.4927060949575175
LOMO,clean,GBM,clean,40,1.6,7,-2.00177641821642,-2.150533418361713
LOMO,clean,GBM,clean,40,1.6,8,-1.8340704865404978,-1.7267910310650223
LOMO,clean,GBM,clean,40,2.0,6,-3.3202342483368845,-3.1486616683231734
LOMO,clean,GBM,clean,40,2.0,7,-2.854505254933545,-2.5001924337458705
LOMO,clean,GBM,clean,40,2.0,8,-2.265314557685483,-2.1627960030557642
LOMO,clean,GBM,clean,40,2.4,6,-1.9537116918168105,-1.9072783146941688
LOMO,clean,GBM,clean,40,2.4,7,-1.576085990652095,-1.53796384211933
LOMO,clean,GBM,clean,40,2.4,8,-1.416963408035678,-1.2857054766420275
LOMO,clean,GBM,clean,40,2.8,6,-1.5994602837944614,-1.576250654245926
LOMO,clean,GBM,clean,40,2.8,7,-1.321630053032115,-1.3087398430261494
LOMO,clean,GBM,clean,40,2.8,8,-1.238946890486154,-1.13366769600668
LOMO,clean,GBM,clean,40,3.2,6,-1.3432896155862624,-1.3304633446324758
LOMO,clean,GBM,clean,40,3.2,7,-1.1699749325402082,-1.1401387518705324
LOMO,clean,GBM,clean,40,3.2,8,-1.0848371653148652,-1.0344421222202331
LOMO,clean,GBM,clean,40,3.6,6,-0.9174443999326253,-0.9403274161369791
LOMO,clean,GBM,clean,40,3.6,7,-0.7761433784090903,-0.8268961042436958
LOMO,clean,GBM,clean,40,3.6,8,-0.7642140827002326,-0.8088491714806982
LOMO,clean,GBM,clean,40,4.0,6,-1.061129178615983,-1.01026332795646
LOMO,clean,GBM,clean,40,4.0,7,-0.9693759938398316,-0.9098270735401666
LOMO,clean,GBM,clean,40,4.0,8,-0.9395325856638762,-0.8890924567892757
LOMO,clean,GBM,clean,45,0.4,6,-5.0,-4.524015372593352
LOMO,clean,GBM,clean,45,0.4,7,-4.69019529829915,-4.084419466280629
LOMO,clean,GBM,clean,45,0.4,8,-3.4597468776362543,-3.248048480653426
LOMO,clean,GBM,clean,45,0.8,6,-4.147234636913154,-3.8383615396610336
LOMO,clean,GBM,clean,45,0.8,7,-3.3380132530856295,-3.383263263954516
LOMO,clean,GBM,clean,45,0.8,8,-3.14612786196048,-3.007880243782541
LOMO,clean,GBM,clean,45,1.2,6,-3.821337814533797,-3.7052191446201785
LOMO,clean,GBM,clean,45,1.2,7,-3.712471469006241,-3.2599311009688923
LOMO,clean,GBM,clean,45,1.2,8,-2.4727117410016213,-2.5686115768832094
LOMO,clean,GBM,clean,45,1.6,6,-2.5344506017846284,-2.486878056366125
LOMO,clean,GBM,clean,45,1.6,7,-2.0457574905606752,-2.150533418361713
LOMO,clean,GBM,clean,45,1.6,8,-1.7268806158996934,-1.6587430084209598
LOMO,clean,GBM,clean,45,2.0,6,-3.3021362485770416,-3.142833629731781
LOMO,clean,GBM,clean,45,2.0,7,-2.696760731348004,-2.5001924337458705
LOMO,clean,GBM,clean,45,2.0,8,-2.534859647750466,-2.0947479804117015
LOMO,clean,GBM,clean,45,2.4,6,-1.938487206423174,-1.9014502761027765
LOMO,clean,GBM,clean,45,2.4,7,-1.544533857755494,-1.53796384211933
LOMO,clean,GBM,clean,45,2.4,8,-1.3570510022608067,-1.237851181163166
LOMO,clean,GBM,clean,45,2.8,6,-1.600691516262645,-1.5704226156545338
LOMO,clean,GBM,clean,45,2.8,7,-1.3284680174225545,-1.3087398430261494
LOMO,clean,GBM,clean,45,2.8,8,-1.2249621933352648,-1.0858134005278186
LOMO,clean,GBM,clean,45,3.2,6,-1.3263764780479852,-1.3246353060410836
LOMO,clean,GBM,clean,45,3.2,7,-1.167165488516621,-1.1401387518705324
LOMO,clean,GBM,clean,45,3.2,8,-1.1232875072105382,-0.9865878267413714
LOMO,clean,GBM,clean,45,3.6,6,-0.9149271588688055,-0.9344993775455871
LOMO,clean,GBM,clean,45,3.6,7,-0.7727948241667174,-0.8268961042436958
LOMO,clean,GBM,clean,45,3.6,8,-0.761442082538833,-0.760994876001837
LOMO,clean,GBM,clean,45,4.0,6,-1.0667111764157056,-1.0124831022518712
LOMO,clean,GBM,clean,45,4.0,7,-0.9722346472717749,-0.9098270735401666
LOMO,clean,GBM,clean,45,4.0,8,-0.9444573100929904,-0.8412381613104145
LOMO,clean,GBM,clean,50,0.4,6,-5.0,-4.378429976284019
LOMO,clean,GBM,clean,50,0.4,7,-4.14612786196048,-3.9508741713668796
LOMO,clean,GBM,clean,50,0.4,8,-4.514105457938539,-3.1923119653031224
LOMO,clean,GBM,clean,50,0.8,6,-3.9923332864913306,-3.7378116861478947
LOMO,clean,GBM,clean,50,0.8,7,-3.6690062018996525,-3.2382708759735896
LOMO,clean,GBM,clean,50,0.8,8,-3.243037722965555,-2.928278474761579
LOMO,clean,GBM,clean,50,1.2,6,-3.6306041518385914,-3.614260840401677
LOMO,clean,GBM,clean,50,1.2,7,-3.51410545793854,-3.0870901291849364
LOMO,clean,GBM,clean,50,1.2,8,-3.104735508445308,-2.4766778460908716
LOMO,clean,GBM,clean,50,1.6,6,-2.59788139919982,-2.4701549818582818
LOMO,clean,GBM,clean,50,1.6,7,-2.023210445846339,-2.0703155795060746
LOMO,clean,GBM,clean,50,1.6,8,-1.7306785611574251,-1.6118838562096
LOMO,clean,GBM,clean,50,2.0,6,-3.4360303116186985,-3.1261105552239377
LOMO,clean,GBM,clean,50,2.0,7,-2.6690062018996525,-2.419974594890232
LOMO,clean,GBM,clean,50,2.0,8,-2.476678933966772,-2.0478888282003425
LOMO,clean,GBM,clean,50,2.4,6,-1.9263806141018283,-1.8895832637067
LOMO,clean,GBM,clean,50,2.4,7,-1.54375850272316,-1.4779397304288915
LOMO,clean,GBM,clean,50,2.4,8,-1.4344414138889496,-1.1909920289518068
LOMO,clean,GBM,clean,50,2.8,6,-1.6177667650294434,-1.5585556032584573
LOMO,clean,GBM,clean,50,2.8,7,-1.335319484868748,-1.248715731335711
LOMO,clean,GBM,clean,50,2.8,8,-1.2130747529264436,-1.0389542483164593
LOMO,clean,GBM,clean,50,3.2,6,-1.3334633002588099,-1.3127682936450071
LOMO,clean,GBM,clean,50,3.2,7,-1.1640508308434454,-1.08833787787971
LOMO,clean,GBM,clean,50,3.2,8,-1.0984637632461327,-0.9503906112993373
LOMO,clean,GBM,clean,50,3.6,6,-0.9191643518260268,-0.9226323651495107
LOMO,clean,GBM,clean,50,3.6,7,-0.7604953120280585,-0.7876004273734873
LOMO,clean,GBM,clean,50,3.6,8,-0.7579756600316715,-0.7247976605598032
LOMO,clean,GBM,clean,50,4.0,6,-1.068208654118649,-1.0006160898557954
LOMO,clean,GBM,clean,50,4.0,7,-0.9690442458706501,-0.8705313966699583
LOMO,clean,GBM,clean,50,4.0,8,-0.9457470919203858,-0.8050409458683806
LOMO,clean,GBM,clean,55,0.4,6,-4.3902722284270705,-4.3286640176556785
LOMO,clean,GBM,clean,55,0.4,7,-4.292256140843599,-3.8638599867687757
LOMO,clean,GBM,clean,55,0.4,8,-3.235350960967232,-3.030250645326473
LOMO,clean,GBM,clean,55,0.8,6,-3.500970353866764,-3.6744951813093065
LOMO,clean,GBM,clean,55,0.8,7,-3.036983730320005,-3.0787450516560684
LOMO,clean,GBM,clean,55,0.8,8,-2.582986924683562,-2.7338445324308616
LOMO,clean,GBM,clean,55,1.2,6,-3.6913032908273498,-3.4067013359469684
LOMO,clean,GBM,clean,55,1.2,7,-3.139967604636963,-2.822095276927369
LOMO,clean,GBM,clean,55,1.2,8,-2.5184699480750177,-2.2128085314051082
LOMO,clean,GBM,clean,55,1.6,6,-2.4858269381130857,-2.354807296383547
LOMO,clean,GBM,clean,55,1.6,7,-2.012588935707556,-1.9049981352567755
LOMO,clean,GBM,clean,55,1.6,8,-1.7819794415380534,-1.4156576482862213
LOMO,clean,GBM,clean,55,2.0,6,-3.186152912481025,-3.010762869749203
LOMO,clean,GBM,clean,55,2.0,7,-2.6690062018996525,-2.254657150640932
LOMO,clean,GBM,clean,55,2.0,8,-2.330360540794156,-1.851662620276964
LOMO,clean,GBM,clean,55,2.4,6,-1.9438920859629623,-1.7775077275997715
LOMO,clean,GBM,clean,55,2.4,7,-1.533041972799191,-1.3238597162194787
LOMO,clean,GBM,clean,55,2.4,8,-1.3700493991044738,-1.0141842319636678
LOMO,clean,GBM,clean,55,2.8,6,-1.6126653539245952,-1.4544453478236086
LOMO,clean,GBM,clean,55,2.8,7,-1.33782035350723,-1.102816698021652
LOMO,clean,GBM,clean,55,2.8,8,-1.2449029990571143,-0.8764140247048112
LOMO,clean,GBM,clean,55,3.2,6,-1.3359468831020627,-1.2250622568051284
LOMO,clean,GBM,clean,55,3.2,7,-1.1533221437152237,-0.9673683547114669
LOMO,clean,GBM,clean,55,3.2,8,-1.076512989560956,-0.8006059611992051
LOMO,clean,GBM,clean,55,3.6,6,-0.915945904133881,-0.8689074809441146
LOMO,clean,GBM,clean,55,3.6,7,-0.762544235505606,-0.7008624332306299
LOMO,clean,GBM,clean,55,3.6,8,-0.7615699795857364,-0.6097265632758826
LOMO,clean,GBM,clean,55,4.0,6,-1.0705422449855506,-0.9611587790268898
LOMO,clean,GBM,clean,55,4.0,7,-0.9774190545184905,-0.7837934025271007
LOMO,clean,GBM,clean,55,4.0,8,-0.9384155938445793,-0.68996984858446
LOMO,clean,MLP,clean,15,0.4,6,-5.0,-4.574114848178312
LOMO,clean,MLP,clean,15,0.4,7,-4.292256140843599,-4.0732923527622
LOMO,clean,MLP,clean,15,0.4,8,-3.4727117410016213,-3.5861932978950515
LOMO,clean,MLP,clean,15,0.8,6,-3.9923332864913306,-4.144400218618198
LOMO,clean,MLP,clean,15,0.8,7,-3.787106907339487,-3.610825446323809
LOMO,clean,MLP,clean,15,0.8,8,-3.1988344282227414,-3.1377190340472527
LOMO,clean,MLP,clean,15,1.2,6,-3.7135794609622215,-3.6405748290034188
LOMO,clean,MLP,clean,15,1.2,7,-3.400161669109649,-3.1532881484808666
LOMO,clean,MLP,clean,15,1.2,8,-2.6773590239814253,-2.697349559687529
LOMO,clean,MLP,clean,15,1.6,6,-2.59093125566616,-3.127829923897764
LOMO,clean,MLP,clean,15,1.6,7,-2.0822052321914373,-2.641589731462952
LOMO,clean,MLP,clean,15,1.6,8,-1.7207803540670539,-2.2747814491581515
LOMO,clean,MLP,clean,15,2.0,6,-3.4360303116186985,-2.64485232862938
LOMO,clean,MLP,clean,15,2.0,7,-2.65878713098332,-2.128429846398255
LOMO,clean,MLP,clean,15,2.0,8,-2.135101667742214,-1.8332330821947902
LOMO,clean,MLP,clean,15,2.4,6,-1.8905868336837626,-2.184618407519341
LOMO,clean,MLP,clean,15,2.4,7,-1.5106448920505253,-1.689406155026932
LOMO,clean,MLP,clean,15,2.4,8,-1.3363763312592294,-1.4987968055976426
LOMO,clean,MLP,clean,15,2.8,6,-1.5756918145944447,-1.7499957638526566
LOMO,clean,MLP,clean,15,2.8,7,-1.3093521342564098,-1.3071585321372607
LOMO,clean,MLP,clean,15,2.8,8,-1.2225137290127268,-1.1965565893716317
LOMO,clean,MLP,clean,15,3.2,6,-1.3203268598620361,-1.3679310222852288
LOMO,clean,MLP,clean,15,3.2,7,-1.1472462187739316,-1.0063132768626892
LOMO,clean,MLP,clean,15,3.2,8,-1.0737203350764402,-1.0029019456981063
LOMO,clean,MLP,clean,15,3.6,6,-0.9465028372069162,-1.0693186991723058
LOMO,clean,MLP,clean,15,3.6,7,-0.8116453325269029,-0.7620664379308225
LOMO,clean,MLP,clean,15,3.6,8,-0.7978796540604527,-0.8566009386372332
LOMO,clean,MLP,clean,15,4.0,6,-1.0702822803037129,-0.9044039861611317
LOMO,clean,MLP,clean,15,4.0,7,-0.9837775434857966,-0.6740359222376617
LOMO,clean,MLP,clean,15,4.0,8,-0.9409252962760815,-0.7862098984388501
LOMO,clean,MLP,clean,20,0.4,6,-5.0,-4.490336824696123
LOMO,clean,MLP,clean,20,0.4,7,-3.991225293963131,-4.022875731608892
LOMO,clean,MLP,clean,20,0.4,8,-3.51410545793854,-3.610107683360372
LOMO,clean,MLP,clean,20,0.8,6,-3.9923332864913306,-4.059491828041674
LOMO,clean,MLP,clean,20,0.8,7,-3.3191280699118724,-3.5301167828377595
LOMO,clean,MLP,clean,20,0.8,8,-3.3284680174225545,-3.1591180154086285
LOMO,clean,MLP,clean,20,1.2,6,-3.9509409892378637,-3.5678469194667777
LOMO,clean,MLP,clean,20,1.2,7,-3.205896226442565,-3.047917052372463
LOMO,clean,MLP,clean,20,1.2,8,-3.066948237281299,-2.6681280078982086
LOMO,clean,MLP,clean,20,1.6,6,-2.468586232016332,-3.042351674565947
LOMO,clean,MLP,clean,20,1.6,7,-2.0130456318225076,-2.534488879198438
LOMO,clean,MLP,clean,20,1.6,8,-1.7212463990471711,-2.1700696521105387
LOMO,clean,MLP,clean,20,2.0,6,-3.329575083770747,-2.536342773261798
LOMO,clean,MLP,clean,20,2.0,7,-2.660812992344431,-2.0083915385624898
LOMO,clean,MLP,clean,20,2.0,8,-2.151748053458354,-1.7209325854387034
LOMO,clean,MLP,clean,20,2.4,6,-1.94272577451758,-2.0733770250511254
LOMO,clean,MLP,clean,20,2.4,7,-1.5002854312588756,-1.5205158538310675
LOMO,clean,MLP,clean,20,2.4,8,-1.3805654229571516,-1.4336169697357808
LOMO,clean,MLP,clean,20,2.8,6,-1.5835841858538846,-1.6417858796440055
LOMO,clean,MLP,clean,20,2.8,7,-1.3189433770125585,-1.1988728516860778
LOMO,clean,MLP,clean,20,2.8,8,-1.2409489135610814,-1.2005754348030857
LOMO,clean,MLP,clean,20,3.2,6,-1.3343214678283366,-1.272469280000084
LOMO,clean,MLP,clean,20,3.2,7,-1.1623086815084707,-0.9051823352415747
LOMO,clean,MLP,clean,20,3.2,8,-1.078897483897625,-1.048824906779498
LOMO,clean,MLP,clean,20,3.6,6,-0.9374894640309991,-1.0424266000967177
LOMO,clean,MLP,clean,20,3.6,7,-0.7698628606674471,-0.7388076356942203
LOMO,clean,MLP,clean,20,3.6,8,-0.7826503130122314,-0.8986082991717693
LOMO,clean,MLP,clean,20,4.0,6,-1.0642952808817916,-0.9298301047726463
LOMO,clean,MLP,clean,20,4.0,7,-0.9762003859779802,-0.6756058083586287
LOMO,clean,MLP,clean,20,4.0,8,-0.9500303680046953,-0.7875716330548784
LOMO,clean,MLP,clean,25,0.4,6,-5.0,-4.485645844406547
LOMO,clean,MLP,clean,25,0.4,7,-3.845098474308956,-4.0027355723073725
LOMO,clean,MLP,clean,25,0.4,8,-3.991225293963131,-3.5696706374435774
LOMO,clean,MLP,clean,25,0.8,6,-3.9131527516026936,-4.011645286188755
LOMO,clean,MLP,clean,25,0.8,7,-3.787106907339487,-3.5131158921988845
LOMO,clean,MLP,clean,25,0.8,8,-2.6390432487496107,-3.1117349424175833
LOMO,clean,MLP,clean,25,1.2,6,-3.9923332864913306,-3.538490778194051
LOMO,clean,MLP,clean,25,1.2,7,-3.815135453602521,-2.9806671302881016
LOMO,clean,MLP,clean,25,1.2,8,-2.809382602035759,-2.6282769890400584
LOMO,clean,MLP,clean,25,1.6,6,-2.4940215813039335,-3.0050357847146225
LOMO,clean,MLP,clean,25,1.6,7,-2.0345776788430237,-2.471321140975329
LOMO,clean,MLP,clean,25,1.6,8,-1.756708893413965,-2.130607242432254
LOMO,clean,MLP,clean,25,2.0,6,-3.4360303116186985,-2.490397354623348
LOMO,clean,MLP,clean,25,2.0,7,-2.6628463499173005,-1.9354245317588037
LOMO,clean,MLP,clean,25,2.0,8,-2.151120257376825,-1.7512137789074214
LOMO,clean,MLP,clean,25,2.4,6,-1.94156638304849,-2.0251730968739086
LOMO,clean,MLP,clean,25,2.4,7,-1.5606673061697374,-1.4391141863505579
LOMO,clean,MLP,clean,25,2.4,8,-1.3611035956809217,-1.455323554018826
LOMO,clean,MLP,clean,25,2.8,6,-1.6161200330337853,-1.6203353213565648
LOMO,clean,MLP,clean,25,2.8,7,-1.3174677525307918,-1.157916777519144
LOMO,clean,MLP,clean,25,2.8,8,-1.2049003287582585,-1.2603875795453767
LOMO,clean,MLP,clean,25,3.2,6,-1.3333678449570725,-1.2546515860682195
LOMO,clean,MLP,clean,25,3.2,7,-1.1774448908285482,-0.9193351041438501
LOMO,clean,MLP,clean,25,3.2,8,-1.0824194012791446,-1.060479850449072
LOMO,clean,MLP,clean,25,3.6,6,-0.922185310207575,-1.0815947459627964
LOMO,clean,MLP,clean,25,3.6,7,-0.757518204328467,-0.7978265135063687
LOMO,clean,MLP,clean,25,3.6,8,-0.769551078621726,-0.8946774471388421
LOMO,clean,MLP,clean,25,4.0,6,-1.0726794348096602,-0.924540714132518
LOMO,clean,MLP,clean,25,4.0,7,-0.9624101743002127,-0.696928098786137
LOMO,clean,MLP,clean,25,4.0,8,-0.9459809638877248,-0.8025750381238292
LOMO,clean,MLP,clean,30,0.4,6,-5.0,-4.455370508490144
LOMO,clean,MLP,clean,30,0.4,7,-4.292256140843599,-3.9555735204696862
LOMO,clean,MLP,clean,30,0.4,8,-3.7607781250912065,-3.5138775876068014
LOMO,clean,MLP,clean,30,0.8,6,-4.038089828841834,-4.042162301036545
LOMO,clean,MLP,clean,30,0.8,7,-3.845098474308956,-3.463120763864767
LOMO,clean,MLP,clean,30,0.8,8,-3.258832637569262,-3.052120868174332
LOMO,clean,MLP,clean,30,1.2,6,-4.147234636913154,-3.604323070167336
LOMO,clean,MLP,clean,30,1.2,7,-3.815135453602521,-2.958459055247345
LOMO,clean,MLP,clean,30,1.2,8,-3.1219943794368965,-2.557121096981615
LOMO,clean,MLP,clean,30,1.6,6,-2.52251119819198,-3.10472026951014
LOMO,clean,MLP,clean,30,1.6,7,-2.033618884397456,-2.4706749646363786
LOMO,clean,MLP,clean,30,1.6,8,-1.8206723074471534,-2.045545506544175
LOMO,clean,MLP,clean,30,2.0,6,-3.2847623574027947,-2.569984367888578
LOMO,clean,MLP,clean,30,2.0,7,-2.8358911315575748,-1.9325049777243233
LOMO,clean,MLP,clean,30,2.0,8,-2.318205389860206,-1.7551183886221915
LOMO,clean,MLP,clean,30,2.4,6,-1.9466180407944937,-2.039106398981607
LOMO,clean,MLP,clean,30,2.4,7,-1.5717663666096071,-1.5153881660083166
LOMO,clean,MLP,clean,30,2.4,8,-1.4374644743786638,-1.5622170977845882
LOMO,clean,MLP,clean,30,2.8,6,-1.6106761801657292,-1.5867659908043932
LOMO,clean,MLP,clean,30,2.8,7,-1.3309296305763305,-1.24693096825728
LOMO,clean,MLP,clean,30,2.8,8,-1.2346660479001925,-1.3643498321695675
LOMO,clean,MLP,clean,30,3.2,6,-1.3425110253047638,-1.2693422775216803
LOMO,clean,MLP,clean,30,3.2,7,-1.172933934122319,-1.0085102511914208
LOMO,clean,MLP,clean,30,3.2,8,-1.0802819258489889,-1.1022734961712293
LOMO,clean,MLP,clean,30,3.6,6,-0.9038062946979222,-1.081832733676224
LOMO,clean,MLP,clean,30,3.6,7,-0.7561784467435241,-0.8759115174897623
LOMO,clean,MLP,clean,30,3.6,8,-0.7603427195380671,-0.9464750835270394
LOMO,clean,MLP,clean,30,4.0,6,-1.0729927274681688,-0.9105607299167842
LOMO,clean,MLP,clean,30,4.0,7,-0.9723609590376543,-0.7542049939749221
LOMO,clean,MLP,clean,30,4.0,8,-0.9050783891613561,-0.8525947065478032
LOMO,clean,MLP,clean,35,0.4,6,-5.0,-4.447575044704705
LOMO,clean,MLP,clean,35,0.4,7,-3.8772829238293114,-3.8250122831809623
LOMO,clean,MLP,clean,35,0.4,8,-3.1716823901990363,-3.4417843873048897
LOMO,clean,MLP,clean,35,0.8,6,-3.690163378885209,-4.019502094805997
LOMO,clean,MLP,clean,35,0.8,7,-3.6690062018996525,-3.3567826837489427
LOMO,clean,MLP,clean,35,0.8,8,-2.6294980130865357,-2.9776044539134014
LOMO,clean,MLP,clean,35,1.2,6,-3.6913032908273498,-3.5691369567476396
LOMO,clean,MLP,clean,35,1.2,7,-3.3577571353193387,-2.9050645663848425
LOMO,clean,MLP,clean,35,1.2,8,-2.779037245673937,-2.5136314929133032
LOMO,clean,MLP,clean,35,1.6,6,-2.5561692796553133,-3.1202937121218515
LOMO,clean,MLP,clean,35,1.6,7,-2.0648838760590325,-2.3855162155088414
LOMO,clean,MLP,clean,35,1.6,8,-1.7259368742238739,-2.0277264909567663
LOMO,clean,MLP,clean,35,2.0,6,-3.2141813249498643,-2.6110720711773494
LOMO,clean,MLP,clean,35,2.0,7,-2.6923734794076064,-1.898883181560272
LOMO,clean,MLP,clean,35,2.0,8,-2.4970719549439377,-1.6701434414275804
LOMO,clean,MLP,clean,35,2.4,6,-1.9565041134616181,-2.067025646186493
LOMO,clean,MLP,clean,35,2.4,7,-1.5534752592695638,-1.5258141420027884
LOMO,clean,MLP,clean,35,2.4,8,-1.3872161432802645,-1.5502086066833203
LOMO,clean,MLP,clean,35,2.8,6,-1.6186845219251065,-1.5840525084325938
LOMO,clean,MLP,clean,35,2.8,7,-1.3191280699118726,-1.3100383162305111
LOMO,clean,MLP,clean,35,2.8,8,-1.2026334208440188,-1.337507918751322
LOMO,clean,MLP,clean,35,3.2,6,-1.3489789549515165,-1.2755096104483732
LOMO,clean,MLP,clean,35,3.2,7,-1.1703026452355763,-1.1133425723964943
LOMO,clean,MLP,clean,35,3.2,8,-1.0735628833798578,-1.1184586111875774
LOMO,clean,MLP,clean,35,3.6,6,-0.9015293343493707,-1.061664791196838
LOMO,clean,MLP,clean,35,3.6,7,-0.7829716458515488,-0.9766991408953376
LOMO,clean,MLP,clean,35,3.6,8,-0.7687955528496674,-0.9655135309265527
LOMO,clean,MLP,clean,35,4.0,6,-1.065116409476463,-0.8274569782939107
LOMO,clean,MLP,clean,35,4.0,7,-0.9656322785183896,-0.8319136299501462
LOMO,clean,MLP,clean,35,4.0,8,-0.9423186846409161,-0.8363754327568023
LOMO,clean,MLP,clean,40,0.4,6,-5.0,-4.392632847760264
LOMO,clean,MLP,clean,40,0.4,7,-3.991225293963131,-3.696844867000644
LOMO,clean,MLP,clean,40,0.4,8,-3.6690062018996525,-3.351790703854369
LOMO,clean,MLP,clean,40,0.8,6,-3.9509409892378637,-3.942404330260083
LOMO,clean,MLP,clean,40,0.8,7,-3.133893506878819,-3.2683601801229782
LOMO,clean,MLP,clean,40,0.8,8,-3.250863765219055,-2.9242111027387567
LOMO,clean,MLP,clean,40,1.2,6,-3.6306041518385914,-3.4546421481190066
LOMO,clean,MLP,clean,40,1.2,7,-2.942006967287466,-2.8041441392895754
LOMO,clean,MLP,clean,40,1.2,8,-2.7925703081157174,-2.4415135946737863
LOMO,clean,MLP,clean,40,1.6,6,-2.5807135474509666,-2.979760442541213
LOMO,clean,MLP,clean,40,1.6,7,-2.00177641821642,-2.2608943235175074
LOMO,clean,MLP,clean,40,1.6,8,-1.8340704865404978,-1.9194080071316413
LOMO,clean,MLP,clean,40,2.0,6,-3.3202342483368845,-2.5563219631825627
LOMO,clean,MLP,clean,40,2.0,7,-2.854505254933545,-1.8057595049715167
LOMO,clean,MLP,clean,40,2.0,8,-2.265314557685483,-1.5986435563265193
LOMO,clean,MLP,clean,40,2.4,6,-1.9537116918168105,-1.96855736686533
LOMO,clean,MLP,clean,40,2.4,7,-1.576085990652095,-1.4147188756831854
LOMO,clean,MLP,clean,40,2.4,8,-1.416963408035678,-1.4558009773064124
LOMO,clean,MLP,clean,40,2.8,6,-1.5994602837944614,-1.470071313398001
LOMO,clean,MLP,clean,40,2.8,7,-1.321630053032115,-1.2410077003799422
LOMO,clean,MLP,clean,40,2.8,8,-1.238946890486154,-1.266219746447898
LOMO,clean,MLP,clean,40,3.2,6,-1.3432896155862624,-1.2423298112788985
LOMO,clean,MLP,clean,40,3.2,7,-1.1699749325402082,-1.056922953764373
LOMO,clean,MLP,clean,40,3.2,8,-1.0848371653148652,-1.0253695994345864
LOMO,clean,MLP,clean,40,3.6,6,-0.9174443999326253,-0.995184207079066
LOMO,clean,MLP,clean,40,3.6,7,-0.7761433784090903,-0.8917749990629626
LOMO,clean,MLP,clean,40,3.6,8,-0.7642140827002326,-0.856665273517101
LOMO,clean,MLP,clean,40,4.0,6,-1.061129178615983,-0.7882498616199275
LOMO,clean,MLP,clean,40,4.0,7,-0.9693759938398316,-0.7329108786687288
LOMO,clean,MLP,clean,40,4.0,8,-0.9395325856638762,-0.7275231941078225
LOMO,clean,MLP,clean,45,0.4,6,-5.0,-4.311934156345913
LOMO,clean,MLP,clean,45,0.4,7,-4.69019529829915,-3.6931044945098943
LOMO,clean,MLP,clean,45,0.4,8,-3.4597468776362543,-3.2563600564973045
LOMO,clean,MLP,clean,45,0.8,6,-4.147234636913154,-3.825873026258546
LOMO,clean,MLP,clean,45,0.8,7,-3.3380132530856295,-3.2737371146241987
LOMO,clean,MLP,clean,45,0.8,8,-3.14612786196048,-2.7796615097520094
LOMO,clean,MLP,clean,45,1.2,6,-3.821337814533797,-3.3312407323493494
LOMO,clean,MLP,clean,45,1.2,7,-3.712471469006241,-2.7939862037259973
LOMO,clean,MLP,clean,45,1.2,8,-2.4727117410016213,-2.279191660194982
LOMO,clean,MLP,clean,45,1.6,6,-2.5344506017846284,-2.8621673651326818
LOMO,clean,MLP,clean,45,1.6,7,-2.0457574905606752,-2.240189312555014
LOMO,clean,MLP,clean,45,1.6,8,-1.7268806158996934,-1.726677692603984
LOMO,clean,MLP,clean,45,2.0,6,-3.3021362485770416,-2.488047397932263
LOMO,clean,MLP,clean,45,2.0,7,-2.696760731348004,-1.6862122244501614
LOMO,clean,MLP,clean,45,2.0,8,-2.534859647750466,-1.4903320916710388
LOMO,clean,MLP,clean,45,2.4,6,-1.938487206423174,-1.9098641706279362
LOMO,clean,MLP,clean,45,2.4,7,-1.544533857755494,-1.3620975475280246
LOMO,clean,MLP,clean,45,2.4,8,-1.3570510022608067,-1.311604336017089
LOMO,clean,MLP,clean,45,2.8,6,-1.600691516262645,-1.494363631361195
LOMO,clean,MLP,clean,45,2.8,7,-1.3284680174225545,-1.1576189802553412
LOMO,clean,MLP,clean,45,2.8,8,-1.2249621933352648,-1.1664240983013703
LOMO,clean,MLP,clean,45,3.2,6,-1.3263764780479852,-1.2454879659793285
LOMO,clean,MLP,clean,45,3.2,7,-1.167165488516621,-0.9438919852212384
LOMO,clean,MLP,clean,45,3.2,8,-1.1232875072105382,-0.941500469292436
LOMO,clean,MLP,clean,45,3.6,6,-0.9149271588688055,-1.0207334820017229
LOMO,clean,MLP,clean,45,3.6,7,-0.7727948241667174,-0.8043478456641308
LOMO,clean,MLP,clean,45,3.6,8,-0.761442082538833,-0.7847869150969311
LOMO,clean,MLP,clean,45,4.0,6,-1.0667111764157056,-0.848070774663188
LOMO,clean,MLP,clean,45,4.0,7,-0.9722346472717749,-0.6832761658153821
LOMO,clean,MLP,clean,45,4.0,8,-0.9444573100929904,-0.6657097036631725
LOMO,clean,MLP,clean,50,0.4,6,-5.0,-4.291685945923113
LOMO,clean,MLP,clean,50,0.4,7,-4.14612786196048,-3.688298040311312
LOMO,clean,MLP,clean,50,0.4,8,-4.514105457938539,-3.1665818156330765
LOMO,clean,MLP,clean,50,0.8,6,-3.9923332864913306,-3.825080310853286
LOMO,clean,MLP,clean,50,0.8,7,-3.6690062018996525,-3.250824374650211
LOMO,clean,MLP,clean,50,0.8,8,-3.243037722965555,-2.6869651707792377
LOMO,clean,MLP,clean,50,1.2,6,-3.6306041518385914,-3.295001478145222
LOMO,clean,MLP,clean,50,1.2,7,-3.51410545793854,-2.7775522763765848
LOMO,clean,MLP,clean,50,1.2,8,-3.104735508445308,-2.13446656112142
LOMO,clean,MLP,clean,50,1.6,6,-2.59788139919982,-2.7955704081277917
LOMO,clean,MLP,clean,50,1.6,7,-2.023210445846339,-2.17878398399742
LOMO,clean,MLP,clean,50,1.6,8,-1.7306785611574251,-1.647206180516551
LOMO,clean,MLP,clean,50,2.0,6,-3.4360303116186985,-2.4288725495244563
LOMO,clean,MLP,clean,50,2.0,7,-2.6690062018996525,-1.6144424181073835
LOMO,clean,MLP,clean,50,2.0,8,-2.476678933966772,-1.409934036961892
LOMO,clean,MLP,clean,50,2.4,6,-1.9263806141018283,-1.821960277276117
LOMO,clean,MLP,clean,50,2.4,7,-1.54375850272316,-1.3610045467583347
LOMO,clean,MLP,clean,50,2.4,8,-1.4344414138889496,-1.215278209744977
LOMO,clean,MLP,clean,50,2.8,6,-1.6177667650294434,-1.4749949254452048
LOMO,clean,MLP,clean,50,2.8,7,-1.335319484868748,-1.1310235500437604
LOMO,clean,MLP,clean,50,2.8,8,-1.2130747529264436,-1.0955296505388674
LOMO,clean,MLP,clean,50,3.2,6,-1.3334633002588099,-1.2142161481129874
LOMO,clean,MLP,clean,50,3.2,7,-1.1640508308434454,-0.9485467094359108
LOMO,clean,MLP,clean,50,3.2,8,-1.0984637632461327,-0.9214783311177466
LOMO,clean,MLP,clean,50,3.6,6,-0.9191643518260268,-1.0230897424982606
LOMO,clean,MLP,clean,50,3.6,7,-0.7604953120280585,-0.7986394578375013
LOMO,clean,MLP,clean,50,3.6,8,-0.7579756600316715,-0.7478218870212974
LOMO,clean,MLP,clean,50,4.0,6,-1.068208654118649,-0.8468662289710893
LOMO,clean,MLP,clean,50,4.0,7,-0.9690442458706501,-0.6655242815388477
LOMO,clean,MLP,clean,50,4.0,8,-0.9457470919203858,-0.6234122191812222
LOMO,clean,MLP,clean,55,0.4,6,-4.3902722284270705,-4.2743660371856675
LOMO,clean,MLP,clean,55,0.4,7,-4.292256140843599,-3.7171408565780917
LOMO,clean,MLP,clean,55,0.4,8,-3.235350960967232,-3.152604347534691
LOMO,clean,MLP,clean,55,0.8,6,-3.500970353866764,-3.800813211898494
LOMO,clean,MLP,clean,55,0.8,7,-3.036983730320005,-3.2742341713602388
LOMO,clean,MLP,clean,55,0.8,8,-2.582986924683562,-2.6181150932707897
LOMO,clean,MLP,clean,55,1.2,6,-3.6913032908273498,-3.25815249243385
LOMO,clean,MLP,clean,55,1.2,7,-3.139967604636963,-2.6951321231364966
LOMO,clean,MLP,clean,55,1.2,8,-2.5184699480750177,-2.05095552581619
LOMO,clean,MLP,clean,55,1.6,6,-2.4858269381130857,-2.736479511037544
LOMO,clean,MLP,clean,55,1.6,7,-2.012588935707556,-2.055796871353043
LOMO,clean,MLP,clean,55,1.6,8,-1.7819794415380534,-1.6669811248671778
LOMO,clean,MLP,clean,55,2.0,6,-3.186152912481025,-2.231352156849199
LOMO,clean,MLP,clean,55,2.0,7,-2.6690062018996525,-1.5892982040295154
LOMO,clean,MLP,clean,55,2.0,8,-2.330360540794156,-1.44455249071217
LOMO,clean,MLP,clean,55,2.4,6,-1.9438920859629623,-1.7327128347637255
LOMO,clean,MLP,clean,55,2.4,7,-1.533041972799191,-1.3884444203857438
LOMO,clean,MLP,clean,55,2.4,8,-1.3700493991044738,-1.2549086610125983
LOMO,clean,MLP,clean,55,2.8,6,-1.6126653539245952,-1.3886090648931908
LOMO,clean,MLP,clean,55,2.8,7,-1.33782035350723,-1.1564016341838335
LOMO,clean,MLP,clean,55,2.8,8,-1.2449029990571143,-1.1000735983587373
LOMO,clean,MLP,clean,55,3.2,6,-1.3359468831020627,-1.192367233342758
LOMO,clean,MLP,clean,55,3.2,7,-1.1533221437152237,-0.9740927026455134
LOMO,clean,MLP,clean,55,3.2,8,-1.076512989560956,-0.950994442945294
LOMO,clean,MLP,clean,55,3.6,6,-0.915945904133881,-1.0294259973799507
LOMO,clean,MLP,clean,55,3.6,7,-0.762544235505606,-0.8156366399716095
LOMO,clean,MLP,clean,55,3.6,8,-0.7615699795857364,-0.7423336400565015
LOMO,clean,MLP,clean,55,4.0,6,-1.0705422449855506,-0.8447704484378044
LOMO,clean,MLP,clean,55,4.0,7,-0.9774190545184905,-0.6670126761998473
LOMO,clean,MLP,clean,55,4.0,8,-0.9384155938445793,-0.5930700942894412
LOMO,pump,Mean,pump,15,0.4,6,-5.0,-2.1992576850696524
LOMO,pump,Mean,pump,15,0.4,7,-4.292256140843599,-2.1992576850696524
LOMO,pump,Mean,pump,15,0.4,8,-3.3577571353193387,-2.1992576850696524
LOMO,pump,Mean,pump,15,0.8,6,-4.08924276613091,-2.1992576850696524
LOMO,pump,Mean,pump,15,0.8,7,-3.787106907339487,-2.1992576850696524
LOMO,pump,Mean,pump,15,0.8,8,-3.1777207450109,-2.1992576850696524
LOMO,pump,Mean,pump,15,1.2,6,-3.870867831827578,-2.1992576850696524
LOMO,pump,Mean,pump,15,1.2,7,-3.6690062018996525,-2.1992576850696524
LOMO,pump,Mean,pump,15,1.2,8,-3.0669467172482054,-2.1992576850696524
LOMO,pump,Mean,pump,15,1.6,6,-2.562580832003996,-2.1992576850696524
LOMO,pump,Mean,pump,15,1.6,7,-2.0457574905606752,-2.1992576850696524
LOMO,pump,Mean,pump,15,1.6,8,-1.8567290727866033,-2.1992576850696524
LOMO,pump,Mean,pump,15,2.0,6,-3.487182241435127,-2.1992576850696524
LOMO,pump,Mean,pump,15,2.0,7,-2.728774274004482,-2.1992576850696524
LOMO,pump,Mean,pump,15,2.0,8,-2.4942966489158875,-2.1992576850696524
LOMO,pump,Mean,pump,15,2.4,6,-1.973319680401383,-2.1992576850696524
LOMO,pump,Mean,pump,15,2.4,7,-1.5434487478876098,-2.1992576850696524
LOMO,pump,Mean,pump,15,2.4,8,-1.401053087875172,-2.1992576850696524
LOMO,pump,Mean,pump,15,2.8,6,-1.614116795599882,-2.1992576850696524
LOMO,pump,Mean,pump,15,2.8,7,-1.325832631572153,-2.1992576850696524
LOMO,pump,Mean,pump,15,2.8,8,-1.254590243504276,-2.1992576850696524
LOMO,pump,Mean,pump,15,3.2,6,-1.351652676458919,-2.1992576850696524
LOMO,pump,Mean,pump,15,3.2,7,-1.1724065285977316,-2.1992576850696524
LOMO,pump,Mean,pump,15,3.2,8,-1.0876477278036376,-2.1992576850696524
LOMO,pump,Mean,pump,15,3.6,6,-0.9149271588688055,-2.1992576850696524
LOMO,pump,Mean,pump,15,3.6,7,-0.7705690307123094,-2.1992576850696524
LOMO,pump,Mean,pump,15,3.6,8,-0.771799894134166,-2.1992576850696524
LOMO,pump,Mean,pump,15,4.0,6,-1.0787704241202385,-2.1992576850696524
LOMO,pump,Mean,pump,15,4.0,7,-0.9770852275177909,-2.1992576850696524
LOMO,pump,Mean,pump,15,4.0,8,-0.9489671663010615,-2.1992576850696524
LOMO,pump,Mean,pump,20,0.4,6,-4.515210609457187,-2.1992576850696524
LOMO,pump,Mean,pump,20,0.4,7,-4.934319471943227,-2.1992576850696524
LOMO,pump,Mean,pump,20,0.4,8,-3.243037722965555,-2.1992576850696524
LOMO,pump,Mean,pump,20,0.8,6,-3.9923332864913306,-2.1992576850696524
LOMO,pump,Mean,pump,20,0.8,7,-3.1219943794368965,-2.1992576850696524
LOMO,pump,Mean,pump,20,0.8,8,-3.072147868202236,-2.1992576850696524
LOMO,pump,Mean,pump,20,1.2,6,-3.816240605121168,-2.1992576850696524
LOMO,pump,Mean,pump,20,1.2,7,-3.6294980130865357,-2.1992576850696524
LOMO,pump,Mean,pump,20,1.2,8,-3.0618071193221224,-2.1992576850696524
LOMO,pump,Mean,pump,20,1.6,6,-2.6139346535564973,-2.1992576850696524
LOMO,pump,Mean,pump,20,1.6,7,-2.0340977821449457,-2.1992576850696524
LOMO,pump,Mean,pump,20,1.6,8,-1.803704960043046,-2.1992576850696524
LOMO,pump,Mean,pump,20,2.0,6,-3.358864136292462,-2.1992576850696524
LOMO,pump,Mean,pump,20,2.0,7,-2.685875652234882,-2.1992576850696524
LOMO,pump,Mean,pump,20,2.0,8,-2.3219088417391536,-2.1992576850696524
LOMO,pump,Mean,pump,20,2.4,6,-1.9597142010675082,-2.1992576850696524
LOMO,pump,Mean,pump,20,2.4,7,-1.5745848029316636,-2.1992576850696524
LOMO,pump,Mean,pump,20,2.4,8,-1.3777009921572136,-2.1992576850696524
LOMO,pump,Mean,pump,20,2.8,6,-1.6407300374694829,-2.1992576850696524
LOMO,pump,Mean,pump,20,2.8,7,-1.3380132530856295,-2.1992576850696524
LOMO,pump,Mean,pump,20,2.8,8,-1.2457610162782549,-2.1992576850696524
LOMO,pump,Mean,pump,20,3.2,6,-1.3473031550338903,-2.1992576850696524
LOMO,pump,Mean,pump,20,3.2,7,-1.185589241443123,-2.1992576850696524
LOMO,pump,Mean,pump,20,3.2,8,-1.0905311593138187,-2.1992576850696524
LOMO,pump,Mean,pump,20,3.6,6,-0.9136579686441707,-2.1992576850696524
LOMO,pump,Mean,pump,20,3.6,7,-0.7638029515184591,-2.1992576850696524
LOMO,pump,Mean,pump,20,3.6,8,-0.7584086977447001,-2.1992576850696524
LOMO,pump,Mean,pump,20,4.0,6,-1.0734116600101489,-2.1992576850696524
LOMO,pump,Mean,pump,20,4.0,7,-0.9729849073839125,-2.1992576850696524
LOMO,pump,Mean,pump,20,4.0,8,-0.9413879976279637,-2.1992576850696524
LOMO,pump,Mean,pump,25,0.4,6,-4.691303290827349,-2.1992576850696524
LOMO,pump,Mean,pump,25,0.4,7,-3.845098474308956,-2.1992576850696524
LOMO,pump,Mean,pump,25,0.4,8,-3.250863765219055,-2.1992576850696524
LOMO,pump,Mean,pump,25,0.8,6,-3.9131527516026936,-2.1992576850696524
LOMO,pump,Mean,pump,25,0.8,7,-3.4230243751008778,-2.1992576850696524
LOMO,pump,Mean,pump,25,0.8,8,-3.151464817381221,-2.1992576850696524
LOMO,pump,Mean,pump,25,1.2,6,-3.874317086304845,-2.1992576850696524
LOMO,pump,Mean,pump,25,1.2,7,-3.0180980742478916,-2.1992576850696524
LOMO,pump,Mean,pump,25,1.2,8,-3.11041259769974,-2.1992576850696524
LOMO,pump,Mean,pump,25,1.6,6,-2.5344506017846284,-2.1992576850696524
LOMO,pump,Mean,pump,25,1.6,7,-2.08542996873626,-2.1992576850696524
LOMO,pump,Mean,pump,25,1.6,8,-1.7556981337788231,-2.1992576850696524
LOMO,pump,Mean,pump,25,2.0,6,-3.276329286403115,-2.1992576850696524
LOMO,pump,Mean,pump,25,2.0,7,-2.8420056077940377,-2.1992576850696524
LOMO,pump,Mean,pump,25,2.0,8,-2.530328172825988,-2.1992576850696524
LOMO,pump,Mean,pump,25,2.4,6,-1.9396383959362578,-2.1992576850696524
LOMO,pump,Mean,pump,25,2.4,7,-1.5621194852826996,-2.1992576850696524
LOMO,pump,Mean,pump,25,2.4,8,-1.385597444481243,-2.1992576850696524
LOMO,pump,Mean,pump,25,2.8,6,-1.6287196626257245,-2.1992576850696524
LOMO,pump,Mean,pump,25,2.8,7,-1.3383993094721485,-2.1992576850696524
LOMO,pump,Mean,pump,25,2.8,8,-1.2222919560616303,-2.1992576850696524
LOMO,pump,Mean,pump,25,3.2,6,-1.3542428045858068,-2.1992576850696524
LOMO,pump,Mean,pump,25,3.2,7,-1.1890681992237235,-2.1992576850696524
LOMO,pump,Mean,pump,25,3.2,8,-1.0978529119917462,-2.1992576850696524
LOMO,pump,Mean,pump,25,3.6,6,-0.8975114106484399,-2.1992576850696524
LOMO,pump,Mean,pump,25,3.6,7,-0.746676536027218,-2.1992576850696524
LOMO,pump,Mean,pump,25,3.6,8,-0.7261957364209292,-2.1992576850696524
LOMO,pump,Mean,pump,25,4.0,6,-1.0705422449855506,-2.1992576850696524
LOMO,pump,Mean,pump,25,4.0,7,-0.9609112277499408,-2.1992576850696524
LOMO,pump,Mean,pump,25,4.0,8,-0.9264319378804121,-2.1992576850696524
LOMO,pump,Mean,pump,30,0.4,6,-4.3902722284270705,-2.1992576850696524
LOMO,pump,Mean,pump,30,0.4,7,-4.6878607412383815,-2.1992576850696524
LOMO,pump,Mean,pump,30,0.4,8,-3.275222932501349,-2.1992576850696524
LOMO,pump,Mean,pump,30,0.8,6,-3.560969048226999,-2.1992576850696524
LOMO,pump,Mean,pump,30,0.8,7,-3.9120447572624624,-2.1992576850696524
LOMO,pump,Mean,pump,30,0.8,8,-3.1290772414327868,-2.1992576850696524
LOMO,pump,Mean,pump,30,1.2,6,-3.9509409892378637,-2.1992576850696524
LOMO,pump,Mean,pump,30,1.2,7,-3.6690062018996525,-2.1992576850696524
LOMO,pump,Mean,pump,30,1.2,8,-2.9193446572606425,-2.1992576850696524
LOMO,pump,Mean,pump,30,1.6,6,-2.623116590279776,-2.1992576850696524
LOMO,pump,Mean,pump,30,1.6,7,-2.084352745470972,-2.1992576850696524
LOMO,pump,Mean,pump,30,1.6,8,-1.7892829577312397,-2.1992576850696524
LOMO,pump,Mean,pump,30,2.0,6,-3.4482646325771356,-2.1992576850696524
LOMO,pump,Mean,pump,30,2.0,7,-2.654765501274814,-2.1992576850696524
LOMO,pump,Mean,pump,30,2.0,8,-2.4534067540308544,-2.1992576850696524
LOMO,pump,Mean,pump,30,2.4,6,-1.9446675472258739,-2.1992576850696524
LOMO,pump,Mean,pump,30,2.4,7,-1.5443786759688785,-2.1992576850696524
LOMO,pump,Mean,pump,30,2.4,8,-1.364167550191229,-2.1992576850696524
LOMO,pump,Mean,pump,30,2.8,6,-1.6368808760844933,-2.1992576850696524
LOMO,pump,Mean,pump,30,2.8,7,-1.3392701416647403,-2.1992576850696524
LOMO,pump,Mean,pump,30,2.8,8,-1.2153242348709055,-2.1992576850696524
LOMO,pump,Mean,pump,30,3.2,6,-1.3494729561764265,-2.1992576850696524
LOMO,pump,Mean,pump,30,3.2,7,-1.1758474711411462,-2.1992576850696524
LOMO,pump,Mean,pump,30,3.2,8,-1.074035924838685,-2.1992576850696524
LOMO,pump,Mean,pump,30,3.6,6,-0.8948339809189286,-2.1992576850696524
LOMO,pump,Mean,pump,30,3.6,7,-0.7468510702546478,-2.1992576850696524
LOMO,pump,Mean,pump,30,3.6,8,-0.728869639248368,-2.1992576850696524
LOMO,pump,Mean,pump,30,4.0,6,-1.0663502617351819,-2.1992576850696524
LOMO,pump,Mean,pump,30,4.0,7,-0.9664516037991582,-2.1992576850696524
LOMO,pump,Mean,pump,30,4.0,8,-0.9156060567853214,-2.1992576850696524
LOMO,pump,Mean,pump,35,0.4,6,-4.691303290827349,-2.1992576850696524
LOMO,pump,Mean,pump,35,0.4,7,-4.514105457938539,-2.1992576850696524
LOMO,pump,Mean,pump,35,0.4,8,-3.4727117410016213,-2.1992576850696524
LOMO,pump,Mean,pump,35,0.8,6,-3.6306041518385914,-2.1992576850696524
LOMO,pump,Mean,pump,35,0.8,7,-3.59328613650758,-2.1992576850696524
LOMO,pump,Mean,pump,35,0.8,8,-3.035201255169571,-2.1992576850696524
LOMO,pump,Mean,pump,35,1.2,6,-3.8462034221239003,-2.1992576850696524
LOMO,pump,Mean,pump,35,1.2,7,-3.611014761598481,-2.1992576850696524
LOMO,pump,Mean,pump,35,1.2,8,-2.9120447572624624,-2.1992576850696524
LOMO,pump,Mean,pump,35,1.6,6,-2.467287651539519,-2.1992576850696524
LOMO,pump,Mean,pump,35,1.6,7,-2.0806017988508256,-2.1992576850696524
LOMO,pump,Mean,pump,35,1.6,8,-1.8457190906753538,-2.1992576850696524
LOMO,pump,Mean,pump,35,2.0,6,-3.348880028148656,-2.1992576850696524
LOMO,pump,Mean,pump,35,2.0,7,-2.595026100701576,-2.1992576850696524
LOMO,pump,Mean,pump,35,2.0,8,-2.1932666532519063,-2.1992576850696524
LOMO,pump,Mean,pump,35,2.4,6,-1.9388680821670696,-2.1992576850696524
LOMO,pump,Mean,pump,35,2.4,7,-1.5587385900052397,-2.1992576850696524
LOMO,pump,Mean,pump,35,2.4,8,-1.4148845872497535,-2.1992576850696524
LOMO,pump,Mean,pump,35,2.8,6,-1.6389940701318038,-2.1992576850696524
LOMO,pump,Mean,pump,35,2.8,7,-1.3268666150240982,-2.1992576850696524
LOMO,pump,Mean,pump,35,2.8,8,-1.2096141926682262,-2.1992576850696524
LOMO,pump,Mean,pump,35,3.2,6,-1.3375784046082952,-2.1992576850696524
LOMO,pump,Mean,pump,35,3.2,7,-1.1720113943438748,-2.1992576850696524
LOMO,pump,Mean,pump,35,3.2,8,-1.0556180168782245,-2.1992576850696524
LOMO,pump,Mean,pump,35,3.6,6,-0.888391398798405,-2.1992576850696524
LOMO,pump,Mean,pump,35,3.6,7,-0.7450219498443256,-2.1992576850696524
LOMO,pump,Mean,pump,35,3.6,8,-0.7127246673245137,-2.1992576850696524
LOMO,pump,Mean,pump,35,4.0,6,-1.0630160264948865,-2.1992576850696524
LOMO,pump,Mean,pump,35,4.0,7,-0.9529238239664289,-2.1992576850696524
LOMO,pump,Mean,pump,35,4.0,8,-0.9163719832017023,-2.1992576850696524
LOMO,pump,Mean,pump,40,0.4,6,-4.992333286491331,-2.1992576850696524
LOMO,pump,Mean,pump,40,0.4,7,-3.9120447572624624,-2.1992576850696524
LOMO,pump,Mean,pump,40,0.4,8,-3.2669504683073214,-2.1992576850696524
LOMO,pump,Mean,pump,40,0.8,6,-3.9509409892378637,-2.1992576850696524
LOMO,pump,Mean,pump,40,0.8,7,-3.1918856227488086,-2.1992576850696524
LOMO,pump,Mean,pump,40,0.8,8,-3.00445430560815,-2.1992576850696524
LOMO,pump,Mean,pump,40,1.2,6,-3.9923332864913306,-2.1992576850696524
LOMO,pump,Mean,pump,40,1.2,7,-3.4349235025427998,-2.1992576850696524
LOMO,pump,Mean,pump,40,1.2,8,-2.838937608972982,-2.1992576850696524
LOMO,pump,Mean,pump,40,1.6,6,-2.4545135111801146,-2.1992576850696524
LOMO,pump,Mean,pump,40,1.6,7,-2.009407658723836,-2.1992576850696524
LOMO,pump,Mean,pump,40,1.6,8,-1.7803735656045006,-2.1992576850696524
LOMO,pump,Mean,pump,40,2.0,6,-3.2214804793167837,-2.1992576850696524
LOMO,pump,Mean,pump,40,2.0,7,-2.5379076133090006,-2.1992576850696524
LOMO,pump,Mean,pump,40,2.0,8,-2.2735556226091416,-2.1992576850696524
LOMO,pump,Mean,pump,40,2.4,6,-1.9256334406153337,-2.1992576850696524
LOMO,pump,Mean,pump,40,2.4,7,-1.5014082798661594,-2.1992576850696524
LOMO,pump,Mean,pump,40,2.4,8,-1.328090685270893,-2.1992576850696524
LOMO,pump,Mean,pump,40,2.8,6,-1.5964814149844586,-2.1992576850696524
LOMO,pump,Mean,pump,40,2.8,7,-1.299084378090352,-2.1992576850696524
LOMO,pump,Mean,pump,40,2.8,8,-1.166254471601915,-2.1992576850696524
LOMO,pump,Mean,pump,40,3.2,6,-1.3245993105077052,-2.1992576850696524
LOMO,pump,Mean,pump,40,3.2,7,-1.131787720318118,-2.1992576850696524
LOMO,pump,Mean,pump,40,3.2,8,-1.0351536906452585,-2.1992576850696524
LOMO,pump,Mean,pump,40,3.6,6,-0.8625129616838118,-2.1992576850696524
LOMO,pump,Mean,pump,40,3.6,7,-0.702999348141384,-2.1992576850696524
LOMO,pump,Mean,pump,40,3.6,8,-0.7032010325495734,-2.1992576850696524
LOMO,pump,Mean,pump,40,4.0,6,-1.0637829256592868,-2.1992576850696524
LOMO,pump,Mean,pump,40,4.0,7,-0.937609824516946,-2.1992576850696524
LOMO,pump,Mean,pump,40,4.0,8,-0.8924440897542729,-2.1992576850696524
LOMO,pump,Mean,pump,45,0.4,6,-4.3902722284270705,-2.1992576850696524
LOMO,pump,Mean,pump,45,0.4,7,-3.815135453602521,-2.1992576850696524
LOMO,pump,Mean,pump,45,0.4,8,-3.4727117410016213,-2.1992576850696524
LOMO,pump,Mean,pump,45,0.8,6,-3.8462034221239003,-2.1992576850696524
LOMO,pump,Mean,pump,45,0.8,7,-3.845098474308956,-2.1992576850696524
LOMO,pump,Mean,pump,45,0.8,8,-2.8978030596298545,-2.1992576850696524
LOMO,pump,Mean,pump,45,1.2,6,-3.6499090540535573,-2.1992576850696524
LOMO,pump,Mean,pump,45,1.2,7,-3.5440684786449745,-2.1992576850696524
LOMO,pump,Mean,pump,45,1.2,8,-2.7217129446812933,-2.1992576850696524
LOMO,pump,Mean,pump,45,1.6,6,-2.4777853641969627,-2.1992576850696524
LOMO,pump,Mean,pump,45,1.6,7,-1.9783890196454066,-2.1992576850696524
LOMO,pump,Mean,pump,45,1.6,8,-1.6499885814903548,-2.1992576850696524
LOMO,pump,Mean,pump,45,2.0,6,-3.3021362485770416,-2.1992576850696524
LOMO,pump,Mean,pump,45,2.0,7,-2.5582561758447038,-2.1992576850696524
LOMO,pump,Mean,pump,45,2.0,8,-1.961435469451713,-2.1992576850696524
LOMO,pump,Mean,pump,45,2.4,6,-1.8724157977996354,-2.1992576850696524
LOMO,pump,Mean,pump,45,2.4,7,-1.4648869792587227,-2.1992576850696524
LOMO,pump,Mean,pump,45,2.4,8,-1.2465418091455114,-2.1992576850696524
LOMO,pump,Mean,pump,45,2.8,6,-1.5746940723296812,-2.1992576850696524
LOMO,pump,Mean,pump,45,2.8,7,-1.255627207927734,-2.1992576850696524
LOMO,pump,Mean,pump,45,2.8,8,-1.1106982974936896,-2.1992576850696524
LOMO,pump,Mean,pump,45,3.2,6,-1.2918885705536773,-2.1992576850696524
LOMO,pump,Mean,pump,45,3.2,7,-1.0938740733693237,-2.1992576850696524
LOMO,pump,Mean,pump,45,3.2,8,-0.9894498871538145,-2.1992576850696524
LOMO,pump,Mean,pump,45,3.6,6,-0.8619658578029314,-2.1992576850696524
LOMO,pump,Mean,pump,45,3.6,7,-0.7064341590702411,-2.1992576850696524
LOMO,pump,Mean,pump,45,3.6,8,-0.6956150427433561,-2.1992576850696524
LOMO,pump,Mean,pump,45,4.0,6,-1.0337686005764595,-2.1992576850696524
LOMO,pump,Mean,pump,45,4.0,7,-0.9417372462882989,-2.1992576850696524
LOMO,pump,Mean,pump,45,4.0,8,-0.8542847401791613,-2.1992576850696524
LOMO,pump,Mean,pump,50,0.4,6,-4.293362428766064,-2.1992576850696524
LOMO,pump,Mean,pump,50,0.4,7,-3.991225293963131,-2.1992576850696524
LOMO,pump,Mean,pump,50,0.4,8,-3.6690062018996525,-2.1992576850696524
LOMO,pump,Mean,pump,50,0.8,6,-3.545174950367045,-2.1992576850696524
LOMO,pump,Mean,pump,50,0.8,7,-3.139967604636963,-2.1992576850696524
LOMO,pump,Mean,pump,50,0.8,8,-2.5258434919599355,-2.1992576850696524
LOMO,pump,Mean,pump,50,1.2,6,-3.5943924244300454,-2.1992576850696524
LOMO,pump,Mean,pump,50,1.2,7,-2.908442069278212,-2.1992576850696524
LOMO,pump,Mean,pump,50,1.2,8,-2.452150253040806,-2.1992576850696524
LOMO,pump,Mean,pump,50,1.6,6,-2.4698887070161946,-2.1992576850696524
LOMO,pump,Mean,pump,50,1.6,7,-1.9775468833951795,-2.1992576850696524
LOMO,pump,Mean,pump,50,1.6,8,-1.6624389160785327,-2.1992576850696524
LOMO,pump,Mean,pump,50,2.0,6,-3.348880028148656,-2.1992576850696524
LOMO,pump,Mean,pump,50,2.0,7,-2.4793422603750157,-2.1992576850696524
LOMO,pump,Mean,pump,50,2.0,8,-1.9120447572624624,-2.1992576850696524
LOMO,pump,Mean,pump,50,2.4,6,-1.8783876366018775,-2.1992576850696524
LOMO,pump,Mean,pump,50,2.4,7,-1.4490235923422874,-2.1992576850696524
LOMO,pump,Mean,pump,50,2.4,8,-1.27388840970666,-2.1992576850696524
LOMO,pump,Mean,pump,50,2.8,6,-1.5803762916819226,-2.1992576850696524
LOMO,pump,Mean,pump,50,2.8,7,-1.2505473821872815,-2.1992576850696524
LOMO,pump,Mean,pump,50,2.8,8,-1.1225814257334263,-2.1992576850696524
LOMO,pump,Mean,pump,50,3.2,6,-1.2951034125051775,-2.1992576850696524
LOMO,pump,Mean,pump,50,3.2,7,-1.0965225780501013,-2.1992576850696524
LOMO,pump,Mean,pump,50,3.2,8,-0.9966428836504543,-2.1992576850696524
LOMO,pump,Mean,pump,50,3.6,6,-0.8619658578029314,-2.1992576850696524
LOMO,pump,Mean,pump,50,3.6,7,-0.6912179602021861,-2.1992576850696524
LOMO,pump,Mean,pump,50,3.6,8,-0.6974006970470809,-2.1992576850696524
LOMO,pump,Mean,pump,50,4.0,6,-1.0427960710367157,-2.1992576850696524
LOMO,pump,Mean,pump,50,4.0,7,-0.9230757013384617,-2.1992576850696524
LOMO,pump,Mean,pump,50,4.0,8,-0.8540302004206378,-2.1992576850696524
LOMO,pump,Mean,pump,55,0.4,6,-4.3902722284270705,-2.1992576850696524
LOMO,pump,Mean,pump,55,0.4,7,-3.949832995721284,-2.1992576850696524
LOMO,pump,Mean,pump,55,0.4,8,-3.0827408530708027,-2.1992576850696524
LOMO,pump,Mean,pump,55,0.8,6,-3.7135794609622215,-2.1992576850696524
LOMO,pump,Mean,pump,55,0.8,7,-2.887421807594228,-2.1992576850696524
LOMO,pump,Mean,pump,55,0.8,8,-2.6371180977430186,-2.1992576850696524
LOMO,pump,Mean,pump,55,1.2,6,-3.473818441503689,-2.1992576850696524
LOMO,pump,Mean,pump,55,1.2,7,-2.660812992344431,-2.1992576850696524
LOMO,pump,Mean,pump,55,1.2,8,-1.970449842285022,-2.1992576850696524
LOMO,pump,Mean,pump,55,1.6,6,-2.3286318150064176,-2.1992576850696524
LOMO,pump,Mean,pump,55,1.6,7,-1.7967114008048017,-2.1992576850696524
LOMO,pump,Mean,pump,55,1.6,8,-1.3763290283174443,-2.1992576850696524
LOMO,pump,Mean,pump,55,2.0,6,-2.9753009318745356,-2.1992576850696524
LOMO,pump,Mean,pump,55,2.0,7,-2.2399471257143153,-2.1992576850696524
LOMO,pump,Mean,pump,55,2.0,8,-1.4482768240180888,-2.1992576850696524
LOMO,pump,Mean,pump,55,2.4,6,-1.7232878018935842,-2.1992576850696524
LOMO,pump,Mean,pump,55,2.4,7,-1.3219088417391536,-2.1992576850696524
LOMO,pump,Mean,pump,55,2.4,8,-1.045560655008234,-2.1992576850696524
LOMO,pump,Mean,pump,55,2.8,6,-1.4089075544758851,-2.1992576850696524
LOMO,pump,Mean,pump,55,2.8,7,-1.1074512959554583,-2.1992576850696524
LOMO,pump,Mean,pump,55,2.8,8,-0.9293231743372344,-2.1992576850696524
LOMO,pump,Mean,pump,55,3.2,6,-1.1756938443463372,-2.1992576850696524
LOMO,pump,Mean,pump,55,3.2,7,-0.9982316834316167,-2.1992576850696524
LOMO,pump,Mean,pump,55,3.2,8,-0.8468378295141608,-2.1992576850696524
LOMO,pump,Mean,pump,55,3.6,6,-0.8151411284291498,-2.1992576850696524
LOMO,pump,Mean,pump,55,3.6,7,-0.6673959337677035,-2.1992576850696524
LOMO,pump,Mean,pump,55,3.6,8,-0.633844239408137,-2.1992576850696524
LOMO,pump,Mean,pump,55,4.0,6,-0.9823282162137721,-2.1992576850696524
LOMO,pump,Mean,pump,55,4.0,7,-0.8341623753098718,-2.1992576850696524
LOMO,pump,Mean,pump,55,4.0,8,-0.732087082506632,-2.1992576850696524
LOMO,pump,Ridge(poly),pump,15,0.4,6,-5.0,-4.579943512245072
LOMO,pump,Ridge(poly),pump,15,0.4,7,-4.292256140843599,-4.138932065204259
LOMO,pump,Ridge(poly),pump,15,0.4,8,-3.3577571353193387,-3.6979206181634465
LOMO,pump,Ridge(poly),pump,15,0.8,6,-4.08924276613091,-4.0141645625399205
LOMO,pump,Ridge(poly),pump,15,0.8,7,-3.787106907339487,-3.5980195222176317
LOMO,pump,Ridge(poly),pump,15,0.8,8,-3.1777207450109,-3.1818744818953437
LOMO,pump,Ridge(poly),pump,15,1.2,6,-3.870867831827578,-3.4911838777770603
LOMO,pump,Ridge(poly),pump,15,1.2,7,-3.6690062018996525,-3.0999052441732964
LOMO,pump,Ridge(poly),pump,15,1.2,8,-3.0669467172482054,-2.7086266105695325
LOMO,pump,Ridge(poly),pump,15,1.6,6,-2.562580832003996,-3.0110014579564908
LOMO,pump,Ridge(poly),pump,15,1.6,7,-2.0457574905606752,-2.6445892310712513
LOMO,pump,Ridge(poly),pump,15,1.6,8,-1.8567290727866033,-2.278177004186012
LOMO,pump,Ridge(poly),pump,15,2.0,6,-3.487182241435127,-2.573617303078212
LOMO,pump,Ridge(poly),pump,15,2.0,7,-2.728774274004482,-2.232071482911497
LOMO,pump,Ridge(poly),pump,15,2.0,8,-2.4942966489158875,-1.890525662744782
LOMO,pump,Ridge(poly),pump,15,2.4,6,-1.973319680401383,-2.179031413142224
LOMO,pump,Ridge(poly),pump,15,2.4,7,-1.5434487478876098,-1.8623519996940339
LOMO,pump,Ridge(poly),pump,15,2.4,8,-1.401053087875172,-1.5456725862458434
LOMO,pump,Ridge(poly),pump,15,2.8,6,-1.614116795599882,-1.827243788148527
LOMO,pump,Ridge(poly),pump,15,2.8,7,-1.325832631572153,-1.5354307814188612
LOMO,pump,Ridge(poly),pump,15,2.8,8,-1.254590243504276,-1.2436177746891954
LOMO,pump,Ridge(poly),pump,15,3.2,6,-1.351652676458919,-1.518254428097121
LOMO,pump,Ridge(poly),pump,15,3.2,7,-1.1724065285977316,-1.2513078280859797
LOMO,pump,Ridge(poly),pump,15,3.2,8,-1.0876477278036376,-0.9843612280748382
LOMO,pump,Ridge(poly),pump,15,3.6,6,-0.9149271588688055,-1.2520633329880058
LOMO,pump,Ridge(poly),pump,15,3.6,7,-0.7705690307123094,-1.0099831396953887
LOMO,pump,Ridge(poly),pump,15,3.6,8,-0.771799894134166,-0.767902946402772
LOMO,pump,Ridge(poly),pump,15,4.0,6,-1.0787704241202385,-1.028670502821181
LOMO,pump,Ridge(poly),pump,15,4.0,7,-0.9770852275177909,-0.8114567162470891
LOMO,pump,Ridge(poly),pump,15,4.0,8,-0.9489671663010615,-0.594242929672997
LOMO,pump,Ridge(poly),pump,20,0.4,6,-4.515210609457187,-4.576344942434364
LOMO,pump,Ridge(poly),pump,20,0.4,7,-4.934319471943227,-4.137922517860863
LOMO,pump,Ridge(poly),pump,20,0.4,8,-3.243037722965555,-3.699500093287363
LOMO,pump,Ridge(poly),pump,20,0.8,6,-3.9923332864913306,-4.009726607916507
LOMO,pump,Ridge(poly),pump,20,0.8,7,-3.1219943794368965,-3.596170590061531
LOMO,pump,Ridge(poly),pump,20,0.8,8,-3.072147868202236,-3.182614572206555
LOMO,pump,Ridge(poly),pump,20,1.2,6,-3.816240605121168,-3.485906538340942
LOMO,pump,Ridge(poly),pump,20,1.2,7,-3.6294980130865357,-3.09721692720449
LOMO,pump,Ridge(poly),pump,20,1.2,8,-3.0618071193221224,-2.7085273160680385
LOMO,pump,Ridge(poly),pump,20,1.6,6,-2.6139346535564973,-3.0048847337076676
LOMO,pump,Ridge(poly),pump,20,1.6,7,-2.0340977821449457,-2.64106152928974
LOMO,pump,Ridge(poly),pump,20,1.6,8,-1.803704960043046,-2.2772383248718127
LOMO,pump,Ridge(poly),pump,20,2.0,6,-3.358864136292462,-2.5666611940166835
LOMO,pump,Ridge(poly),pump,20,2.0,7,-2.685875652234882,-2.2277043963172805
LOMO,pump,Ridge(poly),pump,20,2.0,8,-2.3219088417391536,-1.8887475986178777
LOMO,pump,Ridge(poly),pump,20,2.4,6,-1.9597142010675082,-2.1712359192679904
LOMO,pump,Ridge(poly),pump,20,2.4,7,-1.5745848029316636,-1.857145528287112
LOMO,pump,Ridge(poly),pump,20,2.4,8,-1.3777009921572136,-1.5430551373062338
LOMO,pump,Ridge(poly),pump,20,2.8,6,-1.6407300374694829,-1.818608909461588
LOMO,pump,Ridge(poly),pump,20,2.8,7,-1.3380132530856295,-1.5293849251992344
LOMO,pump,Ridge(poly),pump,20,2.8,8,-1.2457610162782549,-1.2401609409368806
LOMO,pump,Ridge(poly),pump,20,3.2,6,-1.3473031550338903,-1.5087801645974768
LOMO,pump,Ridge(poly),pump,20,3.2,7,-1.185589241443123,-1.2444225870536474
LOMO,pump,Ridge(poly),pump,20,3.2,8,-1.0905311593138187,-0.980065009509818
LOMO,pump,Ridge(poly),pump,20,3.6,6,-0.9136579686441707,-1.2417496846756562
LOMO,pump,Ridge(poly),pump,20,3.6,7,-0.7638029515184591,-1.002258513850351
LOMO,pump,Ridge(poly),pump,20,3.6,8,-0.7584086977447001,-0.7627673430250468
LOMO,pump,Ridge(poly),pump,20,4.0,6,-1.0734116600101489,-1.0175174696961267
LOMO,pump,Ridge(poly),pump,20,4.0,7,-0.9729849073839125,-0.8028927055893467
LOMO,pump,Ridge(poly),pump,20,4.0,8,-0.9413879976279637,-0.5882679414825667
LOMO,pump,Ridge(poly),pump,25,0.4,6,-4.691303290827349,-4.572746372623657
LOMO,pump,Ridge(poly),pump,25,0.4,7,-3.845098474308956,-4.136912970517468
LOMO,pump,Ridge(poly),pump,25,0.4,8,-3.250863765219055,-3.701079568411279
LOMO,pump,Ridge(poly),pump,25,0.8,6,-3.9131527516026936,-4.0052886532930945
LOMO,pump,Ridge(poly),pump,25,0.8,7,-3.4230243751008778,-3.59432165790543
LOMO,pump,Ridge(poly),pump,25,0.8,8,-3.151464817381221,-3.1833546625177656
LOMO,pump,Ridge(poly),pump,25,1.2,6,-3.874317086304845,-3.4806291989048237
LOMO,pump,Ridge(poly),pump,25,1.2,7,-3.0180980742478916,-3.094528610235684
LOMO,pump,Ridge(poly),pump,25,1.2,8,-3.11041259769974,-2.708428021566544
LOMO,pump,Ridge(poly),pump,25,1.6,6,-2.5344506017846284,-2.998768009458844
LOMO,pump,Ridge(poly),pump,25,1.6,7,-2.08542996873626,-2.6375338275082285
LOMO,pump,Ridge(poly),pump,25,1.6,8,-1.7556981337788231,-2.2762996455576134
LOMO,pump,Ridge(poly),pump,25,2.0,6,-3.276329286403115,-2.5597050849551546
LOMO,pump,Ridge(poly),pump,25,2.0,7,-2.8420056077940377,-2.223337309723064
LOMO,pump,Ridge(poly),pump,25,2.0,8,-2.530328172825988,-1.8869695344909732
LOMO,pump,Ridge(poly),pump,25,2.4,6,-1.9396383959362578,-2.1634404253937563
LOMO,pump,Ridge(poly),pump,25,2.4,7,-1.5621194852826996,-1.8519390568801903
LOMO,pump,Ridge(poly),pump,25,2.4,8,-1.385597444481243,-1.540437688366624
LOMO,pump,Ridge(poly),pump,25,2.8,6,-1.6287196626257245,-1.809974030774649
LOMO,pump,Ridge(poly),pump,25,2.8,7,-1.3383993094721485,-1.5233390689796074
LOMO,pump,Ridge(poly),pump,25,2.8,8,-1.2222919560616303,-1.2367041071845657
LOMO,pump,Ridge(poly),pump,25,3.2,6,-1.3542428045858068,-1.4993059010978325
LOMO,pump,Ridge(poly),pump,25,3.2,7,-1.1890681992237235,-1.2375373460213153
LOMO,pump,Ridge(poly),pump,25,3.2,8,-1.0978529119917462,-0.9757687909447981
LOMO,pump,Ridge(poly),pump,25,3.6,6,-0.8975114106484399,-1.2314360363633068
LOMO,pump,Ridge(poly),pump,25,3.6,7,-0.746676536027218,-0.9945338880053141
LOMO,pump,Ridge(poly),pump,25,3.6,8,-0.7261957364209292,-0.7576317396473216
LOMO,pump,Ridge(poly),pump,25,4.0,6,-1.0705422449855506,-1.006364436571072
LOMO,pump,Ridge(poly),pump,25,4.0,7,-0.9609112277499408,-0.7943286949316042
LOMO,pump,Ridge(poly),pump,25,4.0,8,-0.9264319378804121,-0.5822929532921364
LOMO,pump,Ridge(poly),pump,30,0.4,6,-4.3902722284270705,-4.569147802812949
LOMO,pump,Ridge(poly),pump,30,0.4,7,-4.6878607412383815,-4.135903423174072
LOMO,pump,Ridge(poly),pump,30,0.4,8,-3.275222932501349,-3.702659043535195
LOMO,pump,Ridge(poly),pump,30,0.8,6,-3.560969048226999,-4.000850698669682
LOMO,pump,Ridge(poly),pump,30,0.8,7,-3.9120447572624624,-3.592472725749329
LOMO,pump,Ridge(poly),pump,30,0.8,8,-3.1290772414327868,-3.184094752828977
LOMO,pump,Ridge(poly),pump,30,1.2,6,-3.9509409892378637,-3.475351859468706
LOMO,pump,Ridge(poly),pump,30,1.2,7,-3.6690062018996525,-3.091840293266878
LOMO,pump,Ridge(poly),pump,30,1.2,8,-2.9193446572606425,-2.70832872706505
LOMO,pump,Ridge(poly),pump,30,1.6,6,-2.623116590279776,-2.9926512852100204
LOMO,pump,Ridge(poly),pump,30,1.6,7,-2.084352745470972,-2.6340061257267173
LOMO,pump,Ridge(poly),pump,30,1.6,8,-1.7892829577312397,-2.275360966243414
LOMO,pump,Ridge(poly),pump,30,2.0,6,-3.4482646325771356,-2.5527489758936257
LOMO,pump,Ridge(poly),pump,30,2.0,7,-2.654765501274814,-2.2189702231288475
LOMO,pump,Ridge(poly),pump,30,2.0,8,-2.4534067540308544,-1.8851914703640686
LOMO,pump,Ridge(poly),pump,30,2.4,6,-1.9446675472258739,-2.1556449315195225
LOMO,pump,Ridge(poly),pump,30,2.4,7,-1.5443786759688785,-1.8467325854732686
LOMO,pump,Ridge(poly),pump,30,2.4,8,-1.364167550191229,-1.5378202394270144
LOMO,pump,Ridge(poly),pump,30,2.8,6,-1.6368808760844933,-1.80133915208771
LOMO,pump,Ridge(poly),pump,30,2.8,7,-1.3392701416647403,-1.5172932127599803
LOMO,pump,Ridge(poly),pump,30,2.8,8,-1.2153242348709055,-1.2332472734322508
LOMO,pump,Ridge(poly),pump,30,3.2,6,-1.3494729561764265,-1.4898316375981882
LOMO,pump,Ridge(poly),pump,30,3.2,7,-1.1758474711411462,-1.230652104988983
LOMO,pump,Ridge(poly),pump,30,3.2,8,-1.074035924838685,-0.9714725723797779
LOMO,pump,Ridge(poly),pump,30,3.6,6,-0.8948339809189286,-1.2211223880509572
LOMO,pump,Ridge(poly),pump,30,3.6,7,-0.7468510702546478,-0.9868092621602764
LOMO,pump,Ridge(poly),pump,30,3.6,8,-0.728869639248368,-0.7524961362695963
LOMO,pump,Ridge(poly),pump,30,4.0,6,-1.0663502617351819,-0.9952114034460171
LOMO,pump,Ridge(poly),pump,30,4.0,7,-0.9664516037991582,-0.7857646842738615
LOMO,pump,Ridge(poly),pump,30,4.0,8,-0.9156060567853214,-0.5763179651017056
LOMO,pump,Ridge(poly),pump,35,0.4,6,-4.691303290827349,-4.5655492330022405
LOMO,pump,Ridge(poly),pump,35,0.4,7,-4.514105457938539,-4.1348938758306755
LOMO,pump,Ridge(poly),pump,35,0.4,8,-3.4727117410016213,-3.7042385186591114
LOMO,pump,Ridge(poly),pump,35,0.8,6,-3.6306041518385914,-3.996412744046268
LOMO,pump,Ridge(poly),pump,35,0.8,7,-3.59328613650758,-3.5906237935932275
LOMO,pump,Ridge(poly),pump,35,0.8,8,-3.035201255169571,-3.1848348431401874
LOMO,pump,Ridge(poly),pump,35,1.2,6,-3.8462034221239003,-3.470074520032587
LOMO,pump,Ridge(poly),pump,35,1.2,7,-3.611014761598481,-3.0891519762980715
LOMO,pump,Ridge(poly),pump,35,1.2,8,-2.9120447572624624,-2.708229432563556
LOMO,pump,Ridge(poly),pump,35,1.6,6,-2.467287651539519,-2.986534560961197
LOMO,pump,Ridge(poly),pump,35,1.6,7,-2.0806017988508256,-2.630478423945206
LOMO,pump,Ridge(poly),pump,35,1.6,8,-1.8457190906753538,-2.274422286929215
LOMO,pump,Ridge(poly),pump,35,2.0,6,-3.348880028148656,-2.5457928668320973
LOMO,pump,Ridge(poly),pump,35,2.0,7,-2.595026100701576,-2.2146031365346306
LOMO,pump,Ridge(poly),pump,35,2.0,8,-2.1932666532519063,-1.8834134062371644
LOMO,pump,Ridge(poly),pump,35,2.4,6,-1.9388680821670696,-2.147849437645289
LOMO,pump,Ridge(poly),pump,35,2.4,7,-1.5587385900052397,-1.8415261140663468
LOMO,pump,Ridge(poly),pump,35,2.4,8,-1.4148845872497535,-1.5352027904874048
LOMO,pump,Ridge(poly),pump,35,2.8,6,-1.6389940701318038,-1.7927042734007708
LOMO,pump,Ridge(poly),pump,35,2.8,7,-1.3268666150240982,-1.5112473565403532
LOMO,pump,Ridge(poly),pump,35,2.8,8,-1.2096141926682262,-1.229790439679936
LOMO,pump,Ridge(poly),pump,35,3.2,6,-1.3375784046082952,-1.480357374098544
LOMO,pump,Ridge(poly),pump,35,3.2,7,-1.1720113943438748,-1.223766863956651
LOMO,pump,Ridge(poly),pump,35,3.2,8,-1.0556180168782245,-0.967176353814758
LOMO,pump,Ridge(poly),pump,35,3.6,6,-0.888391398798405,-1.210808739738608
LOMO,pump,Ridge(poly),pump,35,3.6,7,-0.7450219498443256,-0.9790846363152395
LOMO,pump,Ridge(poly),pump,35,3.6,8,-0.7127246673245137,-0.7473605328918711
LOMO,pump,Ridge(poly),pump,35,4.0,6,-1.0630160264948865,-0.9840583703209627
LOMO,pump,Ridge(poly),pump,35,4.0,7,-0.9529238239664289,-0.777200673616119
LOMO,pump,Ridge(poly),pump,35,4.0,8,-0.9163719832017023,-0.5703429769112753
LOMO,pump,Ridge(poly),pump,40,0.4,6,-4.992333286491331,-4.561950663191533
LOMO,pump,Ridge(poly),pump,40,0.4,7,-3.9120447572624624,-4.13388432848728
LOMO,pump,Ridge(poly),pump,40,0.4,8,-3.2669504683073214,-3.705817993783028
LOMO,pump,Ridge(poly),pump,40,0.8,6,-3.9509409892378637,-3.991974789422855
LOMO,pump,Ridge(poly),pump,40,0.8,7,-3.1918856227488086,-3.588774861437127
LOMO,pump,Ridge(poly),pump,40,0.8,8,-3.00445430560815,-3.1855749334513987
LOMO,pump,Ridge(poly),pump,40,1.2,6,-3.9923332864913306,-3.464797180596469
LOMO,pump,Ridge(poly),pump,40,1.2,7,-3.4349235025427998,-3.086463659329265
LOMO,pump,Ridge(poly),pump,40,1.2,8,-2.838937608972982,-2.708130138062062
LOMO,pump,Ridge(poly),pump,40,1.6,6,-2.4545135111801146,-2.9804178367123733
LOMO,pump,Ridge(poly),pump,40,1.6,7,-2.009407658723836,-2.6269507221636945
LOMO,pump,Ridge(poly),pump,40,1.6,8,-1.7803735656045006,-2.2734836076150153
LOMO,pump,Ridge(poly),pump,40,2.0,6,-3.2214804793167837,-2.5388367577705684
LOMO,pump,Ridge(poly),pump,40,2.0,7,-2.5379076133090006,-2.210236049940414
LOMO,pump,Ridge(poly),pump,40,2.0,8,-2.2735556226091416,-1.8816353421102596
LOMO,pump,Ridge(poly),pump,40,2.4,6,-1.9256334406153337,-2.1400539437710546
LOMO,pump,Ridge(poly),pump,40,2.4,7,-1.5014082798661594,-1.836319642659425
LOMO,pump,Ridge(poly),pump,40,2.4,8,-1.328090685270893,-1.532585341547795
LOMO,pump,Ridge(poly),pump,40,2.8,6,-1.5964814149844586,-1.7840693947138317
LOMO,pump,Ridge(poly),pump,40,2.8,7,-1.299084378090352,-1.5052015003207264
LOMO,pump,Ridge(poly),pump,40,2.8,8,-1.166254471601915,-1.226333605927621
LOMO,pump,Ridge(poly),pump,40,3.2,6,-1.3245993105077052,-1.4708831105988995
LOMO,pump,Ridge(poly),pump,40,3.2,7,-1.131787720318118,-1.2168816229243187
LOMO,pump,Ridge(poly),pump,40,3.2,8,-1.0351536906452585,-0.9628801352497378
LOMO,pump,Ridge(poly),pump,40,3.6,6,-0.8625129616838118,-1.2004950914262582
LOMO,pump,Ridge(poly),pump,40,3.6,7,-0.702999348141384,-0.9713600104702018
LOMO,pump,Ridge(poly),pump,40,3.6,8,-0.7032010325495734,-0.7422249295141459
LOMO,pump,Ridge(poly),pump,40,4.0,6,-1.0637829256592868,-0.972905337195908
LOMO,pump,Ridge(poly),pump,40,4.0,7,-0.937609824516946,-0.7686366629583765
LOMO,pump,Ridge(poly),pump,40,4.0,8,-0.8924440897542729,-0.564367988720845
LOMO,pump,Ridge(poly),pump,45,0.4,6,-4.3902722284270705,-4.558352093380824
LOMO,pump,Ridge(poly),pump,45,0.4,7,-3.815135453602521,-4.132874781143884
LOMO,pump,Ridge(poly),pump,45,0.4,8,-3.4727117410016213,-3.7073974689069438
LOMO,pump,Ridge(poly),pump,45,0.8,6,-3.8462034221239003,-3.9875368347994415
LOMO,pump,Ridge(poly),pump,45,0.8,7,-3.845098474308956,-3.5869259292810254
LOMO,pump,Ridge(poly),pump,45,0.8,8,-2.8978030596298545,-3.18631502376261
LOMO,pump,Ridge(poly),pump,45,1.2,6,-3.6499090540535573,-3.4595198411603505
LOMO,pump,Ridge(poly),pump,45,1.2,7,-3.5440684786449745,-3.0837753423604592
LOMO,pump,Ridge(poly),pump,45,1.2,8,-2.7217129446812933,-2.708030843560568
LOMO,pump,Ridge(poly),pump,45,1.6,6,-2.4777853641969627,-2.97430111246355
LOMO,pump,Ridge(poly),pump,45,1.6,7,-1.9783890196454066,-2.623423020382183
LOMO,pump,Ridge(poly),pump,45,1.6,8,-1.6499885814903548,-2.272544928300816
LOMO,pump,Ridge(poly),pump,45,2.0,6,-3.3021362485770416,-2.53188064870904
LOMO,pump,Ridge(poly),pump,45,2.0,7,-2.5582561758447038,-2.2058689633461976
LOMO,pump,Ridge(poly),pump,45,2.0,8,-1.961435469451713,-1.8798572779833551
LOMO,pump,Ridge(poly),pump,45,2.4,6,-1.8724157977996354,-2.132258449896821
LOMO,pump,Ridge(poly),pump,45,2.4,7,-1.4648869792587227,-1.831113171252503
LOMO,pump,Ridge(poly),pump,45,2.4,8,-1.2465418091455114,-1.5299678926081852
LOMO,pump,Ridge(poly),pump,45,2.8,6,-1.5746940723296812,-1.7754345160268925
LOMO,pump,Ridge(poly),pump,45,2.8,7,-1.255627207927734,-1.4991556441010996
LOMO,pump,Ridge(poly),pump,45,2.8,8,-1.1106982974936896,-1.2228767721753062
LOMO,pump,Ridge(poly),pump,45,3.2,6,-1.2918885705536773,-1.4614088470992554
LOMO,pump,Ridge(poly),pump,45,3.2,7,-1.0938740733693237,-1.2099963818919868
LOMO,pump,Ridge(poly),pump,45,3.2,8,-0.9894498871538145,-0.9585839166847179
LOMO,pump,Ridge(poly),pump,45,3.6,6,-0.8619658578029314,-1.1901814431139086
LOMO,pump,Ridge(poly),pump,45,3.6,7,-0.7064341590702411,-0.9636353846251642
LOMO,pump,Ridge(poly),pump,45,3.6,8,-0.6956150427433561,-0.7370893261364206
LOMO,pump,Ridge(poly),pump,45,4.0,6,-1.0337686005764595,-0.9617523040708535
LOMO,pump,Ridge(poly),pump,45,4.0,7,-0.9417372462882989,-0.7600726523006343
LOMO,pump,Ridge(poly),pump,45,4.0,8,-0.8542847401791613,-0.5583930005304145
LOMO,pump,Ridge(poly),pump,50,0.4,6,-4.293362428766064,-4.554753523570117
LOMO,pump,Ridge(poly),pump,50,0.4,7,-3.991225293963131,-4.131865233800489
LOMO,pump,Ridge(poly),pump,50,0.4,8,-3.6690062018996525,-3.7089769440308604
LOMO,pump,Ridge(poly),pump,50,0.8,6,-3.545174950367045,-3.9830988801760285
LOMO,pump,Ridge(poly),pump,50,0.8,7,-3.139967604636963,-3.585076997124925
LOMO,pump,Ridge(poly),pump,50,0.8,8,-2.5258434919599355,-3.187055114073821
LOMO,pump,Ridge(poly),pump,50,1.2,6,-3.5943924244300454,-3.4542425017242326
LOMO,pump,Ridge(poly),pump,50,1.2,7,-2.908442069278212,-3.081087025391653
LOMO,pump,Ridge(poly),pump,50,1.2,8,-2.452150253040806,-2.7079315490590736
LOMO,pump,Ridge(poly),pump,50,1.6,6,-2.4698887070161946,-2.9681843882147265
LOMO,pump,Ridge(poly),pump,50,1.6,7,-1.9775468833951795,-2.6198953186006717
LOMO,pump,Ridge(poly),pump,50,1.6,8,-1.6624389160785327,-2.271606248986617
LOMO,pump,Ridge(poly),pump,50,2.0,6,-3.348880028148656,-2.524924539647511
LOMO,pump,Ridge(poly),pump,50,2.0,7,-2.4793422603750157,-2.2015018767519807
LOMO,pump,Ridge(poly),pump,50,2.0,8,-1.9120447572624624,-1.8780792138564508
LOMO,pump,Ridge(poly),pump,50,2.4,6,-1.8783876366018775,-2.1244629560225867
LOMO,pump,Ridge(poly),pump,50,2.4,7,-1.4490235923422874,-1.8259066998455815
LOMO,pump,Ridge(poly),pump,50,2.4,8,-1.27388840970666,-1.5273504436685756
LOMO,pump,Ridge(poly),pump,50,2.8,6,-1.5803762916819226,-1.7667996373399535
LOMO,pump,Ridge(poly),pump,50,2.8,7,-1.2505473821872815,-1.4931097878814725
LOMO,pump,Ridge(poly),pump,50,2.8,8,-1.1225814257334263,-1.2194199384229913
LOMO,pump,Ridge(poly),pump,50,3.2,6,-1.2951034125051775,-1.4519345835996111
LOMO,pump,Ridge(poly),pump,50,3.2,7,-1.0965225780501013,-1.2031111408596544
LOMO,pump,Ridge(poly),pump,50,3.2,8,-0.9966428836504543,-0.9542876981196977
LOMO,pump,Ridge(poly),pump,50,3.6,6,-0.8619658578029314,-1.1798677948015595
LOMO,pump,Ridge(poly),pump,50,3.6,7,-0.6912179602021861,-0.955910758780127
LOMO,pump,Ridge(poly),pump,50,3.6,8,-0.6974006970470809,-0.7319537227586954
LOMO,pump,Ridge(poly),pump,50,4.0,6,-1.0427960710367157,-0.9505992709457987
LOMO,pump,Ridge(poly),pump,50,4.0,7,-0.9230757013384617,-0.7515086416428913
LOMO,pump,Ridge(poly),pump,50,4.0,8,-0.8540302004206378,-0.552418012339984
LOMO,pump,Ridge(poly),pump,55,0.4,6,-4.3902722284270705,-4.55115495375941
LOMO,pump,Ridge(poly),pump,55,0.4,7,-3.949832995721284,-4.1308556864570924
LOMO,pump,Ridge(poly),pump,55,0.4,8,-3.0827408530708027,-3.710556419154777
LOMO,pump,Ridge(poly),pump,55,0.8,6,-3.7135794609622215,-3.9786609255526155
LOMO,pump,Ridge(poly),pump,55,0.8,7,-2.887421807594228,-3.5832280649688237
LOMO,pump,Ridge(poly),pump,55,0.8,8,-2.6371180977430186,-3.187795204385032
LOMO,pump,Ridge(poly),pump,55,1.2,6,-3.473818441503689,-3.448965162288114
LOMO,pump,Ridge(poly),pump,55,1.2,7,-2.660812992344431,-3.0783987084228466
LOMO,pump,Ridge(poly),pump,55,1.2,8,-1.970449842285022,-2.7078322545575793
LOMO,pump,Ridge(poly),pump,55,1.6,6,-2.3286318150064176,-2.962067663965903
LOMO,pump,Ridge(poly),pump,55,1.6,7,-1.7967114008048017,-2.61636761681916
LOMO,pump,Ridge(poly),pump,55,1.6,8,-1.3763290283174443,-2.2706675696724177
LOMO,pump,Ridge(poly),pump,55,2.0,6,-2.9753009318745356,-2.5179684305859826
LOMO,pump,Ridge(poly),pump,55,2.0,7,-2.2399471257143153,-2.1971347901577643
LOMO,pump,Ridge(poly),pump,55,2.0,8,-1.4482768240180888,-1.8763011497295463
LOMO,pump,Ridge(poly),pump,55,2.4,6,-1.7232878018935842,-2.116667462148353
LOMO,pump,Ridge(poly),pump,55,2.4,7,-1.3219088417391536,-1.8207002284386595
LOMO,pump,Ridge(poly),pump,55,2.4,8,-1.045560655008234,-1.524732994728966
LOMO,pump,Ridge(poly),pump,55,2.8,6,-1.4089075544758851,-1.7581647586530145
LOMO,pump,Ridge(poly),pump,55,2.8,7,-1.1074512959554583,-1.4870639316618455
LOMO,pump,Ridge(poly),pump,55,2.8,8,-0.9293231743372344,-1.2159631046706765
LOMO,pump,Ridge(poly),pump,55,3.2,6,-1.1756938443463372,-1.4424603200999668
LOMO,pump,Ridge(poly),pump,55,3.2,7,-0.9982316834316167,-1.1962258998273223
LOMO,pump,Ridge(poly),pump,55,3.2,8,-0.8468378295141608,-0.9499914795546776
LOMO,pump,Ridge(poly),pump,55,3.6,6,-0.8151411284291498,-1.1695541464892096
LOMO,pump,Ridge(poly),pump,55,3.6,7,-0.6673959337677035,-0.9481861329350896
LOMO,pump,Ridge(poly),pump,55,3.6,8,-0.633844239408137,-0.7268181193809697
LOMO,pump,Ridge(poly),pump,55,4.0,6,-0.9823282162137721,-0.939446237820744
LOMO,pump,Ridge(poly),pump,55,4.0,7,-0.8341623753098718,-0.7429446309851484
LOMO,pump,Ridge(poly),pump,55,4.0,8,-0.732087082506632,-0.5464430241495533
LOMO,pump,GBM,pump,15,0.4,6,-5.0,-4.9008782031357745
LOMO,pump,GBM,pump,15,0.4,7,-4.292256140843599,-4.147475491139027
LOMO,pump,GBM,pump,15,0.4,8,-3.3577571353193387,-3.649349813019628
LOMO,pump,GBM,pump,15,0.8,6,-4.08924276613091,-3.9787865894110777
LOMO,pump,GBM,pump,15,0.8,7,-3.787106907339487,-3.514744586967802
LOMO,pump,GBM,pump,15,0.8,8,-3.1777207450109,-3.275680582292268
LOMO,pump,GBM,pump,15,1.2,6,-3.870867831827578,-3.7119494978323515
LOMO,pump,GBM,pump,15,1.2,7,-3.6690062018996525,-3.412990338168833
LOMO,pump,GBM,pump,15,1.2,8,-3.0669467172482054,-2.7919363876360945
LOMO,pump,GBM,pump,15,1.6,6,-2.562580832003996,-2.538082152879623
LOMO,pump,GBM,pump,15,1.6,7,-2.0457574905606752,-2.210143543095126
LOMO,pump,GBM,pump,15,1.6,8,-1.8567290727866033,-1.8438290822369197
LOMO,pump,GBM,pump,15,2.0,6,-3.487182241435127,-3.17196686578579
LOMO,pump,GBM,pump,15,2.0,7,-2.728774274004482,-2.5975003409018123
LOMO,pump,GBM,pump,15,2.0,8,-2.4942966489158875,-2.3063117154331096
LOMO,pump,GBM,pump,15,2.4,6,-1.973319680401383,-1.980298798792493
LOMO,pump,GBM,pump,15,2.4,7,-1.5434487478876098,-1.536869324885894
LOMO,pump,GBM,pump,15,2.4,8,-1.401053087875172,-1.3279111429308437
LOMO,pump,GBM,pump,15,2.8,6,-1.614116795599882,-1.6377559389678003
LOMO,pump,GBM,pump,15,2.8,7,-1.325832631572153,-1.3278047356137808
LOMO,pump,GBM,pump,15,2.8,8,-1.254590243504276,-1.1833152926904111
LOMO,pump,GBM,pump,15,3.2,6,-1.351652676458919,-1.3786425792574735
LOMO,pump,GBM,pump,15,3.2,7,-1.1724065285977316,-1.1496008437198313
LOMO,pump,GBM,pump,15,3.2,8,-1.0876477278036376,-1.0819340446960093
LOMO,pump,GBM,pump,15,3.6,6,-0.9149271588688055,-0.9633784007921795
LOMO,pump,GBM,pump,15,3.6,7,-0.7705690307123094,-0.860279613640061
LOMO,pump,GBM,pump,15,3.6,8,-0.771799894134166,-0.8424177088479238
LOMO,pump,GBM,pump,15,4.0,6,-1.0787704241202385,-1.0505207353371337
LOMO,pump,GBM,pump,15,4.0,7,-0.9770852275177909,-0.9474219481850148
LOMO,pump,GBM,pump,15,4.0,8,-0.9489671663010615,-0.9295600433928776
LOMO,pump,GBM,pump,20,0.4,6,-4.515210609457187,-4.9008782031357745
LOMO,pump,GBM,pump,20,0.4,7,-4.934319471943227,-4.147475491139027
LOMO,pump,GBM,pump,20,0.4,8,-3.243037722965555,-3.649349813019628
LOMO,pump,GBM,pump,20,0.8,6,-3.9923332864913306,-3.9787865894110777
LOMO,pump,GBM,pump,20,0.8,7,-3.1219943794368965,-3.514744586967802
LOMO,pump,GBM,pump,20,0.8,8,-3.072147868202236,-3.275680582292268
LOMO,pump,GBM,pump,20,1.2,6,-3.816240605121168,-3.7119494978323515
LOMO,pump,GBM,pump,20,1.2,7,-3.6294980130865357,-3.412990338168833
LOMO,pump,GBM,pump,20,1.2,8,-3.0618071193221224,-2.7919363876360945
LOMO,pump,GBM,pump,20,1.6,6,-2.6139346535564973,-2.538082152879623
LOMO,pump,GBM,pump,20,1.6,7,-2.0340977821449457,-2.210143543095126
LOMO,pump,GBM,pump,20,1.6,8,-1.803704960043046,-1.8438290822369197
LOMO,pump,GBM,pump,20,2.0,6,-3.358864136292462,-3.17196686578579
LOMO,pump,GBM,pump,20,2.0,7,-2.685875652234882,-2.5975003409018123
LOMO,pump,GBM,pump,20,2.0,8,-2.3219088417391536,-2.3063117154331096
LOMO,pump,GBM,pump,20,2.4,6,-1.9597142010675082,-1.997381483968789
LOMO,pump,GBM,pump,20,2.4,7,-1.5745848029316636,-1.55395201006219
LOMO,pump,GBM,pump,20,2.4,8,-1.3777009921572136,-1.3449938281071396
LOMO,pump,GBM,pump,20,2.8,6,-1.6407300374694829,-1.6377559389678003
LOMO,pump,GBM,pump,20,2.8,7,-1.3380132530856295,-1.3278047356137808
LOMO,pump,GBM,pump,20,2.8,8,-1.2457610162782549,-1.1833152926904111
LOMO,pump,GBM,pump,20,3.2,6,-1.3473031550338903,-1.3786425792574735
LOMO,pump,GBM,pump,20,3.2,7,-1.185589241443123,-1.1496008437198313
LOMO,pump,GBM,pump,20,3.2,8,-1.0905311593138187,-1.0819340446960093
LOMO,pump,GBM,pump,20,3.6,6,-0.9136579686441707,-0.9633784007921795
LOMO,pump,GBM,pump,20,3.6,7,-0.7638029515184591,-0.860279613640061
LOMO,pump,GBM,pump,20,3.6,8,-0.7584086977447001,-0.8424177088479238
LOMO,pump,GBM,pump,20,4.0,6,-1.0734116600101489,-1.0505207353371337
LOMO,pump,GBM,pump,20,4.0,7,-0.9729849073839125,-0.9474219481850148
LOMO,pump,GBM,pump,20,4.0,8,-0.9413879976279637,-0.9295600433928776
LOMO,pump,GBM,pump,25,0.4,6,-4.691303290827349,-4.9008782031357745
LOMO,pump,GBM,pump,25,0.4,7,-3.845098474308956,-4.147475491139027
LOMO,pump,GBM,pump,25,0.4,8,-3.250863765219055,-3.649349813019628
LOMO,pump,GBM,pump,25,0.8,6,-3.9131527516026936,-3.9787865894110777
LOMO,pump,GBM,pump,25,0.8,7,-3.4230243751008778,-3.514744586967802
LOMO,pump,GBM,pump,25,0.8,8,-3.151464817381221,-3.275680582292268
LOMO,pump,GBM,pump,25,1.2,6,-3.874317086304845,-3.7119494978323515
LOMO,pump,GBM,pump,25,1.2,7,-3.0180980742478916,-3.412990338168833
LOMO,pump,GBM,pump,25,1.2,8,-3.11041259769974,-2.7919363876360945
LOMO,pump,GBM,pump,25,1.6,6,-2.5344506017846284,-2.538082152879623
LOMO,pump,GBM,pump,25,1.6,7,-2.08542996873626,-2.210143543095126
LOMO,pump,GBM,pump,25,1.6,8,-1.7556981337788231,-1.8438290822369197
LOMO,pump,GBM,pump,25,2.0,6,-3.276329286403115,-3.17196686578579
LOMO,pump,GBM,pump,25,2.0,7,-2.8420056077940377,-2.5975003409018123
LOMO,pump,GBM,pump,25,2.0,8,-2.530328172825988,-2.3233944006094056
LOMO,pump,GBM,pump,25,2.4,6,-1.9396383959362578,-1.997381483968789
LOMO,pump,GBM,pump,25,2.4,7,-1.5621194852826996,-1.55395201006219
LOMO,pump,GBM,pump,25,2.4,8,-1.385597444481243,-1.3449938281071396
LOMO,pump,GBM,pump,25,2.8,6,-1.6287196626257245,-1.6377559389678003
LOMO,pump,GBM,pump,25,2.8,7,-1.3383993094721485,-1.3278047356137808
LOMO,pump,GBM,pump,25,2.8,8,-1.2222919560616303,-1.1833152926904111
LOMO,pump,GBM,pump,25,3.2,6,-1.3542428045858068,-1.3786425792574735
LOMO,pump,GBM,pump,25,3.2,7,-1.1890681992237235,-1.1496008437198313
LOMO,pump,GBM,pump,25,3.2,8,-1.0978529119917462,-1.0819340446960093
LOMO,pump,GBM,pump,25,3.6,6,-0.8975114106484399,-0.9633784007921795
LOMO,pump,GBM,pump,25,3.6,7,-0.746676536027218,-0.860279613640061
LOMO,pump,GBM,pump,25,3.6,8,-0.7261957364209292,-0.8424177088479238
LOMO,pump,GBM,pump,25,4.0,6,-1.0705422449855506,-1.0505207353371337
LOMO,pump,GBM,pump,25,4.0,7,-0.9609112277499408,-0.9474219481850148
LOMO,pump,GBM,pump,25,4.0,8,-0.9264319378804121,-0.9295600433928776
LOMO,pump,GBM,pump,30,0.4,6,-4.3902722284270705,-4.9008782031357745
LOMO,pump,GBM,pump,30,0.4,7,-4.6878607412383815,-4.147475491139027
LOMO,pump,GBM,pump,30,0.4,8,-3.275222932501349,-3.649349813019628
LOMO,pump,GBM,pump,30,0.8,6,-3.560969048226999,-3.9787865894110777
LOMO,pump,GBM,pump,30,0.8,7,-3.9120447572624624,-3.514744586967802
LOMO,pump,GBM,pump,30,0.8,8,-3.1290772414327868,-3.275680582292268
LOMO,pump,GBM,pump,30,1.2,6,-3.9509409892378637,-3.7119494978323515
LOMO,pump,GBM,pump,30,1.2,7,-3.6690062018996525,-3.412990338168833
LOMO,pump,GBM,pump,30,1.2,8,-2.9193446572606425,-2.7919363876360945
LOMO,pump,GBM,pump,30,1.6,6,-2.623116590279776,-2.538082152879623
LOMO,pump,GBM,pump,30,1.6,7,-2.084352745470972,-2.210143543095126
LOMO,pump,GBM,pump,30,1.6,8,-1.7892829577312397,-1.8438290822369197
LOMO,pump,GBM,pump,30,2.0,6,-3.4482646325771356,-3.17196686578579
LOMO,pump,GBM,pump,30,2.0,7,-2.654765501274814,-2.5975003409018123
LOMO,pump,GBM,pump,30,2.0,8,-2.4534067540308544,-2.3233944006094056
LOMO,pump,GBM,pump,30,2.4,6,-1.9446675472258739,-1.997381483968789
LOMO,pump,GBM,pump,30,2.4,7,-1.5443786759688785,-1.55395201006219
LOMO,pump,GBM,pump,30,2.4,8,-1.364167550191229,-1.3449938281071396
LOMO,pump,GBM,pump,30,2.8,6,-1.6368808760844933,-1.6377559389678003
LOMO,pump,GBM,pump,30,2.8,7,-1.3392701416647403,-1.3278047356137808
LOMO,pump,GBM,pump,30,2.8,8,-1.2153242348709055,-1.1833152926904111
LOMO,pump,GBM,pump,30,3.2,6,-1.3494729561764265,-1.3786425792574735
LOMO,pump,GBM,pump,30,3.2,7,-1.1758474711411462,-1.1496008437198313
LOMO,pump,GBM,pump,30,3.2,8,-1.074035924838685,-1.0819340446960093
LOMO,pump,GBM,pump,30,3.6,6,-0.8948339809189286,-0.9633784007921795
LOMO,pump,GBM,pump,30,3.6,7,-0.7468510702546478,-0.860279613640061
LOMO,pump,GBM,pump,30,3.6,8,-0.728869639248368,-0.8424177088479238
LOMO,pump,GBM,pump,30,4.0,6,-1.0663502617351819,-1.0505207353371337
LOMO,pump,GBM,pump,30,4.0,7,-0.9664516037991582,-0.9474219481850148
LOMO,pump,GBM,pump,30,4.0,8,-0.9156060567853214,-0.9295600433928776
LOMO,pump,GBM,pump,35,0.4,6,-4.691303290827349,-4.886406358588604
LOMO,pump,GBM,pump,35,0.4,7,-4.514105457938539,-4.133003646591857
LOMO,pump,GBM,pump,35,0.4,8,-3.4727117410016213,-3.620307959008756
LOMO,pump,GBM,pump,35,0.8,6,-3.6306041518385914,-3.964314744863908
LOMO,pump,GBM,pump,35,0.8,7,-3.59328613650758,-3.500272742420632
LOMO,pump,GBM,pump,35,0.8,8,-3.035201255169571,-3.246638728281396
LOMO,pump,GBM,pump,35,1.2,6,-3.8462034221239003,-3.6974776532851816
LOMO,pump,GBM,pump,35,1.2,7,-3.611014761598481,-3.3985184936216633
LOMO,pump,GBM,pump,35,1.2,8,-2.9120447572624624,-2.7628945336252224
LOMO,pump,GBM,pump,35,1.6,6,-2.467287651539519,-2.5338007641154627
LOMO,pump,GBM,pump,35,1.6,7,-2.0806017988508256,-2.210143543095126
LOMO,pump,GBM,pump,35,1.6,8,-1.8457190906753538,-1.8438290822369197
LOMO,pump,GBM,pump,35,2.0,6,-3.348880028148656,-3.17196686578579
LOMO,pump,GBM,pump,35,2.0,7,-2.595026100701576,-2.5975003409018123
LOMO,pump,GBM,pump,35,2.0,8,-2.1932666532519063,-2.3233944006094056
LOMO,pump,GBM,pump,35,2.4,6,-1.9388680821670696,-1.997381483968789
LOMO,pump,GBM,pump,35,2.4,7,-1.5587385900052397,-1.55395201006219
LOMO,pump,GBM,pump,35,2.4,8,-1.4148845872497535,-1.3449938281071396
LOMO,pump,GBM,pump,35,2.8,6,-1.6389940701318038,-1.6377559389678003
LOMO,pump,GBM,pump,35,2.8,7,-1.3268666150240982,-1.3278047356137808
LOMO,pump,GBM,pump,35,2.8,8,-1.2096141926682262,-1.1833152926904111
LOMO,pump,GBM,pump,35,3.2,6,-1.3375784046082952,-1.3786425792574735
LOMO,pump,GBM,pump,35,3.2,7,-1.1720113943438748,-1.1496008437198313
LOMO,pump,GBM,pump,35,3.2,8,-1.0556180168782245,-1.0819340446960093
LOMO,pump,GBM,pump,35,3.6,6,-0.888391398798405,-0.9633784007921795
LOMO,pump,GBM,pump,35,3.6,7,-0.7450219498443256,-0.860279613640061
LOMO,pump,GBM,pump,35,3.6,8,-0.7127246673245137,-0.8424177088479238
LOMO,pump,GBM,pump,35,4.0,6,-1.0630160264948865,-1.0505207353371337
LOMO,pump,GBM,pump,35,4.0,7,-0.9529238239664289,-0.9474219481850148
LOMO,pump,GBM,pump,35,4.0,8,-0.9163719832017023,-0.9295600433928776
LOMO,pump,GBM,pump,40,0.4,6,-4.992333286491331,-4.886406358588604
LOMO,pump,GBM,pump,40,0.4,7,-3.9120447572624624,-4.118433637128154
LOMO,pump,GBM,pump,40,0.4,8,-3.2669504683073214,-3.620307959008756
LOMO,pump,GBM,pump,40,0.8,6,-3.9509409892378637,-3.964314744863908
LOMO,pump,GBM,pump,40,0.8,7,-3.1918856227488086,-3.4857027329569297
LOMO,pump,GBM,pump,40,0.8,8,-3.00445430560815,-3.246638728281396
LOMO,pump,GBM,pump,40,1.2,6,-3.9923332864913306,-3.6974776532851816
LOMO,pump,GBM,pump,40,1.2,7,-3.4349235025427998,-3.383948484157961
LOMO,pump,GBM,pump,40,1.2,8,-2.838937608972982,-2.7628945336252224
LOMO,pump,GBM,pump,40,1.6,6,-2.4545135111801146,-2.5338007641154627
LOMO,pump,GBM,pump,40,1.6,7,-2.009407658723836,-2.210143543095126
LOMO,pump,GBM,pump,40,1.6,8,-1.7803735656045006,-1.8438290822369197
LOMO,pump,GBM,pump,40,2.0,6,-3.2214804793167837,-3.17196686578579
LOMO,pump,GBM,pump,40,2.0,7,-2.5379076133090006,-2.5975003409018123
LOMO,pump,GBM,pump,40,2.0,8,-2.2735556226091416,-2.3233944006094056
LOMO,pump,GBM,pump,40,2.4,6,-1.9256334406153337,-1.997381483968789
LOMO,pump,GBM,pump,40,2.4,7,-1.5014082798661594,-1.55395201006219
LOMO,pump,GBM,pump,40,2.4,8,-1.328090685270893,-1.3449938281071396
LOMO,pump,GBM,pump,40,2.8,6,-1.5964814149844586,-1.6377559389678003
LOMO,pump,GBM,pump,40,2.8,7,-1.299084378090352,-1.3278047356137808
LOMO,pump,GBM,pump,40,2.8,8,-1.166254471601915,-1.1833152926904111
LOMO,pump,GBM,pump,40,3.2,6,-1.3245993105077052,-1.3786425792574735
LOMO,pump,GBM,pump,40,3.2,7,-1.131787720318118,-1.1496008437198313
LOMO,pump,GBM,pump,40,3.2,8,-1.0351536906452585,-1.0819340446960093
LOMO,pump,GBM,pump,40,3.6,6,-0.8625129616838118,-0.9633784007921795
LOMO,pump,GBM,pump,40,3.6,7,-0.702999348141384,-0.860279613640061
LOMO,pump,GBM,pump,40,3.6,8,-0.7032010325495734,-0.8424177088479238
LOMO,pump,GBM,pump,40,4.0,6,-1.0637829256592868,-1.0505207353371337
LOMO,pump,GBM,pump,40,4.0,7,-0.937609824516946,-0.9474219481850148
LOMO,pump,GBM,pump,40,4.0,8,-0.8924440897542729,-0.9295600433928776
LOMO,pump,GBM,pump,45,0.4,6,-4.3902722284270705,-4.912910818366193
LOMO,pump,GBM,pump,45,0.4,7,-3.815135453602521,-4.144938096905743
LOMO,pump,GBM,pump,45,0.4,8,-3.4727117410016213,-3.620307959008756
LOMO,pump,GBM,pump,45,0.8,6,-3.8462034221239003,-3.964314744863908
LOMO,pump,GBM,pump,45,0.8,7,-3.845098474308956,-3.4857027329569297
LOMO,pump,GBM,pump,45,0.8,8,-2.8978030596298545,-3.246638728281396
LOMO,pump,GBM,pump,45,1.2,6,-3.6499090540535573,-3.6974776532851816
LOMO,pump,GBM,pump,45,1.2,7,-3.5440684786449745,-3.383948484157961
LOMO,pump,GBM,pump,45,1.2,8,-2.7217129446812933,-2.7628945336252224
LOMO,pump,GBM,pump,45,1.6,6,-2.4777853641969627,-2.5338007641154627
LOMO,pump,GBM,pump,45,1.6,7,-1.9783890196454066,-2.210143543095126
LOMO,pump,GBM,pump,45,1.6,8,-1.6499885814903548,-1.8438290822369197
LOMO,pump,GBM,pump,45,2.0,6,-3.3021362485770416,-3.17196686578579
LOMO,pump,GBM,pump,45,2.0,7,-2.5582561758447038,-2.5975003409018123
LOMO,pump,GBM,pump,45,2.0,8,-1.961435469451713,-2.3233944006094056
LOMO,pump,GBM,pump,45,2.4,6,-1.8724157977996354,-1.997381483968789
LOMO,pump,GBM,pump,45,2.4,7,-1.4648869792587227,-1.55395201006219
LOMO,pump,GBM,pump,45,2.4,8,-1.2465418091455114,-1.3449938281071396
LOMO,pump,GBM,pump,45,2.8,6,-1.5746940723296812,-1.6377559389678003
LOMO,pump,GBM,pump,45,2.8,7,-1.255627207927734,-1.3278047356137808
LOMO,pump,GBM,pump,45,2.8,8,-1.1106982974936896,-1.1833152926904111
LOMO,pump,GBM,pump,45,3.2,6,-1.2918885705536773,-1.3786425792574735
LOMO,pump,GBM,pump,45,3.2,7,-1.0938740733693237,-1.1496008437198313
LOMO,pump,GBM,pump,45,3.2,8,-0.9894498871538145,-1.0819340446960093
LOMO,pump,GBM,pump,45,3.6,6,-0.8619658578029314,-0.9633784007921795
LOMO,pump,GBM,pump,45,3.6,7,-0.7064341590702411,-0.860279613640061
LOMO,pump,GBM,pump,45,3.6,8,-0.6956150427433561,-0.8424177088479238
LOMO,pump,GBM,pump,45,4.0,6,-1.0337686005764595,-1.0505207353371337
LOMO,pump,GBM,pump,45,4.0,7,-0.9417372462882989,-0.9474219481850148
LOMO,pump,GBM,pump,45,4.0,8,-0.8542847401791613,-0.9295600433928776
LOMO,pump,GBM,pump,50,0.4,6,-4.293362428766064,-4.89834080890249
LOMO,pump,GBM,pump,50,0.4,7,-3.991225293963131,-4.144938096905743
LOMO,pump,GBM,pump,50,0.4,8,-3.6690062018996525,-3.7470148758386417
LOMO,pump,GBM,pump,50,0.8,6,-3.545174950367045,-3.9497447354002055
LOMO,pump,GBM,pump,50,0.8,7,-3.139967604636963,-3.4857027329569297
LOMO,pump,GBM,pump,50,0.8,8,-2.5258434919599355,-3.2526566887953523
LOMO,pump,GBM,pump,50,1.2,6,-3.5943924244300454,-3.6829076438214794
LOMO,pump,GBM,pump,50,1.2,7,-2.908442069278212,-3.383948484157961
LOMO,pump,GBM,pump,50,1.2,8,-2.452150253040806,-2.7689124941391787
LOMO,pump,GBM,pump,50,1.6,6,-2.4698887070161946,-2.5338007641154627
LOMO,pump,GBM,pump,50,1.6,7,-1.9775468833951795,-2.210143543095126
LOMO,pump,GBM,pump,50,1.6,8,-1.6624389160785327,-1.849847042750876
LOMO,pump,GBM,pump,50,2.0,6,-3.348880028148656,-3.17196686578579
LOMO,pump,GBM,pump,50,2.0,7,-2.4793422603750157,-2.5975003409018123
LOMO,pump,GBM,pump,50,2.0,8,-1.9120447572624624,-2.329412361123362
LOMO,pump,GBM,pump,50,2.4,6,-1.8783876366018775,-1.997381483968789
LOMO,pump,GBM,pump,50,2.4,7,-1.4490235923422874,-1.55395201006219
LOMO,pump,GBM,pump,50,2.4,8,-1.27388840970666,-1.351011788621096
LOMO,pump,GBM,pump,50,2.8,6,-1.5803762916819226,-1.6377559389678003
LOMO,pump,GBM,pump,50,2.8,7,-1.2505473821872815,-1.3278047356137808
LOMO,pump,GBM,pump,50,2.8,8,-1.1225814257334263,-1.1893332532043674
LOMO,pump,GBM,pump,50,3.2,6,-1.2951034125051775,-1.3786425792574735
LOMO,pump,GBM,pump,50,3.2,7,-1.0965225780501013,-1.1496008437198313
LOMO,pump,GBM,pump,50,3.2,8,-0.9966428836504543,-1.0879520052099656
LOMO,pump,GBM,pump,50,3.6,6,-0.8619658578029314,-0.9633784007921795
LOMO,pump,GBM,pump,50,3.6,7,-0.6912179602021861,-0.860279613640061
LOMO,pump,GBM,pump,50,3.6,8,-0.6974006970470809,-0.8484356693618802
LOMO,pump,GBM,pump,50,4.0,6,-1.0427960710367157,-1.0505207353371337
LOMO,pump,GBM,pump,50,4.0,7,-0.9230757013384617,-0.9474219481850148
LOMO,pump,GBM,pump,50,4.0,8,-0.8540302004206378,-0.935578003906834
LOMO,pump,GBM,pump,55,0.4,6,-4.3902722284270705,-4.576194540438167
LOMO,pump,GBM,pump,55,0.4,7,-3.949832995721284,-4.031355116167469
LOMO,pump,GBM,pump,55,0.4,8,-3.0827408530708027,-3.4087966558922274
LOMO,pump,GBM,pump,55,0.8,6,-3.7135794609622215,-3.6938579735357697
LOMO,pump,GBM,pump,55,0.8,7,-2.887421807594228,-3.2435298192584296
LOMO,pump,GBM,pump,55,0.8,8,-2.6371180977430186,-2.9826967616903497
LOMO,pump,GBM,pump,55,1.2,6,-3.473818441503689,-3.524673270542776
LOMO,pump,GBM,pump,55,1.2,7,-2.660812992344431,-3.2257141108792577
LOMO,pump,GBM,pump,55,1.2,8,-1.970449842285022,-2.5067318379682617
LOMO,pump,GBM,pump,55,1.6,6,-2.3286318150064176,-2.5083740577227207
LOMO,pump,GBM,pump,55,1.6,7,-1.7967114008048017,-2.199358684600308
LOMO,pump,GBM,pump,55,1.6,8,-1.3763290283174443,-1.8330442237421012
LOMO,pump,GBM,pump,55,2.0,6,-2.9753009318745356,-3.161182007290972
LOMO,pump,GBM,pump,55,2.0,7,-2.2399471257143153,-2.5867154824069942
LOMO,pump,GBM,pump,55,2.0,8,-1.4482768240180888,-2.3126095421145876
LOMO,pump,GBM,pump,55,2.4,6,-1.7232878018935842,-1.9865966254739704
LOMO,pump,GBM,pump,55,2.4,7,-1.3219088417391536,-1.5431671515673715
LOMO,pump,GBM,pump,55,2.4,8,-1.045560655008234,-1.3342089696123212
LOMO,pump,GBM,pump,55,2.8,6,-1.4089075544758851,-1.6269710804729818
LOMO,pump,GBM,pump,55,2.8,7,-1.1074512959554583,-1.3170198771189623
LOMO,pump,GBM,pump,55,2.8,8,-0.9293231743372344,-1.1725304341955927
LOMO,pump,GBM,pump,55,3.2,6,-1.1756938443463372,-1.367857720762655
LOMO,pump,GBM,pump,55,3.2,7,-0.9982316834316167,-1.1388159852250128
LOMO,pump,GBM,pump,55,3.2,8,-0.8468378295141608,-1.0711491862011908
LOMO,pump,GBM,pump,55,3.6,6,-0.8151411284291498,-0.9630163934269566
LOMO,pump,GBM,pump,55,3.6,7,-0.6673959337677035,-0.859917606274838
LOMO,pump,GBM,pump,55,3.6,8,-0.633844239408137,-0.8420557014827008
LOMO,pump,GBM,pump,55,4.0,6,-0.9823282162137721,-1.0501587279719107
LOMO,pump,GBM,pump,55,4.0,7,-0.8341623753098718,-0.9470599408197918
LOMO,pump,GBM,pump,55,4.0,8,-0.732087082506632,-0.9291980360276546
LOMO,pump,MLP,pump,15,0.4,6,-5.0,-4.825723826707034
LOMO,pump,MLP,pump,15,0.4,7,-4.292256140843599,-4.288152260254858
LOMO,pump,MLP,pump,15,0.4,8,-3.3577571353193387,-3.8562432498435726
LOMO,pump,MLP,pump,15,0.8,6,-4.08924276613091,-4.35291027191799
LOMO,pump,MLP,pump,15,0.8,7,-3.787106907339487,-3.7920530497929996
LOMO,pump,MLP,pump,15,0.8,8,-3.1777207450109,-3.3875945955065396
LOMO,pump,MLP,pump,15,1.2,6,-3.870867831827578,-3.8334507998030856
LOMO,pump,MLP,pump,15,1.2,7,-3.6690062018996525,-3.2814785451080164
LOMO,pump,MLP,pump,15,1.2,8,-3.0669467172482054,-2.930738976434213
LOMO,pump,MLP,pump,15,1.6,6,-2.562580832003996,-3.308541686726627
LOMO,pump,MLP,pump,15,1.6,7,-2.0457574905606752,-2.7586304206126626
LOMO,pump,MLP,pump,15,1.6,8,-1.8567290727866033,-2.4942021062541024
LOMO,pump,MLP,pump,15,2.0,6,-3.487182241435127,-2.8297374950765386
LOMO,pump,MLP,pump,15,2.0,7,-2.728774274004482,-2.2986816864278676
LOMO,pump,MLP,pump,15,2.0,8,-2.4942966489158875,-2.0151226594358427
LOMO,pump,MLP,pump,15,2.4,6,-1.973319680401383,-2.4055867347045825
LOMO,pump,MLP,pump,15,2.4,7,-1.5434487478876098,-1.856337767226811
LOMO,pump,MLP,pump,15,2.4,8,-1.401053087875172,-1.5548908374271093
LOMO,pump,MLP,pump,15,2.8,6,-1.614116795599882,-2.0258510809172305
LOMO,pump,MLP,pump,15,2.8,7,-1.325832631572153,-1.432175162044009
LOMO,pump,MLP,pump,15,2.8,8,-1.254590243504276,-1.2292403581574969
LOMO,pump,MLP,pump,15,3.2,6,-1.351652676458919,-1.624969187823563
LOMO,pump,MLP,pump,15,3.2,7,-1.1724065285977316,-1.0686903588575023
LOMO,pump,MLP,pump,15,3.2,8,-1.0876477278036376,-1.0796379179641071
LOMO,pump,MLP,pump,15,3.6,6,-0.9149271588688055,-1.2571835431821738
LOMO,pump,MLP,pump,15,3.6,7,-0.7705690307123094,-0.8672055287072375
LOMO,pump,MLP,pump,15,3.6,8,-0.771799894134166,-0.9969862489512282
LOMO,pump,MLP,pump,15,4.0,6,-1.0787704241202385,-1.0006877251126618
LOMO,pump,MLP,pump,15,4.0,7,-0.9770852275177909,-0.789247233604031
LOMO,pump,MLP,pump,15,4.0,8,-0.9489671663010615,-0.9252089117751985
LOMO,pump,MLP,pump,20,0.4,6,-4.515210609457187,-4.805589514913997
LOMO,pump,MLP,pump,20,0.4,7,-4.934319471943227,-4.2732341687746835
LOMO,pump,MLP,pump,20,0.4,8,-3.243037722965555,-3.9019786245407526
LOMO,pump,MLP,pump,20,0.8,6,-3.9923332864913306,-4.3369271159090825
LOMO,pump,MLP,pump,20,0.8,7,-3.1219943794368965,-3.7625118897357033
LOMO,pump,MLP,pump,20,0.8,8,-3.072147868202236,-3.4203488952527956
LOMO,pump,MLP,pump,20,1.2,6,-3.816240605121168,-3.836646206032532
LOMO,pump,MLP,pump,20,1.2,7,-3.6294980130865357,-3.262393136480095
LOMO,pump,MLP,pump,20,1.2,8,-3.0618071193221224,-2.9029507011189417
LOMO,pump,MLP,pump,20,1.6,6,-2.6139346535564973,-3.311527259040323
LOMO,pump,MLP,pump,20,1.6,7,-2.0340977821449457,-2.7510964907226945
LOMO,pump,MLP,pump,20,1.6,8,-1.803704960043046,-2.409526534132215
LOMO,pump,MLP,pump,20,2.0,6,-3.358864136292462,-2.813384789825027
LOMO,pump,MLP,pump,20,2.0,7,-2.685875652234882,-2.248596439033404
LOMO,pump,MLP,pump,20,2.0,8,-2.3219088417391536,-1.9353218369032799
LOMO,pump,MLP,pump,20,2.4,6,-1.9597142010675082,-2.367864261415242
LOMO,pump,MLP,pump,20,2.4,7,-1.5745848029316636,-1.8023828572507596
LOMO,pump,MLP,pump,20,2.4,8,-1.3777009921572136,-1.5446139940450174
LOMO,pump,MLP,pump,20,2.8,6,-1.6407300374694829,-1.9443942307424373
LOMO,pump,MLP,pump,20,2.8,7,-1.3380132530856295,-1.3614979440640442
LOMO,pump,MLP,pump,20,2.8,8,-1.2457610162782549,-1.2902480330097548
LOMO,pump,MLP,pump,20,3.2,6,-1.3473031550338903,-1.5325049959584987
LOMO,pump,MLP,pump,20,3.2,7,-1.185589241443123,-1.0510814933304815
LOMO,pump,MLP,pump,20,3.2,8,-1.0905311593138187,-1.1423100538191866
LOMO,pump,MLP,pump,20,3.6,6,-0.9136579686441707,-1.175228465416181
LOMO,pump,MLP,pump,20,3.6,7,-0.7638029515184591,-0.9176628547102366
LOMO,pump,MLP,pump,20,3.6,8,-0.7584086977447001,-1.0173938184580094
LOMO,pump,MLP,pump,20,4.0,6,-1.0734116600101489,-1.0304324763642705
LOMO,pump,MLP,pump,20,4.0,7,-0.9729849073839125,-0.8596094557713548
LOMO,pump,MLP,pump,20,4.0,8,-0.9413879976279637,-0.9479637672007291
LOMO,pump,MLP,pump,25,0.4,6,-4.691303290827349,-4.8399859345068625
LOMO,pump,MLP,pump,25,0.4,7,-3.845098474308956,-4.242962694053343
LOMO,pump,MLP,pump,25,0.4,8,-3.250863765219055,-3.8771263881188758
LOMO,pump,MLP,pump,25,0.8,6,-3.9131527516026936,-4.364545238337022
LOMO,pump,MLP,pump,25,0.8,7,-3.4230243751008778,-3.7502912235090937
LOMO,pump,MLP,pump,25,0.8,8,-3.151464817381221,-3.4018426556257384
LOMO,pump,MLP,pump,25,1.2,6,-3.874317086304845,-3.8881556738298335
LOMO,pump,MLP,pump,25,1.2,7,-3.0180980742478916,-3.266623868270434
LOMO,pump,MLP,pump,25,1.2,8,-3.11041259769974,-2.882667227562203
LOMO,pump,MLP,pump,25,1.6,6,-2.5344506017846284,-3.321476837390053
LOMO,pump,MLP,pump,25,1.6,7,-2.08542996873626,-2.7662014628544873
LOMO,pump,MLP,pump,25,1.6,8,-1.7556981337788231,-2.340096983477314
LOMO,pump,MLP,pump,25,2.0,6,-3.276329286403115,-2.804157876944488
LOMO,pump,MLP,pump,25,2.0,7,-2.8420056077940377,-2.222340318664476
LOMO,pump,MLP,pump,25,2.0,8,-2.530328172825988,-1.873471667542146
LOMO,pump,MLP,pump,25,2.4,6,-1.9396383959362578,-2.335805958517989
LOMO,pump,MLP,pump,25,2.4,7,-1.5621194852826996,-1.7579966744865285
LOMO,pump,MLP,pump,25,2.4,8,-1.385597444481243,-1.540949081752253
LOMO,pump,MLP,pump,25,2.8,6,-1.6287196626257245,-1.918066501367924
LOMO,pump,MLP,pump,25,2.8,7,-1.3383993094721485,-1.3274247440433302
LOMO,pump,MLP,pump,25,2.8,8,-1.2222919560616303,-1.349987662202422
LOMO,pump,MLP,pump,25,3.2,6,-1.3542428045858068,-1.4863244267219116
LOMO,pump,MLP,pump,25,3.2,7,-1.1890681992237235,-1.1150347973921397
LOMO,pump,MLP,pump,25,3.2,8,-1.0978529119917462,-1.1781687133130625
LOMO,pump,MLP,pump,25,3.6,6,-0.8975114106484399,-1.152423467342888
LOMO,pump,MLP,pump,25,3.6,7,-0.746676536027218,-0.9931908378064926
LOMO,pump,MLP,pump,25,3.6,8,-0.7261957364209292,-1.0496299917176022
LOMO,pump,MLP,pump,25,4.0,6,-1.0705422449855506,-1.024419245783583
LOMO,pump,MLP,pump,25,4.0,7,-0.9609112277499408,-0.9100189468167785
LOMO,pump,MLP,pump,25,4.0,8,-0.9264319378804121,-0.99439681594013
LOMO,pump,MLP,pump,30,0.4,6,-4.3902722284270705,-4.8175461235283485
LOMO,pump,MLP,pump,30,0.4,7,-4.6878607412383815,-4.136258740548097
LOMO,pump,MLP,pump,30,0.4,8,-3.275222932501349,-3.7602114977538066
LOMO,pump,MLP,pump,30,0.8,6,-3.560969048226999,-4.332516606034138
LOMO,pump,MLP,pump,30,0.8,7,-3.9120447572624624,-3.6799033486788493
LOMO,pump,MLP,pump,30,0.8,8,-3.1290772414327868,-3.2804880487620385
LOMO,pump,MLP,pump,30,1.2,6,-3.9509409892378637,-3.848196173525607
LOMO,pump,MLP,pump,30,1.2,7,-3.6690062018996525,-3.2185731635337613
LOMO,pump,MLP,pump,30,1.2,8,-2.9193446572606425,-2.7486070129051536
LOMO,pump,MLP,pump,30,1.6,6,-2.623116590279776,-3.3561503941034974
LOMO,pump,MLP,pump,30,1.6,7,-2.084352745470972,-2.7375215240186908
LOMO,pump,MLP,pump,30,1.6,8,-1.7892829577312397,-2.2154828301192655
LOMO,pump,MLP,pump,30,2.0,6,-3.4482646325771356,-2.8085999343998416
LOMO,pump,MLP,pump,30,2.0,7,-2.654765501274814,-2.2098450961486815
LOMO,pump,MLP,pump,30,2.0,8,-2.4534067540308544,-1.7505218729227854
LOMO,pump,MLP,pump,30,2.4,6,-1.9446675472258739,-2.272597084427123
LOMO,pump,MLP,pump,30,2.4,7,-1.5443786759688785,-1.7428362482874775
LOMO,pump,MLP,pump,30,2.4,8,-1.364167550191229,-1.4921120840296649
LOMO,pump,MLP,pump,30,2.8,6,-1.6368808760844933,-1.8657636287974604
LOMO,pump,MLP,pump,30,2.8,7,-1.3392701416647403,-1.3291156385198184
LOMO,pump,MLP,pump,30,2.8,8,-1.2153242348709055,-1.299387792634716
LOMO,pump,MLP,pump,30,3.2,6,-1.3494729561764265,-1.4261639106638013
LOMO,pump,MLP,pump,30,3.2,7,-1.1758474711411462,-1.1998126153332143
LOMO,pump,MLP,pump,30,3.2,8,-1.074035924838685,-1.1362874943779844
LOMO,pump,MLP,pump,30,3.6,6,-0.8948339809189286,-1.185665809610359
LOMO,pump,MLP,pump,30,3.6,7,-0.7468510702546478,-1.097807649618732
LOMO,pump,MLP,pump,30,3.6,8,-0.728869639248368,-1.059542696958914
LOMO,pump,MLP,pump,30,4.0,6,-1.0663502617351819,-1.0305788075765967
LOMO,pump,MLP,pump,30,4.0,7,-0.9664516037991582,-1.0060398312877077
LOMO,pump,MLP,pump,30,4.0,8,-0.9156060567853214,-0.9979112456412478
LOMO,pump,MLP,pump,35,0.4,6,-4.691303290827349,-4.804855361967633
LOMO,pump,MLP,pump,35,0.4,7,-4.514105457938539,-4.04020601960046
LOMO,pump,MLP,pump,35,0.4,8,-3.4727117410016213,-3.6148294371354726
LOMO,pump,MLP,pump,35,0.8,6,-3.6306041518385914,-4.305972449639828
LOMO,pump,MLP,pump,35,0.8,7,-3.59328613650758,-3.602532569918496
LOMO,pump,MLP,pump,35,0.8,8,-3.035201255169571,-3.135047976770976
LOMO,pump,MLP,pump,35,1.2,6,-3.8462034221239003,-3.7906275429079956
LOMO,pump,MLP,pump,35,1.2,7,-3.611014761598481,-3.1353307548796505
LOMO,pump,MLP,pump,35,1.2,8,-2.9120447572624624,-2.6634031001641056
LOMO,pump,MLP,pump,35,1.6,6,-2.467287651539519,-3.296056729395578
LOMO,pump,MLP,pump,35,1.6,7,-2.0806017988508256,-2.636609953291074
LOMO,pump,MLP,pump,35,1.6,8,-1.8457190906753538,-2.1455972527233507
LOMO,pump,MLP,pump,35,2.0,6,-3.348880028148656,-2.8046973149321954
LOMO,pump,MLP,pump,35,2.0,7,-2.595026100701576,-2.140961088698696
LOMO,pump,MLP,pump,35,2.0,8,-2.1932666532519063,-1.6820619083656851
LOMO,pump,MLP,pump,35,2.4,6,-1.9388680821670696,-2.2834773970813753
LOMO,pump,MLP,pump,35,2.4,7,-1.5587385900052397,-1.6656975162423968
LOMO,pump,MLP,pump,35,2.4,8,-1.4148845872497535,-1.524016201434024
LOMO,pump,MLP,pump,35,2.8,6,-1.6389940701318038,-1.835557747682077
LOMO,pump,MLP,pump,35,2.8,7,-1.3268666150240982,-1.3593062594571326
LOMO,pump,MLP,pump,35,2.8,8,-1.2096141926682262,-1.3273008819188747
LOMO,pump,MLP,pump,35,3.2,6,-1.3375784046082952,-1.3696188775017148
LOMO,pump,MLP,pump,35,3.2,7,-1.1720113943438748,-1.2425377209939223
LOMO,pump,MLP,pump,35,3.2,8,-1.0556180168782245,-1.1622966468846827
LOMO,pump,MLP,pump,35,3.6,6,-0.888391398798405,-1.18720038179159
LOMO,pump,MLP,pump,35,3.6,7,-0.7450219498443256,-1.1153967235780258
LOMO,pump,MLP,pump,35,3.6,8,-0.7127246673245137,-1.0522009806855435
LOMO,pump,MLP,pump,35,4.0,6,-1.0630160264948865,-0.9958560674484707
LOMO,pump,MLP,pump,35,4.0,7,-0.9529238239664289,-0.9682379180032041
LOMO,pump,MLP,pump,35,4.0,8,-0.9163719832017023,-0.9403899422421256
LOMO,pump,MLP,pump,40,0.4,6,-4.992333286491331,-4.793647999803105
LOMO,pump,MLP,pump,40,0.4,7,-3.9120447572624624,-4.040699119685064
LOMO,pump,MLP,pump,40,0.4,8,-3.2669504683073214,-3.5828208537655217
LOMO,pump,MLP,pump,40,0.8,6,-3.9509409892378637,-4.273502307643232
LOMO,pump,MLP,pump,40,0.8,7,-3.1918856227488086,-3.5902553503947976
LOMO,pump,MLP,pump,40,0.8,8,-3.00445430560815,-3.1341807336598193
LOMO,pump,MLP,pump,40,1.2,6,-3.9923332864913306,-3.741153268530382
LOMO,pump,MLP,pump,40,1.2,7,-3.4349235025427998,-3.1317912934532894
LOMO,pump,MLP,pump,40,1.2,8,-2.838937608972982,-2.669526120038785
LOMO,pump,MLP,pump,40,1.6,6,-2.4545135111801146,-3.234585034078654
LOMO,pump,MLP,pump,40,1.6,7,-2.009407658723836,-2.604209831799196
LOMO,pump,MLP,pump,40,1.6,8,-1.7803735656045006,-2.1741977885416914
LOMO,pump,MLP,pump,40,2.0,6,-3.2214804793167837,-2.7880334301125393
LOMO,pump,MLP,pump,40,2.0,7,-2.5379076133090006,-2.122811064114581
LOMO,pump,MLP,pump,40,2.0,8,-2.2735556226091416,-1.8019216768831188
LOMO,pump,MLP,pump,40,2.4,6,-1.9256334406153337,-2.3213622005740793
LOMO,pump,MLP,pump,40,2.4,7,-1.5014082798661594,-1.6654001926880453
LOMO,pump,MLP,pump,40,2.4,8,-1.328090685270893,-1.6144047404789672
LOMO,pump,MLP,pump,40,2.8,6,-1.5964814149844586,-1.8019877126719648
LOMO,pump,MLP,pump,40,2.8,7,-1.299084378090352,-1.3705325221558633
LOMO,pump,MLP,pump,40,2.8,8,-1.166254471601915,-1.3963059532512432
LOMO,pump,MLP,pump,40,3.2,6,-1.3245993105077052,-1.3657495754142184
LOMO,pump,MLP,pump,40,3.2,7,-1.131787720318118,-1.1904070069606152
LOMO,pump,MLP,pump,40,3.2,8,-1.0351536906452585,-1.1654760283540793
LOMO,pump,MLP,pump,40,3.6,6,-0.8625129616838118,-1.119278337223688
LOMO,pump,MLP,pump,40,3.6,7,-0.702999348141384,-1.0244251533437725
LOMO,pump,MLP,pump,40,3.6,8,-0.7032010325495734,-1.0088639815373188
LOMO,pump,MLP,pump,40,4.0,6,-1.0637829256592868,-0.9304748534652219
LOMO,pump,MLP,pump,40,4.0,7,-0.937609824516946,-0.8701491523600942
LOMO,pump,MLP,pump,40,4.0,8,-0.8924440897542729,-0.8958279253402525
LOMO,pump,MLP,pump,45,0.4,6,-4.3902722284270705,-4.732123610110383
LOMO,pump,MLP,pump,45,0.4,7,-3.815135453602521,-4.096616467625552
LOMO,pump,MLP,pump,45,0.4,8,-3.4727117410016213,-3.645021482838111
LOMO,pump,MLP,pump,45,0.8,6,-3.8462034221239003,-4.218994152166284
LOMO,pump,MLP,pump,45,0.8,7,-3.845098474308956,-3.665861556722606
LOMO,pump,MLP,pump,45,0.8,8,-2.8978030596298545,-3.178886903788688
LOMO,pump,MLP,pump,45,1.2,6,-3.6499090540535573,-3.703475054677161
LOMO,pump,MLP,pump,45,1.2,7,-3.5440684786449745,-3.1972919216594415
LOMO,pump,MLP,pump,45,1.2,8,-2.7217129446812933,-2.700243483253289
LOMO,pump,MLP,pump,45,1.6,6,-2.4777853641969627,-3.219991889673682
LOMO,pump,MLP,pump,45,1.6,7,-1.9783890196454066,-2.67155724735621
LOMO,pump,MLP,pump,45,1.6,8,-1.6499885814903548,-2.2488979399722515
LOMO,pump,MLP,pump,45,2.0,6,-3.3021362485770416,-2.8576797552446407
LOMO,pump,MLP,pump,45,2.0,7,-2.5582561758447038,-2.1779629256618898
LOMO,pump,MLP,pump,45,2.0,8,-1.961435469451713,-1.861688797321814
LOMO,pump,MLP,pump,45,2.4,6,-1.8724157977996354,-2.360326977276202
LOMO,pump,MLP,pump,45,2.4,7,-1.4648869792587227,-1.6901574609032883
LOMO,pump,MLP,pump,45,2.4,8,-1.2465418091455114,-1.5870525853711066
LOMO,pump,MLP,pump,45,2.8,6,-1.5746940723296812,-1.796261466525429
LOMO,pump,MLP,pump,45,2.8,7,-1.255627207927734,-1.336428058430042
LOMO,pump,MLP,pump,45,2.8,8,-1.1106982974936896,-1.3470470031195467
LOMO,pump,MLP,pump,45,3.2,6,-1.2918885705536773,-1.3822051807949425
LOMO,pump,MLP,pump,45,3.2,7,-1.0938740733693237,-1.1196062388031092
LOMO,pump,MLP,pump,45,3.2,8,-0.9894498871538145,-1.1292278973426013
LOMO,pump,MLP,pump,45,3.6,6,-0.8619658578029314,-1.1645719248390076
LOMO,pump,MLP,pump,45,3.6,7,-0.7064341590702411,-0.9724056034557969
LOMO,pump,MLP,pump,45,3.6,8,-0.6956150427433561,-0.9739958432429892
LOMO,pump,MLP,pump,45,4.0,6,-1.0337686005764595,-0.9805075686611067
LOMO,pump,MLP,pump,45,4.0,7,-0.9417372462882989,-0.8430520146157148
LOMO,pump,MLP,pump,45,4.0,8,-0.8542847401791613,-0.8553958247485021
LOMO,pump,MLP,pump,50,0.4,6,-4.293362428766064,-4.666938182423784
LOMO,pump,MLP,pump,50,0.4,7,-3.991225293963131,-4.129350909427651
LOMO,pump,MLP,pump,50,0.4,8,-3.6690062018996525,-3.743750787401329
LOMO,pump,MLP,pump,50,0.8,6,-3.545174950367045,-4.188781868372185
LOMO,pump,MLP,pump,50,0.8,7,-3.139967604636963,-3.6876011480171575
LOMO,pump,MLP,pump,50,0.8,8,-2.5258434919599355,-3.253413196526403
LOMO,pump,MLP,pump,50,1.2,6,-3.5943924244300454,-3.721413637231749
LOMO,pump,MLP,pump,50,1.2,7,-2.908442069278212,-3.2118809878199377
LOMO,pump,MLP,pump,50,1.2,8,-2.452150253040806,-2.765015789544963
LOMO,pump,MLP,pump,50,1.6,6,-2.4698887070161946,-3.225161988128676
LOMO,pump,MLP,pump,50,1.6,7,-1.9775468833951795,-2.7252812016812817
LOMO,pump,MLP,pump,50,1.6,8,-1.6624389160785327,-2.3019111109517865
LOMO,pump,MLP,pump,50,2.0,6,-3.348880028148656,-2.8653409909603407
LOMO,pump,MLP,pump,50,2.0,7,-2.4793422603750157,-2.222542023730636
LOMO,pump,MLP,pump,50,2.0,8,-1.9120447572624624,-1.863017873485202
LOMO,pump,MLP,pump,50,2.4,6,-1.8783876366018775,-2.3140825048119633
LOMO,pump,MLP,pump,50,2.4,7,-1.4490235923422874,-1.7273992327153136
LOMO,pump,MLP,pump,50,2.4,8,-1.27388840970666,-1.5743422148627142
LOMO,pump,MLP,pump,50,2.8,6,-1.5803762916819226,-1.7458996408656688
LOMO,pump,MLP,pump,50,2.8,7,-1.2505473821872815,-1.327962137435053
LOMO,pump,MLP,pump,50,2.8,8,-1.1225814257334263,-1.2939214544672706
LOMO,pump,MLP,pump,50,3.2,6,-1.2951034125051775,-1.3971830887783638
LOMO,pump,MLP,pump,50,3.2,7,-1.0965225780501013,-1.128915396969544
LOMO,pump,MLP,pump,50,3.2,8,-0.9966428836504543,-1.1172224295893718
LOMO,pump,MLP,pump,50,3.6,6,-0.8619658578029314,-1.1758942289709275
LOMO,pump,MLP,pump,50,3.6,7,-0.6912179602021861,-0.9847248384810103
LOMO,pump,MLP,pump,50,3.6,8,-0.6974006970470809,-0.9527071668981504
LOMO,pump,MLP,pump,50,4.0,6,-1.0427960710367157,-0.9904795037473062
LOMO,pump,MLP,pump,50,4.0,7,-0.9230757013384617,-0.8169001581691793
LOMO,pump,MLP,pump,50,4.0,8,-0.8540302004206378,-0.8124248340403959
LOMO,pump,MLP,pump,55,0.4,6,-4.3902722284270705,-4.6270008707752845
LOMO,pump,MLP,pump,55,0.4,7,-3.949832995721284,-4.155785960973476
LOMO,pump,MLP,pump,55,0.4,8,-3.0827408530708027,-3.7739143793131045
LOMO,pump,MLP,pump,55,0.8,6,-3.7135794609622215,-4.183206157319173
LOMO,pump,MLP,pump,55,0.8,7,-2.887421807594228,-3.708407257932166
LOMO,pump,MLP,pump,55,0.8,8,-2.6371180977430186,-3.2938543691052695
LOMO,pump,MLP,pump,55,1.2,6,-3.473818441503689,-3.7185118342250782
LOMO,pump,MLP,pump,55,1.2,7,-2.660812992344431,-3.205340017327012
LOMO,pump,MLP,pump,55,1.2,8,-1.970449842285022,-2.790867878623599
LOMO,pump,MLP,pump,55,1.6,6,-2.3286318150064176,-3.2160380991327417
LOMO,pump,MLP,pump,55,1.6,7,-1.7967114008048017,-2.735713717375734
LOMO,pump,MLP,pump,55,1.6,8,-1.3763290283174443,-2.310311425673966
LOMO,pump,MLP,pump,55,2.0,6,-2.9753009318745356,-2.7886660306163686
LOMO,pump,MLP,pump,55,2.0,7,-2.2399471257143153,-2.198108925011005
LOMO,pump,MLP,pump,55,2.0,8,-1.4482768240180888,-1.896239246708728
LOMO,pump,MLP,pump,55,2.4,6,-1.7232878018935842,-2.2425197949537434
LOMO,pump,MLP,pump,55,2.4,7,-1.3219088417391536,-1.75685952457201
LOMO,pump,MLP,pump,55,2.4,8,-1.045560655008234,-1.6386915028914386
LOMO,pump,MLP,pump,55,2.8,6,-1.4089075544758851,-1.6714981032145573
LOMO,pump,MLP,pump,55,2.8,7,-1.1074512959554583,-1.367556981000989
LOMO,pump,MLP,pump,55,2.8,8,-0.9293231743372344,-1.3450874914974384
LOMO,pump,MLP,pump,55,3.2,6,-1.1756938443463372,-1.3674741040367495
LOMO,pump,MLP,pump,55,3.2,7,-0.9982316834316167,-1.1536394109235322
LOMO,pump,MLP,pump,55,3.2,8,-0.8468378295141608,-1.1408803697145344
LOMO,pump,MLP,pump,55,3.6,6,-0.8151411284291498,-1.1624900936521585
LOMO,pump,MLP,pump,55,3.6,7,-0.6673959337677035,-0.9945104023157456
LOMO,pump,MLP,pump,55,3.6,8,-0.633844239408137,-0.946686727740724
LOMO,pump,MLP,pump,55,4.0,6,-0.9823282162137721,-0.9731292025352511
LOMO,pump,MLP,pump,55,4.0,7,-0.8341623753098718,-0.8449004262287172
LOMO,pump,MLP,pump,55,4.0,8,-0.732087082506632,-0.787990915235043
